id,client_id,card_brand,card_type,expires,has_chip,num_cards_issued,credit_limit,acct_open_date,year_pin_last_changed,card_on_dark_web
4524,825,Visa,Debit,12/2022,YES,2,$24295,09/2002,2008,No
2731,825,Visa,Debit,12/2020,YES,2,$21968,04/2014,2014,No
3701,825,Visa,Debit,02/2024,YES,2,$46414,07/2003,2004,No
42,825,Visa,Credit,08/2024,NO,1,$12400,01/2003,2012,No
4659,825,Mastercard,Debit (Prepaid),03/2009,YES,1,$28,09/2008,2009,No
4537,1746,Visa,Credit,09/2003,YES,1,$27500,09/2003,2012,No
1278,1746,Visa,Debit,07/2022,YES,2,$28508,02/2011,2011,No
3687,1746,Mastercard,Debit,06/2022,YES,2,$9022,07/2003,2015,No
3465,1746,Mastercard,Debit (Prepaid),11/2020,YES,2,$54,06/2010,2015,No
3754,1746,Mastercard,Debit (Prepaid),02/2023,YES,1,$99,07/2006,2012,No
5144,1718,Mastercard,Debit,03/2022,YES,2,$31599,10/2009,2009,No
2029,1718,Mastercard,Debit,07/2023,NO,2,$27480,03/2002,2008,No
2379,1718,Mastercard,Debit,02/2020,YES,1,$26743,03/2019,2019,No
2732,1718,Visa,Debit,06/2020,YES,1,$31463,04/2014,2014,No
4706,1718,Mastercard,Debit,06/2024,YES,1,$16055,09/2009,2009,No
281,708,Visa,Credit,05/2015,YES,2,$98100,01/2011,2011,No
1106,708,Mastercard,Debit (Prepaid),06/2020,YES,1,$62,02/2007,2007,No
5621,708,Visa,Debit,06/2022,YES,1,$132439,11/2010,2011,No
5165,708,Visa,Debit,06/2020,YES,1,$125723,10/2009,2010,No
5757,1164,Mastercard,Debit,01/2022,YES,1,$34900,12/1999,2012,No
27,68,Visa,Credit,09/2021,YES,2,$9900,01/2002,2019,No
4648,68,Visa,Debit,07/2013,YES,2,$21587,09/2007,2007,No
5435,68,Visa,Credit,11/2022,YES,2,$15800,11/2005,2011,No
3287,1075,Mastercard,Debit,04/2022,YES,1,$29964,06/2005,2014,No
4761,1075,Mastercard,Credit,07/2023,YES,2,$11200,09/2010,2010,No
5286,1075,Mastercard,Debit,12/2021,NO,2,$26753,10/2014,2014,No
744,1711,Visa,Debit,05/2023,NO,2,$17480,01/2020,2020,No
5559,1116,Mastercard,Debit,09/2021,YES,2,$26546,11/2009,2009,No
4905,1116,Mastercard,Debit,01/2021,YES,1,$23253,09/2017,2017,No
79,1116,Visa,Credit,02/2021,YES,1,$16100,01/2005,2014,No
301,1116,Visa,Credit,02/2021,YES,2,$8700,01/2012,2012,No
3115,1116,Mastercard,Debit,01/2019,YES,1,$29333,05/2012,2012,No
3880,1752,Mastercard,Debit,07/2024,YES,2,$9496,07/2009,2012,No
1766,192,Visa,Debit,07/2021,YES,1,$25499,02/2020,2020,No
1767,192,Visa,Debit,02/2020,YES,1,$18641,02/2020,2020,No
745,640,Visa,Debit,05/2023,YES,1,$26019,01/2020,2020,No
1459,1679,Mastercard,Debit,01/2021,YES,1,$25845,02/2020,2020,No
138,1094,Visa,Debit,06/2023,YES,2,$2365,01/2007,2009,No
3755,1094,Mastercard,Debit,06/2023,YES,2,$18684,07/2006,2017,No
1768,1094,Visa,Credit,02/2021,NO,2,$7400,02/2020,2020,No
5924,1590,Mastercard,Debit,12/2024,YES,2,$4147,12/2008,2016,No
6074,1660,Visa,Debit (Prepaid),04/2022,YES,1,$76,12/2012,2012,No
5923,1660,Discover,Credit,01/2009,NO,1,$4700,12/2008,2014,No
4223,1660,Visa,Credit,06/2021,YES,2,$5800,08/2007,2011,No
4455,1660,Mastercard,Debit,03/2024,YES,2,$12082,08/2016,2016,No
3234,1660,Mastercard,Credit,03/2023,NO,2,$6000,06/2002,2010,No
1005,1660,Visa,Debit,11/2009,YES,1,$620,02/2002,2014,No
151,1747,Mastercard,Debit,08/2022,YES,1,$14499,01/2008,2008,No
4198,1747,Mastercard,Debit,07/2023,YES,2,$12332,08/2007,2009,No
4403,1747,Mastercard,Debit,09/2024,YES,1,$18424,08/2013,2013,No
4120,1747,Visa,Credit,07/2023,NO,1,$15400,08/2003,2008,No
4224,1747,Visa,Debit,02/2022,YES,2,$14548,08/2007,2013,No
4895,1747,Mastercard,Credit,12/2016,YES,2,$10100,09/2016,2016,No
1028,153,Discover,Credit,04/2011,YES,1,$11200,02/2004,2008,No
5956,153,Mastercard,Debit,10/2024,YES,2,$20291,12/2009,2011,No
107,153,Visa,Debit,08/2018,YES,1,$32092,01/2006,2010,No
440,153,Mastercard,Debit,02/2020,YES,1,$20463,01/2020,2020,No
746,429,Visa,Debit,08/2022,YES,1,$15802,01/2020,2020,No
1769,429,Visa,Debit,02/2020,NO,2,$4612,02/2020,2020,No
421,429,Discover,Credit,07/2020,YES,2,$19900,01/2020,2020,No
974,511,Mastercard,Debit (Prepaid),10/2020,YES,1,$73,02/2000,2012,No
4707,511,Mastercard,Debit,01/2024,YES,1,$11858,09/2009,2010,No
7,511,Mastercard,Debit,03/2005,YES,1,$9664,01/1998,2011,No
2212,511,Mastercard,Debit,06/2020,YES,1,$8367,03/2009,2009,No
1038,511,Visa,Credit,06/2022,YES,2,$6100,02/2004,2009,No
1460,309,Mastercard,Debit,02/2020,YES,3,$9944,02/2020,2020,No
747,309,Visa,Credit,01/2020,YES,1,$7900,01/2020,2020,No
1770,309,Visa,Credit,12/2020,YES,1,$5600,02/2020,2020,No
748,777,Visa,Debit,08/2023,YES,1,$68400,01/2020,2020,No
441,777,Mastercard,Debit,04/2023,YES,2,$77237,01/2020,2020,No
3679,1946,Visa,Debit,08/2024,YES,2,$4488,07/2002,2015,No
5701,1946,Visa,Credit,02/2020,YES,2,$12500,11/2014,2014,No
4510,1674,Mastercard,Debit,12/2020,YES,2,$23432,09/2001,2008,No
2873,1674,Amex,Credit,05/2022,YES,2,$8800,05/2005,2011,No
1461,482,Mastercard,Credit,02/2020,YES,2,$12100,02/2020,2020,No
442,877,Mastercard,Debit,02/2020,YES,1,$9708,01/2020,2020,No
3877,877,Amex,Credit,11/2021,YES,2,$12000,07/2009,2011,No
2296,877,Mastercard,Debit,11/2023,YES,1,$11973,03/2012,2012,No
5048,128,Mastercard,Debit,02/2022,YES,2,$13601,10/2006,2014,No
1462,128,Mastercard,Credit,01/2024,YES,2,$7800,02/2020,2020,No
4269,775,Visa,Debit,10/2023,YES,2,$17816,08/2008,2016,No
5188,1536,Mastercard,Debit,03/2021,NO,2,$17707,10/2010,2010,No
2874,1536,Amex,Credit,11/2020,YES,1,$9500,05/2005,2009,No
3041,140,Mastercard,Debit,01/2022,YES,1,$19110,05/2010,2011,No
5312,140,Mastercard,Debit,08/2023,YES,1,$13428,10/2016,2016,No
4150,140,Mastercard,Debit,06/2022,YES,1,$24608,08/2005,2009,No
152,140,Mastercard,Debit,09/2022,YES,1,$13441,01/2008,2011,No
443,1884,Mastercard,Debit (Prepaid),02/2020,YES,2,$74,01/2020,2020,No
3377,1874,Mastercard,Debit,10/2012,YES,1,$17872,06/2008,2008,No
5789,1874,Mastercard,Credit,09/2022,YES,1,$12900,12/2003,2010,No
2106,1874,Mastercard,Debit,05/2024,YES,2,$25264,03/2006,2020,No
2078,1874,Mastercard,Debit,12/2022,YES,2,$20634,03/2005,2007,No
5866,1310,Visa,Credit,04/2007,YES,2,$12200,12/2006,2010,No
173,1310,Visa,Credit,02/2010,YES,2,$5500,01/2008,2008,No
1771,1689,Visa,Credit,03/2020,NO,2,$6600,02/2020,2020,No
6132,1689,Mastercard,Debit,11/2020,YES,1,$25815,12/2017,2017,No
327,379,Amex,Credit,06/2021,YES,2,$8400,01/2014,2014,No
2019,379,Mastercard,Debit,02/2020,YES,1,$21628,03/2001,2008,No
3881,379,Mastercard,Debit,10/2021,YES,1,$24232,07/2009,2009,No
1166,34,Mastercard,Debit,11/2023,YES,2,$10775,02/2009,2010,No
3342,34,Mastercard,Debit (Prepaid),02/2020,YES,2,$105,06/2007,2013,No
5622,822,Visa,Credit,01/2021,NO,2,$7100,11/2010,2010,No
5424,822,Mastercard,Debit,07/2024,YES,1,$29351,11/2005,2007,No
2558,822,Mastercard,Debit,03/2020,YES,2,$15125,04/2008,2012,No
5385,822,Mastercard,Credit,11/2021,YES,2,$8000,11/2003,2008,No
5596,822,Mastercard,Debit (Prepaid),05/2011,YES,1,$83,11/2010,2010,No
3991,1499,Amex,Credit,01/2024,YES,2,$23700,07/2012,2012,No
6126,1780,Visa,Credit,02/2024,YES,2,$700,12/2016,2016,No
3756,1806,Mastercard,Debit,07/2024,YES,2,$7488,07/2006,2016,No
971,811,Visa,Credit,01/2002,NO,1,$24900,02/1999,2010,No
2079,811,Mastercard,Debit,06/2021,YES,2,$30971,03/2005,2020,No
387,811,Amex,Credit,01/2024,YES,1,$24400,01/2020,2020,No
444,811,Mastercard,Debit,02/2020,YES,2,$53549,01/2020,2020,No
5277,811,Visa,Debit,09/2018,YES,1,$53036,10/2013,2013,No
4358,811,Mastercard,Debit,12/2024,YES,1,$35750,08/2011,2011,No
2318,811,Visa,Debit,07/2021,YES,1,$33375,03/2013,2013,No
6019,1844,Visa,Debit (Prepaid),07/2023,YES,2,$22,12/2010,2010,No
4421,1844,Discover,Credit,11/2020,YES,1,$13100,08/2014,2014,No
3702,1844,Visa,Debit,10/2024,YES,1,$16516,07/2003,2011,No
2854,1844,Mastercard,Credit,07/2016,YES,1,$15700,05/2004,2011,No
4114,1844,Mastercard,Debit,05/2024,YES,1,$21058,08/2003,2007,No
28,1852,Visa,Debit,10/2023,YES,2,$36425,01/2002,2004,No
6127,1852,Visa,Debit (Prepaid),03/2021,YES,2,$91,12/2016,2016,No
2477,1852,Mastercard,Credit,09/2021,YES,1,$13400,04/2005,2014,No
2632,1852,Mastercard,Credit,04/2021,YES,2,$21600,04/2010,2010,No
1463,1231,Mastercard,Debit,02/2020,NO,1,$9090,02/2020,2020,No
5679,970,Visa,Debit,02/2023,NO,1,$25942,11/2012,2012,No
1012,970,Mastercard,Credit,07/2019,YES,2,$10700,02/2003,2013,No
1464,970,Mastercard,Credit,07/2022,YES,2,$4900,02/2020,2020,No
1465,381,Mastercard,Credit,04/2022,NO,1,$18100,02/2020,2020,No
388,1134,Amex,Credit,03/2024,YES,2,$7200,01/2020,2020,No
3708,1296,Mastercard,Debit,02/2020,YES,2,$22660,07/2004,2007,No
3087,1296,Discover,Credit,12/2022,YES,1,$19800,05/2011,2011,No
67,1296,Mastercard,Credit,11/2024,YES,2,$15500,01/2005,2014,No
80,1296,Visa,Debit (Prepaid),06/2023,YES,1,$13,01/2005,2008,No
3665,1296,Mastercard,Debit,06/2021,YES,2,$4317,07/2001,2011,No
2014,1880,Mastercard,Debit,12/2021,NO,1,$14719,03/2000,2008,No
4906,1880,Mastercard,Debit,05/2021,YES,1,$9532,09/2017,2017,No
3757,1880,Mastercard,Credit,03/2020,YES,1,$10900,07/2006,2014,No
5365,322,Mastercard,Credit,09/2024,YES,2,$6200,11/2001,2012,No
5425,322,Mastercard,Debit,12/2012,YES,2,$2903,11/2005,2011,No
5758,322,Mastercard,Debit,10/2020,YES,2,$4355,12/1999,2010,No
5482,461,Mastercard,Debit,04/2021,YES,1,$28963,11/2007,2012,No
3172,461,Mastercard,Debit,12/2022,YES,2,$20913,05/2016,2016,No
1209,461,Mastercard,Debit,07/2024,YES,1,$23344,02/2010,2010,No
5313,461,Mastercard,Debit,01/2020,YES,2,$33642,10/2016,2016,No
4762,1165,Mastercard,Debit,01/2022,YES,1,$14695,09/2010,2011,No
126,1448,Mastercard,Credit,09/2023,YES,1,$13200,01/2007,2015,No
4685,1448,Visa,Debit,01/2020,YES,1,$29950,09/2008,2013,No
5907,1448,Visa,Credit,07/2024,YES,2,$4600,12/2007,2011,No
2428,1288,Mastercard,Debit,12/2022,YES,1,$10051,04/2002,2011,No
1013,1288,Mastercard,Debit,12/2015,YES,2,$9796,02/2003,2013,No
5145,1178,Mastercard,Debit,10/2021,YES,1,$17826,10/2009,2009,No
5854,1178,Mastercard,Debit,11/2024,YES,1,$19086,12/2006,2009,No
5296,1178,Visa,Debit,06/2024,YES,2,$17345,10/2014,2014,No
1327,1178,Visa,Debit,09/2020,YES,2,$17976,02/2013,2013,No
383,1178,Visa,Debit,01/2022,YES,2,$16447,01/2019,2019,No
5129,1391,Visa,Debit,10/2024,YES,2,$29573,10/2008,2009,No
5995,1391,Mastercard,Debit (Prepaid),12/2021,YES,2,$98,12/2010,2010,No
4107,1391,Mastercard,Debit,08/2019,YES,2,$2559,08/2002,2012,No
36,1391,Mastercard,Debit,10/2012,YES,2,$6552,01/2003,2010,No
445,838,Mastercard,Credit,01/2021,YES,2,$13800,01/2020,2020,No
1466,54,Mastercard,Debit,08/2020,YES,1,$16375,02/2020,2020,No
749,54,Visa,Debit,05/2023,YES,1,$14213,01/2020,2020,No
1772,54,Visa,Debit (Prepaid),09/2020,YES,1,$73,02/2020,2020,No
3801,1452,Mastercard,Debit,11/2022,YES,2,$53466,07/2007,2013,No
282,1602,Visa,Credit,09/2020,YES,1,$6600,01/2011,2013,No
6105,1602,Mastercard,Credit,06/2022,NO,2,$7200,12/2015,2015,No
446,1938,Mastercard,Debit,11/2020,YES,1,$2868,01/2020,2020,No
422,1938,Discover,Credit,05/2024,YES,1,$3400,01/2020,2020,No
5231,1492,Mastercard,Debit,01/2022,YES,1,$12915,10/2011,2013,No
2615,1492,Visa,Debit (Prepaid),12/2023,YES,2,$84,04/2009,2017,No
2776,1492,Discover,Credit,07/2021,YES,2,$17600,04/2018,2018,No
5452,1492,Mastercard,Debit,12/2012,YES,1,$31542,11/2006,2009,No
3563,1492,Mastercard,Debit,02/2022,YES,2,$23049,06/2013,2013,No
6134,1492,Visa,Debit,05/2020,YES,1,$29734,12/2017,2017,No
4818,1492,Visa,Credit,01/2020,YES,2,$27000,09/2011,2016,No
2171,1492,Mastercard,Debit (Prepaid),11/2022,YES,1,$18,03/2008,2010,No
6106,688,Mastercard,Debit,04/2023,YES,1,$17848,12/2015,2015,No
3042,688,Mastercard,Debit,11/2022,NO,1,$25563,05/2010,2010,No
5209,688,Visa,Credit,04/2020,YES,2,$12000,10/2010,2010,No
1296,688,Amex,Credit,11/2018,NO,2,$6600,02/2012,2012,No
389,749,Amex,Credit,09/2023,NO,1,$5600,01/2020,2020,No
1773,749,Visa,Debit,11/2022,YES,3,$11873,02/2020,2020,No
1467,749,Mastercard,Credit,02/2020,YES,1,$7200,02/2020,2020,No
1395,643,Amex,Credit,08/2024,YES,1,$10000,02/2020,2020,No
5597,643,Mastercard,Credit,04/2023,YES,2,$500,11/2010,2010,No
1468,1219,Mastercard,Debit,02/2020,YES,1,$22697,02/2020,2020,No
2309,1219,Mastercard,Credit,08/2023,YES,1,$18000,03/2013,2013,No
3466,1219,Mastercard,Debit,10/2024,YES,1,$32903,06/2010,2010,No
2804,1198,Visa,Debit,08/2021,YES,2,$12764,05/1999,2010,No
1388,1198,Mastercard,Credit,10/2022,YES,1,$6300,02/2019,2019,No
4660,898,Mastercard,Debit,02/2022,YES,2,$7541,09/2008,2013,No
3356,898,Visa,Debit,03/2022,YES,2,$1266,06/2007,2012,No
4870,898,Mastercard,Credit,04/2020,NO,1,$9500,09/2014,2014,No
3467,882,Mastercard,Debit,04/2020,YES,2,$1837,06/2010,2010,No
1079,882,Mastercard,Debit,08/2023,YES,2,$17453,02/2006,2008,No
2977,348,Visa,Debit,10/2013,NO,1,$28283,05/2008,2012,No
3073,348,Visa,Credit,04/2020,YES,1,$13500,05/2010,2012,No
3554,348,Visa,Credit,07/2014,YES,2,$13300,06/2012,2012,No
2597,633,Mastercard,Debit,09/2021,YES,2,$17941,04/2009,2009,No
3489,1493,Visa,Credit,04/2018,YES,1,$14400,06/2010,2012,No
4003,1493,Visa,Credit,04/2020,YES,1,$4400,07/2012,2012,No
1469,1493,Mastercard,Credit,03/2020,YES,1,$13000,02/2020,2020,No
1774,1493,Visa,Debit,04/2023,YES,2,$22701,02/2020,2020,No
1470,1161,Mastercard,Credit,08/2024,NO,1,$16100,02/2020,2020,No
1471,1161,Mastercard,Debit,09/2023,YES,2,$7629,02/2020,2020,No
2691,217,Mastercard,Debit,03/2022,NO,1,$16538,04/2012,2012,No
174,217,Visa,Debit,12/2020,YES,2,$22746,01/2008,2010,No
1364,217,Mastercard,Debit,07/2016,YES,1,$9737,02/2016,2016,No
1266,217,Mastercard,Credit,07/2019,YES,1,$6500,02/2011,2014,No
1267,217,Mastercard,Debit,06/2020,YES,2,$2650,02/2011,2013,No
207,217,Visa,Credit,05/2012,YES,2,$8200,01/2009,2011,No
5448,217,Amex,Credit,01/2022,YES,2,$6200,11/2006,2013,No
5449,1877,Amex,Credit,01/2021,YES,2,$22600,11/2006,2014,No
2107,1877,Mastercard,Debit,05/2024,YES,2,$6940,03/2006,2009,No
2398,1877,Mastercard,Debit,03/2024,YES,2,$23408,04/1996,2008,No
5414,1877,Visa,Credit,09/2022,YES,2,$9700,11/2004,2007,No
3758,668,Mastercard,Debit,06/2024,NO,2,$10538,07/2006,2006,No
4097,668,Mastercard,Debit,03/2023,YES,2,$6853,08/2001,2006,No
5778,668,Mastercard,Debit,10/2020,YES,2,$607,12/2002,2010,No
4318,668,Mastercard,Credit,08/2021,YES,1,$0,08/2010,2010,No
5015,668,Visa,Debit,06/2021,YES,2,$8253,10/2004,2011,No
750,533,Visa,Debit,09/2020,YES,2,$8492,01/2020,2020,No
242,203,Visa,Credit,07/2022,YES,1,$9100,01/2010,2010,No
3966,203,Mastercard,Credit,04/2022,NO,2,$2600,07/2011,2011,No
5375,203,Mastercard,Credit,05/2024,NO,1,$7300,11/2002,2010,No
5166,1738,Visa,Credit,08/2020,YES,1,$15000,10/2009,2009,No
1472,1738,Mastercard,Credit,04/2024,YES,2,$18700,02/2020,2020,No
751,1738,Visa,Debit,05/2021,YES,1,$21458,01/2020,2020,No
5623,1738,Visa,Credit,04/2020,NO,1,$15700,11/2010,2014,No
6099,713,Mastercard,Debit,01/2020,YES,2,$20765,12/2014,2014,No
1473,713,Mastercard,Debit,06/2022,NO,2,$18101,02/2020,2020,No
1775,713,Visa,Credit,11/2024,YES,1,$8400,02/2020,2020,No
447,713,Mastercard,Debit,03/2020,YES,1,$1737,01/2020,2020,No
1474,1631,Mastercard,Credit,02/2020,YES,2,$20900,02/2020,2020,No
1776,1631,Visa,Credit,11/2021,YES,1,$23700,02/2020,2020,No
448,1631,Mastercard,Credit,11/2021,YES,1,$17500,01/2020,2020,No
5978,1487,Visa,Debit,06/2024,YES,1,$26083,12/2009,2009,No
2978,1487,Visa,Debit,10/2022,YES,1,$31589,05/2008,2008,No
4946,1487,Visa,Credit,06/2021,YES,2,$24200,10/2000,2013,No
1475,1265,Mastercard,Debit,02/2020,YES,2,$18321,02/2020,2020,No
5376,370,Mastercard,Debit,10/2022,YES,2,$7551,11/2002,2010,No
4127,370,Mastercard,Debit,06/2014,YES,1,$15377,08/2004,2011,No
5093,370,Visa,Debit,03/2023,YES,1,$12990,10/2007,2016,No
3490,370,Visa,Debit,02/2023,YES,1,$8509,06/2010,2010,No
5702,1014,Visa,Debit,11/2014,YES,1,$96907,11/2014,2014,No
2200,1014,Visa,Credit,07/2015,YES,1,$43900,03/2008,2013,No
5436,1014,Visa,Debit (Prepaid),10/2020,YES,2,$76,11/2005,2007,No
449,290,Mastercard,Debit,01/2020,YES,2,$50915,01/2020,2020,No
1777,290,Visa,Debit,12/2021,YES,2,$31767,02/2020,2020,No
3862,985,Visa,Credit,04/2024,YES,2,$13200,07/2008,2010,No
1268,985,Mastercard,Credit,10/2022,YES,2,$16000,02/2011,2012,No
752,985,Visa,Debit,07/2024,YES,2,$18132,01/2020,2020,No
2704,985,Visa,Credit,02/2019,YES,1,$300,04/2012,2012,No
2808,135,Mastercard,Debit,11/2022,YES,2,$2236,05/2000,2015,No
4791,135,Visa,Debit,08/2019,YES,2,$21591,09/2010,2010,No
1476,307,Mastercard,Debit,04/2020,YES,2,$11521,02/2020,2020,No
753,307,Visa,Credit,06/2020,NO,1,$8600,01/2020,2020,No
4112,1783,Amex,Credit,03/2020,YES,1,$9800,08/2003,2010,No
1154,1783,Visa,Credit,03/2012,YES,2,$11300,02/2008,2009,No
2598,1783,Mastercard,Credit,10/2019,YES,1,$8400,04/2009,2011,No
10,1783,Mastercard,Debit,12/2023,YES,1,$16597,01/1999,2009,No
4655,1783,Amex,Credit,09/2020,YES,2,$9400,09/2008,2008,No
5908,1321,Visa,Debit,12/2008,YES,1,$18702,12/2007,2007,No
3357,1511,Visa,Debit,06/2022,YES,1,$24806,06/2007,2007,No
5502,1511,Visa,Debit,05/2023,YES,1,$19856,11/2007,2011,No
1238,900,Visa,Debit (Prepaid),02/2021,YES,2,$68,02/2010,2010,No
3412,900,Amex,Credit,12/2022,YES,2,$4900,06/2009,2009,No
1477,953,Mastercard,Debit,02/2022,YES,1,$13390,02/2020,2020,No
1396,953,Amex,Credit,11/2024,YES,3,$8400,02/2020,2020,No
1297,233,Amex,Credit,03/2024,YES,2,$13700,02/2012,2012,No
3605,406,Discover,Credit,11/2024,YES,2,$4200,06/2016,2016,No
5167,1069,Visa,Debit,08/2020,YES,2,$2292,10/2009,2015,No
3922,1069,Amex,Credit,03/2021,YES,1,$8800,07/2010,2010,No
5453,180,Mastercard,Credit,03/2023,NO,2,$7600,11/2006,2009,No
2888,180,Visa,Credit,11/2021,YES,2,$6200,05/2005,2018,No
3208,996,Mastercard,Credit,07/2023,YES,1,$12900,06/1999,2011,No
4661,996,Mastercard,Debit,06/2022,YES,2,$18820,09/2008,2015,No
3277,996,Visa,Debit,07/2005,YES,2,$16167,06/2004,2009,No
1107,996,Mastercard,Credit,06/2023,YES,2,$4200,02/2007,2011,No
3310,996,Mastercard,Debit,08/2024,YES,2,$18861,06/2006,2011,No
1279,996,Visa,Debit,02/2020,NO,1,$27231,02/2011,2011,No
1778,1866,Visa,Debit,12/2024,YES,1,$24390,02/2020,2020,No
1478,1866,Mastercard,Debit,02/2023,YES,1,$3106,02/2020,2020,No
2108,1981,Mastercard,Debit,07/2020,YES,2,$13595,03/2006,2010,No
5143,1981,Discover,Credit,11/2009,NO,2,$12300,10/2009,2009,No
4151,1981,Mastercard,Credit,02/2019,YES,2,$12300,08/2005,2009,No
3606,1981,Mastercard,Debit,04/2021,YES,1,$20743,06/2016,2016,No
3248,1981,Mastercard,Debit,08/2021,YES,2,$17706,06/2003,2010,No
2996,1981,Mastercard,Debit,08/2022,YES,2,$20962,05/2009,2009,No
4,1981,Mastercard,Debit,03/2024,YES,2,$19439,01/1997,2007,No
3257,870,Visa,Debit,03/2022,NO,1,$30160,06/2003,2017,No
3626,870,Amex,Credit,06/2022,YES,2,$0,06/2018,2018,No
1039,870,Visa,Debit,11/2012,NO,1,$28937,02/2004,2008,No
2080,16,Mastercard,Debit (Prepaid),05/2020,NO,2,$22,03/2005,2011,No
49,16,Mastercard,Debit,08/2015,YES,2,$1575,01/2004,2005,No
4964,16,Mastercard,Debit,12/2020,YES,2,$7562,10/2002,2011,No
4093,16,Mastercard,Debit,05/2024,YES,2,$17211,08/1999,2013,No
2979,16,Visa,Credit,06/2010,NO,2,$9500,05/2008,2010,No
3513,46,Mastercard,Debit,11/2022,YES,2,$24191,06/2011,2011,No
3732,46,Mastercard,Debit (Prepaid),03/2023,YES,2,$68,07/2005,2006,No
2925,46,Mastercard,Debit,02/2020,YES,2,$8037,05/2007,2010,No
1167,46,Mastercard,Debit (Prepaid),02/2018,YES,2,$97,02/2009,2015,No
450,800,Mastercard,Debit,05/2021,YES,1,$15555,01/2020,2020,No
2759,800,Mastercard,Debit,05/2016,YES,1,$18242,04/2016,2016,No
1779,800,Visa,Debit (Prepaid),12/2021,YES,2,$62,02/2020,2020,No
754,800,Visa,Debit,12/2022,NO,1,$16715,01/2020,2020,No
1479,1968,Mastercard,Debit (Prepaid),02/2020,YES,1,$46,02/2020,2020,No
1298,697,Mastercard,Debit,04/2021,YES,2,$20195,02/2012,2012,No
3640,697,Mastercard,Debit,07/2019,YES,2,$39818,06/2019,2019,No
3074,697,Visa,Debit,09/2018,YES,2,$33736,05/2010,2010,No
4239,1269,Mastercard,Debit,11/2011,YES,2,$17850,08/2008,2008,No
4147,1269,Amex,Credit,02/2021,YES,2,$11300,08/2005,2008,No
3075,1782,Visa,Debit,09/2015,NO,2,$1981,05/2010,2014,No
4289,1782,Mastercard,Debit,07/2024,YES,1,$15695,08/2009,2010,No
2172,1782,Mastercard,Debit,06/2014,YES,2,$23475,03/2008,2011,No
5366,1977,Mastercard,Credit,06/2017,YES,1,$12900,11/2001,2011,No
2673,1977,Mastercard,Debit (Prepaid),02/2021,YES,1,$91,04/2011,2011,No
965,1977,Mastercard,Debit,10/2022,YES,2,$15341,02/1999,2014,No
4763,1734,Mastercard,Debit,06/2015,YES,2,$42116,09/2010,2011,No
451,1734,Mastercard,Debit,01/2020,NO,2,$39312,01/2020,2020,No
3300,1913,Visa,Debit,04/2008,NO,2,$21370,06/2005,2010,No
5226,1913,Amex,Credit,12/2022,YES,2,$16700,10/2011,2011,No
5477,1913,Amex,Credit,10/2024,YES,1,$17800,11/2007,2011,No
5877,1913,Mastercard,Credit,11/2020,YES,2,$16200,12/2007,2011,No
3084,1913,Amex,Credit,12/2020,YES,1,$17700,05/2011,2013,No
13,858,Mastercard,Credit,03/2021,YES,1,$14600,01/2000,2012,No
4735,858,Visa,Credit,07/2024,YES,2,$10700,09/2009,2011,No
2633,858,Mastercard,Debit (Prepaid),07/2023,YES,1,$89,04/2010,2010,No
4173,606,Mastercard,Debit,09/2006,YES,3,$11398,08/2006,2013,No
5925,1564,Mastercard,Credit,12/2023,YES,2,$8200,12/2008,2010,No
4240,1564,Mastercard,Credit,06/2021,YES,1,$6100,08/2008,2008,No
3514,1564,Mastercard,Debit,07/2024,YES,1,$15820,06/2011,2011,No
1480,1109,Mastercard,Debit,08/2023,YES,2,$9774,02/2020,2020,No
3136,1301,Visa,Debit,09/2023,YES,1,$22833,05/2013,2013,No
755,1301,Visa,Debit,11/2022,YES,1,$48502,01/2020,2020,No
2787,1301,Visa,Debit,07/2022,YES,2,$34888,04/2019,2019,No
4435,1301,Visa,Debit,08/2019,NO,1,$29503,08/2014,2014,No
378,1301,Mastercard,Debit,08/2021,YES,2,$19570,01/2019,2019,No
3189,1301,Mastercard,Debit,12/2023,YES,1,$22297,05/2017,2017,No
3595,1301,Visa,Debit,09/2023,YES,1,$20031,06/2015,2015,No
1481,1301,Mastercard,Debit,02/2020,YES,2,$30323,02/2020,2020,No
390,1301,Amex,Credit,04/2024,YES,1,$19000,01/2020,2020,No
4065,1399,Mastercard,Debit,02/2020,YES,1,$18162,07/2018,2018,No
756,1399,Visa,Debit (Prepaid),12/2020,YES,1,$54,01/2020,2020,No
1482,1399,Mastercard,Credit,08/2022,YES,1,$8700,02/2020,2020,No
452,1399,Mastercard,Debit,05/2021,YES,1,$14295,01/2020,2020,No
5743,1775,Visa,Debit,11/2024,NO,1,$17620,11/2019,2019,No
344,1775,Mastercard,Debit,02/2020,YES,2,$17201,01/2015,2015,No
423,1775,Discover,Credit,08/2021,YES,1,$8300,01/2020,2020,No
5542,1673,Visa,Debit,08/2023,YES,2,$17853,11/2008,2011,No
2777,1673,Mastercard,Debit,12/2024,YES,1,$10794,04/2018,2018,No
5598,1673,Mastercard,Debit,12/2019,YES,1,$15832,11/2010,2011,No
3759,1957,Mastercard,Debit (Prepaid),10/2006,YES,1,$26,07/2006,2019,No
5483,1957,Mastercard,Credit,05/2013,YES,2,$16300,11/2007,2009,No
453,1033,Mastercard,Debit,10/2024,YES,2,$14836,01/2020,2020,No
454,1033,Mastercard,Debit,07/2024,YES,2,$13972,01/2020,2020,No
3564,1024,Mastercard,Debit,06/2024,YES,1,$33103,06/2013,2013,No
4241,1024,Mastercard,Debit,09/2023,YES,1,$20847,08/2008,2010,No
5268,1024,Mastercard,Debit,11/2013,YES,1,$31807,10/2013,2013,No
1006,1024,Visa,Credit,03/2024,YES,1,$16100,02/2002,2014,No
2825,1441,Mastercard,Debit,07/2021,YES,1,$28894,05/2002,2011,No
1007,1441,Visa,Debit (Prepaid),03/2002,YES,1,$61,02/2002,2009,No
4792,1441,Visa,Credit,02/2023,YES,1,$12500,09/2010,2012,No
2599,1103,Mastercard,Debit,06/2023,YES,2,$15409,04/2009,2010,No
4984,1103,Mastercard,Credit,08/2023,YES,1,$5300,10/2003,2012,No
2895,1103,Mastercard,Debit,12/2016,YES,1,$13469,05/2006,2009,No
455,431,Mastercard,Debit,05/2020,YES,1,$16524,01/2020,2020,No
456,431,Mastercard,Debit,01/2020,NO,1,$29526,01/2020,2020,No
1483,431,Mastercard,Debit,07/2023,YES,1,$16407,02/2020,2020,No
3378,165,Mastercard,Debit (Prepaid),04/2023,YES,2,$61,06/2008,2015,No
5146,165,Mastercard,Debit,11/2020,YES,2,$40628,10/2009,2014,No
2559,165,Mastercard,Debit,08/2010,YES,2,$24980,04/2008,2014,No
1484,353,Mastercard,Debit,05/2020,YES,1,$10290,02/2020,2020,No
5328,353,Mastercard,Debit (Prepaid),01/2023,YES,1,$84,10/2018,2018,No
2154,1758,Visa,Debit,12/2018,YES,1,$13725,03/2007,2014,No
4686,1758,Visa,Debit,12/2024,YES,2,$8278,09/2008,2010,No
3440,1758,Visa,Debit,09/2020,YES,2,$13514,06/2009,2018,No
2674,1758,Mastercard,Credit,11/2024,YES,1,$3800,04/2011,2011,No
2478,1266,Mastercard,Debit,10/2024,YES,2,$15119,04/2005,2011,No
457,1943,Mastercard,Debit (Prepaid),01/2021,YES,1,$81,01/2020,2020,No
458,1943,Mastercard,Debit,02/2020,YES,1,$34183,01/2020,2020,No
757,1943,Visa,Credit,07/2022,YES,1,$22200,01/2020,2020,No
1485,792,Mastercard,Debit,02/2022,YES,1,$15117,02/2020,2020,No
3491,792,Visa,Debit (Prepaid),04/2020,YES,2,$81,06/2010,2010,No
3249,1055,Mastercard,Debit,05/2023,YES,2,$1543,06/2003,2009,No
459,1159,Mastercard,Debit,09/2024,YES,1,$22821,01/2020,2020,No
1780,1159,Visa,Credit,01/2023,YES,1,$13200,02/2020,2020,No
460,1159,Mastercard,Debit,08/2024,YES,1,$16330,01/2020,2020,No
758,1159,Visa,Debit (Prepaid),01/2020,NO,2,$39,01/2020,2020,No
5484,1115,Mastercard,Credit,11/2007,YES,2,$6400,11/2007,2011,No
2809,1115,Visa,Credit,05/2000,YES,1,$3500,05/2000,2007,No
6138,1115,Visa,Debit,04/2023,YES,1,$12606,12/2018,2018,No
374,1115,Visa,Debit,02/2023,YES,1,$9921,01/2018,2018,No
4225,1115,Visa,Debit (Prepaid),05/2022,YES,2,$96,08/2007,2009,No
1014,1115,Mastercard,Debit,12/2024,YES,1,$18964,02/2003,2009,No
2526,38,Mastercard,Debit,01/2024,YES,2,$3711,04/2007,2013,No
1352,1027,Mastercard,Debit,03/2023,NO,1,$35279,02/2015,2015,No
5543,1027,Visa,Credit,07/2020,YES,2,$13800,11/2008,2015,No
3671,1027,Mastercard,Debit,02/2022,YES,2,$24215,07/2002,2007,No
5503,11,Visa,Credit,09/2024,YES,1,$19400,11/2007,2010,No
2096,11,Visa,Debit (Prepaid),06/2020,YES,2,$30,03/2005,2014,No
243,11,Visa,Debit,03/2024,YES,2,$17208,01/2010,2016,No
18,11,Mastercard,Credit,11/2004,YES,2,$18300,01/2001,2011,No
1336,11,Mastercard,Debit,09/2021,YES,1,$51012,02/2014,2014,No
189,11,Amex,Credit,02/2019,YES,1,$15000,01/2009,2011,No
2910,871,Visa,Credit,04/2018,YES,1,$7600,05/2006,2009,No
2081,871,Mastercard,Debit,11/2023,YES,2,$8052,03/2005,2012,No
2082,871,Mastercard,Credit,07/2024,YES,1,$8600,03/2005,2007,No
5336,871,Mastercard,Debit,08/2020,YES,2,$20128,10/2019,2019,No
3831,871,Amex,Credit,03/2023,YES,1,$9000,07/2008,2013,No
5645,871,Mastercard,Debit (Prepaid),10/2020,YES,2,$91,11/2011,2012,No
958,746,Amex,Credit,12/2024,YES,1,$6800,02/1996,2009,No
3043,746,Mastercard,Debit (Prepaid),07/2011,YES,1,$93,05/2010,2010,No
2319,746,Visa,Credit,01/2016,YES,2,$9800,03/2013,2013,No
3492,746,Visa,Credit,01/2021,YES,2,$6700,06/2010,2011,No
108,1520,Visa,Credit,05/2023,YES,1,$9800,01/2006,2015,No
3329,1520,Visa,Debit,01/2018,YES,2,$24544,06/2006,2013,No
2956,1520,Mastercard,Debit,05/2023,YES,1,$22639,05/2008,2010,No
4033,1520,Discover,Credit,11/2023,YES,1,$1100,07/2015,2015,No
2715,1520,Mastercard,Debit (Prepaid),05/2016,YES,1,$86,04/2013,2013,No
2655,1372,Visa,Debit,08/2020,YES,2,$2330,04/2010,2011,No
1781,1372,Visa,Credit,08/2020,YES,2,$5900,02/2020,2020,No
5909,1799,Visa,Debit,02/2020,YES,2,$47372,12/2007,2008,No
3076,1799,Visa,Debit,07/2022,NO,2,$28127,05/2010,2010,No
4595,1799,Mastercard,Debit (Prepaid),03/2010,YES,1,$28,09/2006,2006,No
1782,1799,Visa,Debit,03/2024,YES,2,$62081,02/2020,2020,No
4806,1905,Amex,Credit,11/2022,YES,1,$5800,09/2011,2011,No
3902,1905,Visa,Credit,07/2016,YES,1,$6700,07/2009,2009,No
2127,1905,Visa,Credit,02/2015,YES,1,$6700,03/2006,2012,No
5807,1905,Mastercard,Debit,07/2022,YES,2,$1424,12/2004,2012,No
1486,130,Mastercard,Debit (Prepaid),07/2024,NO,1,$58,02/2020,2020,No
3785,130,Visa,Credit,05/2009,YES,2,$19400,07/2006,2008,No
6020,130,Visa,Debit,05/2012,YES,2,$4052,12/2010,2013,No
2468,130,Visa,Credit,05/2010,YES,2,$9300,04/2004,2010,No
1783,1990,Visa,Credit,05/2022,YES,1,$9600,02/2020,2020,No
1487,1990,Mastercard,Debit,02/2020,YES,1,$16923,02/2020,2020,No
461,593,Mastercard,Credit,02/2020,YES,1,$7700,01/2020,2020,No
1488,540,Mastercard,Debit,07/2022,YES,2,$146,02/2020,2020,No
2997,1155,Mastercard,Debit,03/2023,NO,1,$12091,05/2009,2009,No
4596,1155,Mastercard,Debit,11/2006,YES,2,$11157,09/2006,2011,No
5784,1155,Visa,Credit,07/2010,YES,2,$7100,12/2002,2012,No
4319,1155,Mastercard,Debit,01/2012,YES,1,$7612,08/2010,2011,No
1328,1155,Visa,Credit,12/2021,YES,2,$6100,02/2013,2013,No
5941,663,Visa,Debit,07/2023,YES,2,$27706,12/2008,2008,No
2173,663,Mastercard,Debit (Prepaid),04/2009,NO,2,$45,03/2008,2009,No
975,663,Mastercard,Debit,05/2021,NO,2,$2046,02/2000,2008,No
4831,663,Mastercard,Credit,10/2024,YES,1,$17400,09/2012,2012,No
5926,663,Mastercard,Debit,05/2020,YES,1,$26231,12/2008,2008,No
3358,1987,Visa,Credit,02/2009,YES,2,$18300,06/2007,2010,No
3668,1987,Visa,Credit,05/2016,YES,2,$13900,07/2001,2014,No
3209,1484,Mastercard,Credit,08/2022,YES,2,$17200,06/1999,2013,No
5058,1484,Visa,Debit,06/2023,YES,2,$14217,10/2006,2012,No
2527,1484,Mastercard,Debit,03/2024,YES,2,$39533,04/2007,2016,No
4242,1484,Mastercard,Debit,04/2023,YES,2,$3141,08/2008,2013,No
2733,1484,Visa,Credit,11/2022,YES,2,$12800,04/2014,2014,No
4764,1484,Mastercard,Debit,01/2020,NO,1,$38342,09/2010,2010,No
462,417,Mastercard,Credit,01/2020,YES,1,$3000,01/2020,2020,No
1784,298,Visa,Debit,12/2020,NO,1,$16486,02/2020,2020,No
463,306,Mastercard,Debit,05/2024,YES,2,$28868,01/2020,2020,No
464,306,Mastercard,Debit,02/2021,YES,1,$51836,01/2020,2020,No
1785,607,Visa,Credit,09/2021,YES,2,$8900,02/2020,2020,No
1489,607,Mastercard,Credit,02/2020,YES,1,$9900,02/2020,2020,No
759,607,Visa,Debit,02/2020,YES,1,$22935,01/2020,2020,No
1786,607,Visa,Credit,10/2023,YES,2,$7900,02/2020,2020,No
6100,607,Mastercard,Debit,02/2020,YES,1,$17336,12/2014,2014,No
3981,1769,Visa,Debit,03/2021,YES,2,$20206,07/2011,2011,No
375,1769,Visa,Credit,10/2023,YES,2,$9900,01/2018,2018,No
295,1769,Mastercard,Debit (Prepaid),11/2021,NO,1,$78,01/2012,2012,No
5599,1769,Mastercard,Debit,05/2023,YES,1,$17335,11/2010,2010,No
43,1769,Visa,Credit,06/2024,YES,1,$9700,01/2003,2020,No
5820,698,Visa,Debit,06/2021,NO,2,$25048,12/2004,2010,No
2332,698,Visa,Debit,12/2014,YES,1,$25214,03/2014,2014,No
1490,698,Mastercard,Debit,04/2023,YES,1,$33580,02/2020,2020,No
2286,896,Visa,Debit,04/2013,NO,2,$1952,03/2011,2011,No
3882,1975,Mastercard,Debit,05/2023,YES,1,$18491,07/2009,2011,No
4336,1975,Visa,Credit,02/2013,YES,1,$9800,08/2010,2014,No
5957,1975,Mastercard,Credit,12/2021,YES,1,$0,12/2009,2010,No
267,645,Mastercard,Debit,09/2023,YES,1,$5857,01/2011,2012,No
5094,645,Visa,Debit,06/2020,YES,2,$10366,10/2007,2014,No
2469,645,Visa,Debit,01/2024,YES,1,$10161,04/2004,2008,No
68,645,Mastercard,Debit,04/2021,YES,2,$9297,01/2005,2012,No
3703,645,Visa,Debit,09/2021,YES,1,$12434,07/2003,2012,No
5600,227,Mastercard,Debit,04/2020,YES,2,$29973,11/2010,2010,No
4886,227,Visa,Debit,02/2020,YES,2,$25330,09/2015,2015,No
2512,227,Visa,Debit,04/2020,YES,2,$52609,04/2006,2010,No
5867,227,Visa,Credit,10/2020,YES,1,$25200,12/2006,2016,No
5750,84,Visa,Debit,11/2022,YES,1,$11832,12/1996,2007,No
2580,84,Visa,Credit,08/2016,YES,1,$5400,04/2008,2013,No
3417,84,Mastercard,Debit,01/2024,NO,1,$3384,06/2009,2009,No
3543,1684,Mastercard,Debit,04/2014,YES,1,$13756,06/2012,2012,No
94,1684,Mastercard,Debit,06/2022,YES,1,$9263,01/2006,2010,No
2723,1684,Mastercard,Debit,12/2024,YES,1,$16899,04/2014,2014,No
3278,1684,Visa,Credit,01/2022,YES,1,$5700,06/2004,2012,No
2140,1684,Mastercard,Debit (Prepaid),05/2021,YES,1,$46,03/2007,2012,No
1491,745,Mastercard,Credit,01/2024,YES,2,$11400,02/2020,2020,No
5646,1508,Mastercard,Debit (Prepaid),08/2022,YES,1,$95,11/2011,2011,No
1108,1508,Mastercard,Credit,06/2023,YES,2,$10700,02/2007,2015,No
3508,1508,Amex,Credit,02/2024,YES,1,$8700,06/2011,2011,No
3279,1508,Visa,Debit,01/2022,YES,2,$12150,06/2004,2008,No
3617,1158,Discover,Credit,03/2019,YES,1,$7800,06/2017,2017,No
1329,1158,Visa,Debit,10/2013,NO,1,$13761,02/2013,2013,No
3946,1427,Visa,Debit,06/2020,YES,2,$45377,07/2010,2011,No
465,352,Mastercard,Debit,01/2020,YES,1,$18091,01/2020,2020,No
466,352,Mastercard,Debit,12/2022,YES,1,$14514,01/2020,2020,No
1492,1948,Mastercard,Credit,03/2022,YES,1,$15900,02/2020,2020,No
760,1948,Visa,Credit,12/2020,YES,1,$13000,01/2020,2020,No
761,1948,Visa,Debit,09/2021,YES,2,$17905,01/2020,2020,No
5624,724,Visa,Credit,07/2022,YES,2,$7000,11/2010,2011,No
2656,724,Visa,Credit,07/2020,YES,3,$7100,04/2010,2010,No
2876,724,Mastercard,Debit,06/2024,YES,2,$16476,05/2005,2008,No
5868,724,Visa,Credit,10/2009,NO,2,$7200,12/2006,2011,No
5996,543,Mastercard,Credit,10/2017,YES,1,$11800,12/2010,2011,No
4320,543,Mastercard,Debit,12/2018,YES,2,$6832,08/2010,2015,No
4708,543,Mastercard,Debit,12/2023,YES,2,$6222,09/2009,2009,No
2920,1559,Amex,Credit,03/2024,YES,1,$13300,05/2007,2015,No
5797,1559,Visa,Debit,08/2023,YES,2,$2942,12/2003,2014,No
3301,1559,Visa,Debit,12/2022,YES,2,$33539,06/2005,2018,No
1787,1199,Visa,Credit,04/2023,YES,2,$14000,02/2020,2020,No
762,1199,Visa,Debit,06/2024,YES,1,$20160,01/2020,2020,No
467,1745,Mastercard,Debit,03/2022,YES,1,$35466,01/2020,2020,No
1788,1745,Visa,Debit,02/2020,YES,2,$24677,02/2020,2020,No
1789,1745,Visa,Debit,02/2020,YES,1,$16520,02/2020,2020,No
5028,1950,Visa,Debit,04/2008,YES,2,$6708,10/2005,2013,No
328,1950,Mastercard,Credit,10/2022,YES,1,$1200,01/2014,2014,No
4374,1950,Visa,Debit,06/2022,YES,1,$10903,08/2011,2011,No
1312,1950,Mastercard,Debit,10/2021,YES,1,$6710,02/2013,2013,No
5730,1950,Mastercard,Debit,05/2024,YES,2,$10841,11/2017,2017,No
763,1397,Visa,Debit (Prepaid),11/2024,YES,1,$40,01/2020,2020,No
2957,1397,Mastercard,Debit,05/2023,YES,2,$29340,05/2008,2010,No
3627,1397,Amex,Credit,06/2020,YES,2,$13600,06/2018,2018,No
3044,1397,Mastercard,Credit,09/2022,YES,2,$7700,05/2010,2010,No
5401,873,Mastercard,Debit,11/2021,YES,1,$18803,11/2004,2008,No
3205,873,Mastercard,Debit,10/2022,YES,2,$28405,06/1998,2008,No
1269,873,Mastercard,Debit,04/2011,YES,1,$15521,02/2011,2011,No
20,1728,Visa,Credit,06/2021,YES,1,$3800,01/2001,2003,No
3493,1728,Visa,Credit,10/2022,YES,2,$10900,06/2010,2013,No
153,1728,Mastercard,Debit,03/2023,YES,2,$1930,01/2008,2015,No
4422,1728,Discover,Credit,03/2024,YES,2,$13900,08/2014,2014,No
223,299,Mastercard,Debit,03/2024,YES,1,$5575,01/2010,2010,No
2756,299,Amex,Credit,05/2023,NO,2,$8300,04/2016,2016,No
208,299,Visa,Debit,05/2020,YES,1,$13009,01/2009,2009,No
468,299,Mastercard,Debit,12/2024,YES,2,$12029,01/2020,2020,No
764,299,Visa,Credit,08/2022,YES,1,$6100,01/2020,2020,No
4414,1742,Visa,Debit,10/2022,YES,1,$24123,08/2013,2013,No
1155,1742,Visa,Credit,03/2015,YES,1,$14700,02/2008,2010,No
5869,1742,Visa,Debit (Prepaid),02/2020,YES,2,$12,12/2006,2013,No
4559,1742,Visa,Debit,07/2020,YES,1,$11737,09/2004,2009,No
2005,1004,Visa,Debit,01/2024,YES,1,$14366,03/1997,2008,No
345,1004,Mastercard,Debit,08/2015,YES,1,$17272,01/2015,2015,No
3672,1004,Mastercard,Debit,11/2023,YES,2,$13605,07/2002,2009,No
3742,301,Visa,Credit,05/2023,YES,1,$21000,07/2005,2009,No
1493,1011,Mastercard,Debit,05/2024,YES,2,$21470,02/2020,2020,No
4915,906,Visa,Debit,12/2017,YES,1,$26850,09/2017,2017,No
1190,906,Visa,Credit,09/2024,YES,2,$10400,02/2009,2010,No
5095,906,Visa,Credit,07/2008,YES,2,$8000,10/2007,2011,No
2409,906,Visa,Credit,01/2020,YES,2,$13000,04/2000,2010,No
3760,906,Mastercard,Debit,03/2020,YES,1,$5840,07/2006,2009,No
2174,906,Mastercard,Debit (Prepaid),02/2012,YES,2,$68,03/2008,2012,No
4756,110,Amex,Credit,10/2022,YES,1,$16000,09/2010,2016,No
3240,110,Visa,Debit,03/2008,NO,1,$32223,06/2002,2005,No
5189,110,Mastercard,Debit,01/2022,YES,2,$13323,10/2010,2010,No
4103,110,Visa,Debit,07/2021,YES,2,$576,08/2001,2011,No
2547,1073,Visa,Debit,09/2024,YES,1,$25977,04/2007,2009,No
4436,1073,Visa,Debit (Prepaid),03/2016,YES,1,$84,08/2014,2014,No
4597,705,Mastercard,Debit (Prepaid),10/2021,YES,2,$23,09/2006,2010,No
5359,705,Visa,Credit,09/2023,NO,2,$5200,11/1999,2009,No
3311,820,Mastercard,Debit (Prepaid),08/2013,YES,2,$66,06/2006,2010,No
5040,820,Amex,Credit,06/2024,YES,1,$1200,10/2006,2009,No
127,820,Mastercard,Debit,11/2020,YES,1,$20759,01/2007,2009,No
3224,820,Mastercard,Credit,06/2024,YES,1,$15100,06/2001,2010,No
469,820,Mastercard,Credit,10/2021,YES,1,$11100,01/2020,2020,No
470,1188,Mastercard,Debit (Prepaid),05/2022,YES,2,$52,01/2020,2020,No
4548,1128,Mastercard,Debit,08/2024,YES,2,$15110,09/2004,2009,No
4765,1128,Mastercard,Credit,04/2023,YES,2,$10600,09/2010,2014,No
4583,1128,Visa,Credit,01/2020,YES,2,$8600,09/2005,2011,No
4316,1128,Amex,Credit,09/2020,YES,2,$8400,08/2010,2012,No
3144,1128,Mastercard,Credit,10/2022,YES,2,$11100,05/2014,2014,No
1139,1479,Mastercard,Credit,11/2021,YES,1,$2800,02/2008,2010,No
6128,1594,Visa,Credit,09/2019,YES,2,$5700,12/2016,2016,No
3241,1594,Visa,Debit,08/2011,YES,1,$12252,06/2002,2010,No
3565,1594,Mastercard,Debit,12/2023,YES,1,$22420,06/2013,2013,No
5029,1485,Visa,Debit,09/2018,YES,2,$3715,10/2005,2009,No
4298,1485,Visa,Debit (Prepaid),06/2021,YES,1,$67,08/2009,2011,No
3819,1485,Visa,Debit,11/2020,YES,2,$26460,07/2007,2017,No
4736,1485,Visa,Debit,11/2023,YES,1,$12783,09/2009,2015,No
88,1390,Amex,Credit,03/2023,YES,2,$21400,01/2006,2011,No
3359,1390,Visa,Credit,02/2021,NO,2,$13600,06/2007,2007,No
5269,1390,Mastercard,Debit,03/2020,NO,1,$46201,10/2013,2013,No
2657,644,Visa,Credit,04/2022,YES,2,$7700,04/2010,2010,No
5020,1912,Mastercard,Debit,01/2010,YES,2,$18937,10/2005,2010,No
3544,1584,Mastercard,Debit,10/2021,YES,1,$14539,06/2012,2012,No
6038,1584,Mastercard,Debit,03/2020,YES,2,$21723,12/2011,2011,No
1494,1803,Mastercard,Debit,12/2023,YES,1,$16858,02/2020,2020,No
1790,1824,Visa,Debit,09/2022,NO,2,$22143,02/2020,2020,No
1791,1824,Visa,Debit (Prepaid),03/2023,YES,2,$61,02/2020,2020,No
5721,1824,Mastercard,Debit,04/2022,YES,1,$15683,11/2016,2016,No
471,340,Mastercard,Debit (Prepaid),08/2020,YES,1,$65,01/2020,2020,No
4922,650,Mastercard,Debit,04/2022,YES,1,$12139,09/2019,2019,No
3669,650,Visa,Debit,07/2021,YES,1,$10130,07/2001,2011,No
3717,650,Visa,Credit,08/2023,YES,1,$7300,07/2004,2010,No
5580,650,Visa,Debit (Prepaid),01/2012,NO,1,$57,11/2009,2016,No
3494,650,Visa,Credit,11/2022,YES,1,$3800,06/2010,2011,No
3837,650,Mastercard,Debit (Prepaid),03/2021,YES,2,$121,07/2008,2008,No
1080,762,Mastercard,Debit,11/2020,YES,1,$13569,02/2006,2007,No
472,1061,Mastercard,Debit,02/2020,YES,1,$15358,01/2020,2020,No
5356,1931,Mastercard,Debit,12/1999,NO,1,$9550,11/1999,2018,No
3530,1931,Visa,Credit,03/2024,YES,1,$17300,06/2011,2011,No
4199,702,Mastercard,Credit,02/2021,YES,2,$15000,08/2007,2007,No
3863,702,Visa,Debit (Prepaid),04/2023,YES,2,$106,07/2008,2008,No
2258,702,Visa,Credit,04/2021,YES,1,$20100,03/2010,2017,No
4096,702,Visa,Debit (Prepaid),12/2022,YES,2,$50,08/2000,2008,No
2175,918,Mastercard,Debit,02/2015,YES,1,$10843,03/2008,2009,No
2734,918,Visa,Debit,08/2023,YES,2,$12057,04/2014,2014,No
3202,1137,Mastercard,Credit,03/2022,YES,2,$11100,05/2019,2019,No
3718,1137,Visa,Debit,06/2012,YES,1,$13969,07/2004,2008,No
3688,1137,Mastercard,Credit,04/2023,YES,1,$7600,07/2003,2017,No
765,66,Visa,Debit,10/2024,YES,1,$9578,01/2020,2020,No
1792,66,Visa,Debit,10/2023,YES,1,$16711,02/2020,2020,No
6136,66,Mastercard,Debit,11/2020,YES,2,$15435,12/2018,2018,No
391,66,Amex,Credit,06/2020,YES,1,$14300,01/2020,2020,No
2743,1406,Mastercard,Debit,04/2020,YES,1,$9431,04/2015,2015,No
3883,1406,Mastercard,Credit,04/2022,YES,1,$6100,07/2009,2012,No
5186,437,Discover,Credit,09/2014,YES,1,$17400,10/2010,2013,No
5454,437,Mastercard,Debit,01/2024,YES,1,$35500,11/2006,2011,No
3271,437,Mastercard,Debit,08/2023,YES,2,$27687,06/2004,2007,No
1495,806,Mastercard,Debit,01/2024,NO,2,$40073,02/2020,2020,No
1496,806,Mastercard,Credit,08/2023,YES,2,$22000,02/2020,2020,No
766,806,Visa,Debit,03/2021,NO,2,$8509,01/2020,2020,No
3566,891,Mastercard,Debit,12/2018,YES,1,$11037,06/2013,2013,No
2141,891,Mastercard,Debit,10/2023,YES,1,$16986,03/2007,2010,No
5096,891,Visa,Credit,03/2011,YES,1,$8800,10/2007,2014,No
4321,891,Mastercard,Debit,01/2024,YES,2,$8212,08/2010,2011,No
4649,891,Visa,Debit,09/2023,YES,2,$24270,09/2007,2008,No
767,1191,Visa,Debit,01/2024,YES,2,$12586,01/2020,2020,No
365,701,Amex,Credit,09/2019,NO,2,$11800,01/2018,2018,No
2042,1147,Mastercard,Debit,10/2021,NO,2,$18050,03/2003,2010,No
3924,1147,Discover,Credit,09/2022,YES,2,$21800,07/2010,2011,No
1497,1625,Mastercard,Debit (Prepaid),04/2024,YES,1,$97,02/2020,2020,No
2557,1664,Amex,Credit,05/2009,YES,2,$19600,04/2008,2011,No
2273,1664,Discover,Credit,12/2019,NO,2,$21900,03/2011,2011,No
5544,1664,Visa,Credit,12/2008,YES,2,$21400,11/2008,2011,No
5147,1664,Mastercard,Debit,02/2024,NO,2,$34572,10/2009,2015,No
1498,1273,Mastercard,Credit,08/2020,YES,2,$11700,02/2020,2020,No
154,1009,Mastercard,Credit,02/2020,YES,1,$8500,01/2008,2009,No
4709,1009,Mastercard,Debit,08/2021,YES,2,$19928,09/2009,2011,No
5601,1009,Mastercard,Debit,01/2023,YES,1,$9902,11/2010,2012,No
1008,1341,Visa,Credit,04/2021,YES,1,$11000,02/2002,2015,No
4766,1341,Mastercard,Credit,08/2023,YES,1,$6300,09/2010,2010,No
4394,1341,Visa,Debit,12/2022,YES,1,$22474,08/2012,2012,No
4098,1341,Mastercard,Debit,08/2024,YES,1,$24926,08/2001,2011,No
1499,925,Mastercard,Debit (Prepaid),02/2020,YES,2,$77,02/2020,2020,No
768,824,Visa,Credit,02/2020,YES,1,$9100,01/2020,2020,No
5958,824,Mastercard,Debit,07/2018,YES,1,$10838,12/2009,2010,No
473,824,Mastercard,Debit,07/2020,YES,1,$1940,01/2020,2020,No
3838,824,Mastercard,Debit,06/2016,YES,2,$100,07/2008,2008,No
5074,563,Mastercard,Debit,01/2021,YES,1,$23231,10/2007,2011,No
2097,563,Visa,Debit,03/2009,YES,2,$17323,03/2005,2011,No
1060,563,Visa,Credit,07/2021,YES,2,$11800,02/2005,2018,No
4054,563,Mastercard,Credit,06/2022,YES,2,$6100,07/2017,2017,No
2760,563,Mastercard,Debit,06/2022,YES,1,$18241,04/2016,2016,No
2864,563,Visa,Debit (Prepaid),11/2007,NO,2,$100,05/2004,2010,No
5485,1612,Mastercard,Credit,12/2007,YES,2,$12700,11/2007,2010,No
2581,1700,Visa,Credit,03/2022,YES,3,$4600,04/2008,2010,No
474,963,Mastercard,Debit,05/2023,YES,1,$21106,01/2020,2020,No
1500,963,Mastercard,Debit,02/2020,YES,1,$16417,02/2020,2020,No
1353,963,Mastercard,Credit,10/2020,YES,1,$6500,02/2015,2015,No
475,904,Mastercard,Credit,08/2020,YES,2,$5600,01/2020,2020,No
2297,1586,Mastercard,Credit,07/2015,YES,1,$5700,03/2012,2012,No
6051,1586,Visa,Credit,11/2022,YES,1,$11800,12/2011,2011,No
1122,1586,Visa,Credit,05/2022,YES,2,$20700,02/2007,2007,No
1365,1586,Mastercard,Debit,02/2021,YES,2,$17587,02/2016,2016,No
5168,1286,Visa,Debit,01/2021,YES,2,$24651,10/2009,2015,No
5798,1286,Visa,Debit,02/2020,YES,2,$27727,12/2003,2009,No
5518,719,Mastercard,Debit,12/2023,YES,1,$21727,11/2008,2008,No
6021,719,Visa,Credit,08/2023,YES,1,$13900,12/2010,2010,No
4075,719,Mastercard,Credit,05/2022,YES,2,$10300,07/2019,2019,No
769,1469,Visa,Debit (Prepaid),11/2024,YES,1,$16,01/2020,2020,No
770,930,Visa,Debit,04/2024,YES,1,$9146,01/2020,2020,No
1501,930,Mastercard,Credit,02/2020,YES,2,$5000,02/2020,2020,No
2761,1814,Mastercard,Debit,07/2016,YES,1,$17895,04/2016,2016,No
4375,1814,Visa,Debit (Prepaid),01/2022,YES,1,$59,08/2011,2011,No
1040,1814,Visa,Credit,07/2022,YES,1,$11800,02/2004,2013,No
2298,1723,Mastercard,Debit (Prepaid),10/2016,YES,2,$74,03/2012,2012,No
4099,1723,Mastercard,Debit,05/2020,YES,1,$13168,08/2001,2007,No
2479,1723,Mastercard,Debit,07/2006,YES,1,$12431,04/2005,2007,No
1502,1377,Mastercard,Debit,02/2020,YES,2,$21478,02/2020,2020,No
4598,1377,Mastercard,Debit,06/2022,YES,2,$4583,09/2006,2015,No
1793,1377,Visa,Debit (Prepaid),02/2020,YES,1,$11,02/2020,2020,No
5097,470,Visa,Credit,07/2020,YES,1,$5800,10/2007,2013,No
2896,470,Mastercard,Debit,01/2013,YES,2,$2704,05/2006,2013,No
3733,470,Mastercard,Debit,04/2021,NO,1,$7581,07/2005,2014,No
1794,1804,Visa,Credit,02/2020,NO,1,$10200,02/2020,2020,No
476,1804,Mastercard,Debit,10/2022,YES,1,$9984,01/2020,2020,No
1795,1804,Visa,Debit,04/2022,YES,2,$2174,02/2020,2020,No
771,1804,Visa,Credit,03/2023,YES,2,$200,01/2020,2020,No
1503,229,Mastercard,Credit,04/2021,YES,2,$7900,02/2020,2020,No
2683,229,Visa,Debit,03/2020,NO,1,$20827,04/2011,2011,No
1504,229,Mastercard,Debit (Prepaid),02/2020,NO,1,$74,02/2020,2020,No
1796,229,Visa,Debit,02/2020,YES,1,$52585,02/2020,2020,No
5942,229,Visa,Credit,06/2023,NO,1,$16700,12/2008,2009,No
4139,1512,Visa,Debit,12/2023,YES,2,$32030,08/2004,2009,No
4923,1512,Mastercard,Debit (Prepaid),11/2020,YES,2,$64,09/2019,2019,No
95,1512,Mastercard,Debit (Prepaid),06/2014,YES,1,$78,01/2006,2011,No
2582,1512,Visa,Credit,11/2022,YES,1,$18500,04/2008,2012,No
5049,1512,Mastercard,Debit,09/2019,YES,2,$26357,10/2006,2013,No
5190,1512,Mastercard,Debit,12/2020,YES,1,$28864,10/2010,2013,No
976,1512,Mastercard,Debit,07/2020,NO,2,$19651,02/2000,2013,No
3689,1512,Mastercard,Debit,10/2021,NO,2,$52179,07/2003,2010,No
4425,1543,Mastercard,Debit,08/2022,YES,2,$47709,08/2014,2014,No
4687,1543,Visa,Debit,03/2016,YES,2,$54128,09/2008,2011,No
4473,1543,Visa,Debit,08/2024,YES,2,$39389,08/2018,2018,No
3864,1543,Visa,Credit,02/2020,YES,1,$29800,07/2008,2011,No
424,147,Discover,Credit,01/2020,YES,1,$19100,01/2020,2020,No
3013,147,Visa,Debit,07/2009,NO,2,$2819,05/2009,2009,No
772,147,Visa,Credit,01/2020,YES,1,$12100,01/2020,2020,No
2634,147,Mastercard,Credit,08/2021,YES,1,$18000,04/2010,2010,No
1109,1941,Mastercard,Credit,11/2019,YES,2,$8700,02/2007,2007,No
2940,1941,Visa,Debit (Prepaid),02/2020,YES,2,$30,05/2007,2008,No
2030,1941,Mastercard,Debit,08/2013,YES,2,$22248,03/2002,2015,No
2031,901,Mastercard,Debit (Prepaid),09/2007,YES,1,$69,03/2002,2012,No
3729,901,Discover,Credit,08/2024,YES,1,$9600,07/2005,2012,No
4152,901,Mastercard,Debit,02/2022,YES,2,$4319,08/2005,2011,No
773,191,Visa,Debit,01/2020,YES,1,$24079,01/2020,2020,No
477,12,Mastercard,Debit,02/2020,YES,2,$10058,01/2020,2020,No
2782,1828,Visa,Debit,07/2023,YES,2,$974,04/2018,2018,No
3090,1828,Mastercard,Debit,07/2020,YES,2,$1212,05/2011,2011,No
2783,29,Visa,Credit,02/2021,YES,1,$2700,04/2018,2018,No
3045,29,Mastercard,Debit,08/2022,YES,1,$16113,05/2010,2010,No
4477,181,Amex,Credit,12/2019,YES,2,$13700,08/2019,2019,No
1061,995,Visa,Debit,03/2024,NO,2,$19097,02/2005,2010,No
1505,1218,Mastercard,Debit,02/2020,YES,1,$12874,02/2020,2020,No
3302,186,Visa,Credit,09/2015,YES,2,$8900,06/2005,2011,No
4490,171,Mastercard,Debit (Prepaid),12/2024,YES,2,$46,09/1996,2007,No
3704,171,Visa,Debit,10/2015,YES,2,$13116,07/2003,2012,No
1239,171,Visa,Debit,10/2021,YES,2,$21022,02/2010,2011,No
774,1401,Visa,Credit,01/2021,NO,1,$13200,01/2020,2020,No
1506,1401,Mastercard,Debit,02/2020,YES,1,$12569,02/2020,2020,No
2911,1314,Visa,Credit,08/2010,YES,2,$10100,05/2006,2010,No
1081,1314,Mastercard,Debit,09/2012,YES,2,$15714,02/2006,2006,No
2359,1314,Visa,Credit,08/2017,YES,1,$15000,03/2016,2016,No
1140,1314,Mastercard,Debit,03/2022,NO,2,$14664,02/2008,2010,No
3162,1314,Mastercard,Debit,10/2015,YES,1,$12605,05/2015,2015,No
5455,1560,Mastercard,Credit,10/2023,YES,2,$500,11/2006,2011,No
2767,1560,Mastercard,Debit,06/2021,YES,1,$15492,04/2017,2017,No
2528,1560,Mastercard,Credit,11/2020,YES,2,$12800,04/2007,2010,No
1507,1560,Mastercard,Credit,02/2023,YES,2,$3300,02/2020,2020,No
5769,1560,Discover,Credit,08/2020,YES,1,$15500,12/2001,2008,No
2501,1560,Amex,Credit,06/2022,YES,2,$4100,04/2006,2010,No
2635,613,Mastercard,Debit,02/2020,YES,2,$18764,04/2010,2014,No
775,613,Visa,Debit,07/2022,YES,2,$33302,01/2020,2020,No
3799,613,Amex,Credit,07/2024,YES,1,$12600,07/2007,2011,No
1191,613,Visa,Debit,07/2023,YES,1,$28320,02/2009,2009,No
2176,346,Mastercard,Debit,10/2023,YES,2,$2883,03/2008,2015,No
2440,346,Mastercard,Debit,05/2023,YES,2,$28886,04/2003,2011,No
192,346,Discover,Credit,11/2022,YES,1,$14400,01/2009,2009,No
3379,346,Mastercard,Debit (Prepaid),12/2023,NO,2,$86,06/2008,2010,No
5927,346,Mastercard,Credit,02/2024,NO,1,$11800,12/2008,2008,No
4115,346,Mastercard,Credit,02/2021,YES,2,$18900,08/2003,2007,No
2778,346,Mastercard,Debit,06/2020,YES,1,$37318,04/2018,2018,No
5256,812,Discover,Credit,01/2020,YES,1,$2400,10/2012,2012,No
4862,13,Visa,Credit,05/2019,NO,2,$3500,09/2013,2013,No
2109,13,Mastercard,Credit,12/2022,YES,1,$10400,03/2006,2015,No
2941,13,Visa,Debit,08/2020,YES,1,$10629,05/2007,2008,No
4270,13,Visa,Debit (Prepaid),11/2023,YES,2,$64,08/2008,2012,No
4165,602,Visa,Debit,07/2024,YES,1,$13361,08/2005,2010,No
6084,602,Mastercard,Debit,05/2021,YES,1,$24739,12/2013,2013,No
5979,602,Visa,Debit,08/2022,YES,2,$12978,12/2009,2009,No
3982,602,Visa,Credit,11/2021,YES,1,$9500,07/2011,2016,No
346,657,Mastercard,Debit,02/2021,YES,1,$15331,01/2015,2015,No
2420,657,Visa,Debit,10/2010,YES,1,$16725,04/2001,2008,No
4013,657,Visa,Debit,04/2014,YES,1,$22861,07/2013,2013,No
4662,657,Mastercard,Debit,05/2024,YES,1,$24186,09/2008,2008,No
155,909,Mastercard,Debit (Prepaid),03/2024,YES,2,$21,01/2008,2013,No
3719,909,Visa,Debit,09/2023,YES,2,$32075,07/2004,2010,No
4663,909,Mastercard,Debit,05/2020,YES,2,$3934,09/2008,2015,No
5232,909,Mastercard,Debit,06/2022,YES,1,$5204,10/2011,2013,No
2583,909,Visa,Debit,04/2023,YES,2,$11239,04/2008,2010,No
1508,183,Mastercard,Credit,02/2020,YES,1,$11200,02/2020,2020,No
1797,183,Visa,Debit,06/2022,YES,2,$10430,02/2020,2020,No
1798,183,Visa,Credit,12/2021,YES,1,$9400,02/2020,2020,No
478,1792,Mastercard,Debit,01/2022,NO,2,$18296,01/2020,2020,No
1440,1792,Discover,Credit,03/2024,YES,2,$4300,02/2020,2020,No
5744,1599,Visa,Credit,02/2022,YES,2,$7500,11/2019,2019,No
776,1599,Visa,Debit,09/2021,YES,1,$22811,01/2020,2020,No
777,1599,Visa,Debit,05/2022,YES,1,$9865,01/2020,2020,No
44,1267,Visa,Debit,08/2024,YES,2,$27584,01/2003,2008,No
4299,1267,Visa,Debit (Prepaid),02/2024,YES,1,$50,08/2009,2009,No
3926,1267,Mastercard,Debit,10/2011,YES,2,$23152,07/2010,2010,No
3802,1267,Mastercard,Debit,01/2022,YES,2,$11108,07/2007,2015,No
1509,411,Mastercard,Debit,05/2023,YES,1,$37192,02/2020,2020,No
4832,411,Mastercard,Debit (Prepaid),10/2017,YES,2,$59,09/2012,2012,No
5021,350,Mastercard,Debit,06/2009,YES,2,$24413,10/2005,2015,No
3709,350,Mastercard,Debit,10/2020,YES,1,$27491,07/2004,2014,No
2865,350,Visa,Credit,03/2023,YES,2,$12100,05/2004,2010,No
3623,350,Visa,Debit,03/2024,YES,2,$19256,06/2017,2017,No
479,1323,Mastercard,Debit,07/2024,YES,1,$12053,01/2020,2020,No
318,1323,Visa,Credit,02/2020,YES,2,$8700,01/2013,2013,No
3993,1323,Mastercard,Debit,09/2023,YES,1,$19267,07/2012,2012,No
2980,1323,Visa,Debit,05/2013,YES,1,$14074,05/2008,2009,No
1799,934,Visa,Credit,02/2020,YES,2,$0,02/2020,2020,No
1800,934,Visa,Credit,11/2021,NO,1,$12300,02/2020,2020,No
480,934,Mastercard,Debit,02/2020,NO,2,$2055,01/2020,2020,No
4389,421,Mastercard,Debit,12/2021,YES,1,$33070,08/2012,2012,No
6101,421,Mastercard,Debit,08/2024,YES,2,$16094,12/2014,2014,No
5560,421,Mastercard,Debit,02/2020,YES,2,$19651,11/2009,2009,No
1510,421,Mastercard,Debit,06/2023,YES,1,$23875,02/2020,2020,No
2177,421,Mastercard,Credit,09/2023,YES,1,$10600,03/2008,2016,No
4153,421,Mastercard,Debit,10/2010,YES,2,$26774,08/2005,2015,No
5075,421,Mastercard,Debit,12/2022,NO,2,$7842,10/2007,2014,No
4080,223,Visa,Debit (Prepaid),04/2024,YES,1,$55,07/2019,2019,No
2926,223,Mastercard,Credit,09/2014,YES,1,$12600,05/2007,2012,No
2636,223,Mastercard,Debit,06/2012,YES,2,$16647,04/2010,2012,No
5682,223,Amex,Credit,12/2022,YES,1,$8600,11/2013,2013,No
268,223,Mastercard,Credit,11/2012,YES,3,$15900,01/2011,2011,No
2167,223,Amex,Credit,09/2009,YES,1,$5800,03/2008,2008,No
481,1402,Mastercard,Debit,09/2024,YES,2,$31845,01/2020,2020,No
296,1402,Mastercard,Credit,10/2018,YES,2,$25300,01/2012,2012,No
2299,1402,Mastercard,Debit,07/2022,YES,1,$35299,03/2012,2012,No
482,1650,Mastercard,Debit,01/2020,YES,2,$7488,01/2020,2020,No
483,1650,Mastercard,Credit,07/2021,YES,2,$10200,01/2020,2020,No
1801,1650,Visa,Credit,09/2022,NO,2,$15300,02/2020,2020,No
3657,354,Visa,Debit,05/2022,YES,1,$23798,07/2000,2007,No
1168,354,Mastercard,Debit,06/2023,YES,1,$20859,02/2009,2009,No
2924,354,Discover,Credit,07/2007,YES,1,$9200,05/2007,2014,No
4518,354,Mastercard,Debit,02/2024,YES,1,$35681,09/2002,2014,No
4902,354,Amex,Credit,08/2023,YES,1,$9000,09/2017,2017,No
3168,354,Visa,Debit,01/2021,YES,1,$15206,05/2015,2015,No
4907,314,Mastercard,Credit,10/2020,YES,2,$19800,09/2017,2017,No
1511,1457,Mastercard,Credit,02/2024,NO,2,$5400,02/2020,2020,No
1512,1457,Mastercard,Debit,01/2022,YES,1,$15834,02/2020,2020,No
484,1457,Mastercard,Debit,05/2020,YES,1,$15688,01/2020,2020,No
1513,1457,Mastercard,Credit,09/2024,YES,1,$12200,02/2020,2020,No
5519,1613,Mastercard,Credit,11/2020,YES,1,$12500,11/2008,2010,No
4549,1613,Mastercard,Debit,04/2022,YES,1,$5796,09/2004,2011,No
4538,1613,Visa,Debit (Prepaid),06/2022,YES,2,$109,09/2003,2009,No
1802,1613,Visa,Debit,07/2020,YES,2,$15747,02/2020,2020,No
485,945,Mastercard,Credit,04/2021,YES,1,$11900,01/2020,2020,No
1397,945,Amex,Credit,07/2023,YES,2,$12700,02/2020,2020,No
3983,586,Visa,Credit,03/2021,YES,2,$20300,07/2011,2011,No
1514,586,Mastercard,Debit (Prepaid),11/2021,YES,1,$75,02/2020,2020,No
1515,586,Mastercard,Debit,03/2022,NO,1,$15163,02/2020,2020,No
3124,586,Visa,Debit,11/2022,YES,1,$30952,05/2012,2012,No
5928,119,Mastercard,Debit,01/2022,YES,2,$13177,12/2008,2014,No
5980,119,Visa,Credit,03/2019,YES,1,$2500,12/2009,2009,No
379,119,Mastercard,Debit,09/2020,NO,2,$20819,01/2019,2019,No
3014,1312,Visa,Debit,08/2023,YES,1,$10599,05/2009,2010,No
1156,1529,Visa,Debit,05/2023,YES,2,$38171,02/2008,2011,No
3927,1529,Mastercard,Debit,12/2020,YES,1,$61324,07/2010,2011,No
4985,1529,Mastercard,Debit,04/2016,YES,1,$31362,10/2003,2010,No
1803,326,Visa,Debit,12/2021,YES,2,$15569,02/2020,2020,No
2326,1596,Mastercard,Debit,10/2016,YES,1,$16398,03/2014,2014,No
21,1596,Visa,Credit,06/2012,YES,1,$6600,01/2001,2010,No
995,1596,Mastercard,Credit,10/2022,YES,2,$6600,02/2002,2007,No
2637,1596,Mastercard,Debit (Prepaid),07/2021,YES,1,$59,04/2010,2010,No
2958,714,Mastercard,Debit (Prepaid),07/2022,YES,1,$42,05/2008,2014,No
2616,714,Visa,Debit (Prepaid),11/2022,YES,2,$119,04/2009,2009,No
3720,887,Visa,Debit,11/2006,YES,2,$24250,07/2004,2010,No
1024,887,Visa,Credit,04/2024,YES,1,$12400,02/2003,2013,No
4875,887,Visa,Credit,11/2022,YES,2,$6500,09/2014,2014,No
5997,887,Mastercard,Credit,07/2020,YES,1,$13900,12/2010,2010,No
4006,1425,Mastercard,Debit (Prepaid),11/2015,YES,2,$100,07/2013,2013,No
1141,1425,Mastercard,Credit,03/2022,YES,1,$8000,02/2008,2010,No
2600,1425,Mastercard,Debit (Prepaid),11/2018,YES,2,$49,04/2009,2009,No
2851,1425,Discover,Credit,08/2020,YES,2,$2900,05/2004,2011,No
3835,1425,Discover,Credit,01/2016,YES,1,$10400,07/2008,2014,No
1015,1425,Mastercard,Debit (Prepaid),05/2023,YES,2,$37,02/2003,2016,No
5929,1425,Mastercard,Debit,12/2023,NO,2,$13606,12/2008,2016,No
5386,1425,Mastercard,Debit,03/2024,YES,2,$13347,11/2003,2007,No
1047,1645,Mastercard,Debit (Prepaid),12/2023,NO,1,$54,02/2005,2007,No
5878,1645,Mastercard,Debit,11/2024,NO,2,$23402,12/2007,2011,No
778,1645,Visa,Debit,05/2020,NO,2,$30393,01/2020,2020,No
2213,1863,Mastercard,Debit,01/2022,YES,2,$1298,03/2009,2012,No
5855,1576,Mastercard,Debit (Prepaid),11/2024,YES,1,$101,12/2006,2010,No
5821,1576,Visa,Debit (Prepaid),09/2020,YES,1,$70,12/2004,2007,No
486,1576,Mastercard,Debit,07/2022,YES,3,$15163,01/2020,2020,No
2480,1576,Mastercard,Debit (Prepaid),01/2022,YES,1,$107,04/2005,2011,No
5169,1576,Visa,Debit,10/2009,YES,2,$21107,10/2009,2009,No
5248,1576,Visa,Debit,03/2023,YES,1,$15807,10/2011,2011,No
380,1576,Mastercard,Debit,08/2024,YES,2,$18689,01/2019,2019,No
2441,1576,Mastercard,Debit,01/2018,YES,2,$15839,04/2003,2010,No
2658,1268,Visa,Credit,04/2018,YES,2,$5900,04/2010,2010,No
4965,1268,Mastercard,Debit,06/2022,NO,1,$11726,10/2002,2011,No
5520,1268,Mastercard,Debit,02/2022,YES,1,$13537,11/2008,2009,No
1804,1268,Visa,Debit,07/2022,YES,1,$10609,02/2020,2020,No
3820,1565,Visa,Credit,06/2021,YES,2,$2000,07/2007,2007,No
3743,1842,Visa,Debit,07/2023,YES,2,$4817,07/2005,2014,No
5426,1842,Mastercard,Credit,07/2024,YES,2,$1300,11/2005,2011,No
1516,664,Mastercard,Debit,12/2023,YES,1,$1684,02/2020,2020,No
1805,664,Visa,Credit,09/2024,YES,2,$2000,02/2020,2020,No
4154,485,Mastercard,Credit,04/2022,YES,1,$13200,08/2005,2009,No
1517,485,Mastercard,Debit,11/2021,YES,2,$11641,02/2020,2020,No
1082,244,Mastercard,Credit,02/2024,NO,2,$7100,02/2006,2011,No
5953,244,Amex,Credit,12/2009,YES,1,$8500,12/2009,2012,No
5521,145,Mastercard,Credit,04/2021,YES,1,$6000,11/2008,2013,No
3575,145,Mastercard,Credit,07/2020,YES,2,$2000,06/2014,2014,No
4058,145,Visa,Debit,06/2020,YES,2,$15240,07/2017,2017,No
2110,866,Mastercard,Debit,11/2024,YES,2,$7272,03/2006,2016,No
1806,866,Visa,Debit,09/2022,YES,2,$9542,02/2020,2020,No
3337,866,Amex,Credit,11/2024,YES,1,$4500,06/2007,2007,No
4710,1424,Mastercard,Credit,05/2021,YES,2,$8000,09/2009,2011,No
4876,1424,Visa,Debit (Prepaid),08/2021,YES,1,$84,09/2014,2014,No
487,1424,Mastercard,Debit,03/2020,NO,1,$9957,01/2020,2020,No
3046,1424,Mastercard,Credit,06/2015,YES,2,$8300,05/2010,2015,No
5625,427,Visa,Debit,12/2010,YES,1,$11739,11/2010,2011,No
269,427,Mastercard,Debit (Prepaid),09/2022,YES,1,$79,01/2011,2011,No
4819,427,Visa,Debit,11/2024,YES,1,$11093,09/2011,2011,No
5210,684,Visa,Debit,08/2022,YES,2,$20447,10/2010,2016,No
3088,684,Discover,Credit,11/2022,YES,2,$8800,05/2011,2011,No
2768,684,Mastercard,Debit,04/2023,YES,1,$13946,04/2017,2017,No
6022,684,Visa,Debit,07/2020,NO,2,$25529,12/2010,2010,No
4474,684,Visa,Debit (Prepaid),12/2022,YES,1,$61,08/2018,2018,No
4908,684,Mastercard,Debit,02/2022,YES,2,$17536,09/2017,2017,No
334,684,Visa,Debit,03/2015,YES,2,$20770,01/2014,2014,No
488,1643,Mastercard,Debit (Prepaid),02/2020,YES,2,$22,01/2020,2020,No
1337,1300,Mastercard,Debit,07/2023,YES,1,$10691,02/2014,2014,No
2601,1300,Mastercard,Debit (Prepaid),08/2010,YES,1,$75,04/2009,2009,No
156,1300,Mastercard,Credit,07/2022,YES,1,$4900,01/2008,2011,No
5754,1300,Mastercard,Debit,07/2020,YES,2,$14661,12/1997,2009,No
1518,283,Mastercard,Credit,12/2020,YES,1,$6900,02/2020,2020,No
779,283,Visa,Credit,01/2022,YES,2,$5400,01/2020,2020,No
1519,355,Mastercard,Debit,07/2024,YES,2,$2725,02/2020,2020,No
1387,355,Discover,Credit,02/2020,YES,2,$19600,02/2019,2019,No
3303,1669,Visa,Debit,07/2023,YES,2,$2572,06/2005,2010,No
4359,1669,Mastercard,Credit,12/2022,YES,2,$5000,08/2011,2011,No
2456,1669,Discover,Credit,12/2013,YES,1,$10300,04/2004,2012,No
6097,1669,Amex,Credit,06/2018,YES,2,$11400,12/2014,2014,No
4664,937,Mastercard,Debit,02/2020,YES,2,$9230,09/2008,2013,No
2055,845,Mastercard,Debit,06/2024,YES,1,$11203,03/2004,2008,No
4599,845,Mastercard,Debit,02/2021,YES,2,$12369,09/2006,2010,No
5943,845,Visa,Credit,09/2017,YES,1,$7900,12/2008,2017,No
2855,845,Mastercard,Debit,10/2014,YES,2,$20362,05/2004,2012,No
4491,845,Mastercard,Debit,05/2021,YES,2,$13529,09/1996,2007,No
1204,1518,Discover,Credit,12/2022,YES,2,$16800,02/2010,2015,No
6083,1518,Discover,Credit,10/2022,YES,1,$7100,12/2013,2013,No
2584,1518,Visa,Credit,11/2020,YES,1,$9600,04/2008,2008,No
2056,1591,Mastercard,Debit (Prepaid),04/2021,YES,1,$113,03/2004,2008,No
489,1591,Mastercard,Debit,04/2020,YES,1,$16818,01/2020,2020,No
2043,1591,Mastercard,Debit,08/2021,YES,1,$12358,03/2003,2003,No
5919,1591,Amex,Credit,10/2011,YES,2,$8100,12/2008,2012,No
2847,1591,Visa,Credit,03/2020,YES,2,$9800,05/2003,2008,No
3967,1591,Mastercard,Debit,12/2024,YES,2,$17332,07/2011,2012,No
1520,1172,Mastercard,Credit,11/2021,YES,2,$6000,02/2020,2020,No
4290,1629,Mastercard,Debit,04/2021,YES,2,$18776,08/2009,2012,No
5249,675,Visa,Credit,03/2022,YES,1,$9300,10/2011,2011,No
4454,675,Discover,Credit,06/2021,YES,2,$8000,08/2016,2016,No
4020,675,Mastercard,Debit,09/2021,NO,1,$11194,07/2014,2014,No
5261,675,Visa,Debit,04/2023,YES,2,$12754,10/2012,2012,No
5250,675,Visa,Credit,08/2024,YES,1,$9700,10/2011,2013,No
3116,577,Mastercard,Debit,09/2020,YES,1,$17936,05/2012,2012,No
2627,577,Amex,Credit,01/2021,YES,1,$8500,04/2010,2011,No
302,854,Visa,Debit,06/2023,YES,1,$24826,01/2012,2012,No
4121,1261,Visa,Debit,03/2020,YES,1,$27091,08/2003,2018,No
3515,1227,Mastercard,Debit (Prepaid),01/2021,YES,1,$67,06/2011,2011,No
122,1227,Amex,Credit,04/2020,NO,1,$14600,01/2007,2007,No
3545,1227,Mastercard,Credit,11/2021,YES,2,$13500,06/2012,2012,No
2310,1227,Mastercard,Debit,09/2023,YES,1,$27132,03/2013,2013,No
5602,840,Mastercard,Debit,12/2024,YES,2,$10400,11/2010,2013,No
2083,840,Mastercard,Debit,07/2020,YES,1,$43169,03/2005,2012,No
37,840,Mastercard,Debit,10/2023,YES,2,$5269,01/2003,2016,No
2416,840,Mastercard,Debit,12/2024,YES,2,$48370,04/2001,2011,No
3633,840,Visa,Credit,11/2019,YES,2,$17100,06/2018,2018,No
4992,840,Visa,Debit (Prepaid),04/2024,YES,1,$65,10/2003,2009,No
3091,733,Mastercard,Debit,12/2020,YES,2,$2656,05/2011,2015,No
2529,733,Mastercard,Credit,10/2024,YES,2,$7800,04/2007,2011,No
3707,733,Discover,Credit,03/2020,YES,1,$13400,07/2004,2005,No
1048,733,Mastercard,Debit,08/2023,NO,1,$16726,02/2005,2020,No
2098,454,Visa,Debit,12/2024,YES,1,$30162,03/2005,2010,No
4767,454,Mastercard,Debit,10/2010,YES,1,$19970,09/2010,2010,No
5735,454,Mastercard,Debit,05/2024,YES,1,$31199,11/2018,2018,No
5456,454,Mastercard,Debit,10/2024,YES,2,$14983,11/2006,2010,No
5287,454,Mastercard,Debit,10/2014,YES,2,$18491,10/2014,2014,No
2201,961,Visa,Debit,08/2021,YES,2,$23094,03/2008,2011,No
4584,961,Visa,Credit,10/2022,YES,1,$18300,09/2005,2005,No
1389,961,Mastercard,Debit,02/2024,YES,1,$31907,02/2019,2019,No
2202,961,Visa,Debit,10/2020,YES,2,$32761,03/2008,2008,No
4665,768,Mastercard,Debit,04/2024,YES,1,$11105,09/2008,2009,No
490,817,Mastercard,Debit,08/2021,YES,2,$32267,01/2020,2020,No
491,817,Mastercard,Debit,09/2021,YES,1,$30670,01/2020,2020,No
5910,78,Visa,Debit (Prepaid),01/2017,YES,2,$83,12/2007,2007,No
1157,1334,Visa,Debit,07/2020,YES,1,$13821,02/2008,2009,No
2866,1334,Visa,Credit,05/2021,YES,1,$14400,05/2004,2010,No
3761,1334,Mastercard,Credit,10/2010,YES,1,$13300,07/2006,2007,No
209,1334,Visa,Credit,08/2014,NO,1,$9300,01/2009,2009,No
3968,1610,Mastercard,Debit,08/2022,YES,1,$8580,07/2011,2011,No
5879,1610,Mastercard,Credit,10/2023,YES,2,$6600,12/2007,2008,No
2585,108,Visa,Debit,06/2014,YES,1,$12783,04/2008,2010,No
1299,108,Mastercard,Debit,05/2021,YES,2,$14321,02/2012,2012,No
4070,108,Visa,Debit,12/2020,YES,2,$14488,07/2018,2018,No
780,108,Visa,Debit,01/2020,NO,1,$16116,01/2020,2020,No
4972,1308,Visa,Credit,07/2021,YES,2,$14800,10/2002,2012,No
6023,780,Visa,Debit (Prepaid),07/2021,YES,2,$43,12/2010,2011,No
1375,1340,Visa,Debit,07/2024,YES,2,$36546,02/2017,2017,No
3272,1340,Mastercard,Debit,08/2021,YES,1,$18462,06/2004,2007,No
2954,1340,Amex,Credit,06/2021,NO,1,$13300,05/2008,2013,No
2178,1340,Mastercard,Debit (Prepaid),08/2020,YES,2,$36,03/2008,2018,No
6035,1340,Amex,Credit,09/2023,YES,2,$11200,12/2011,2011,No
1016,1888,Mastercard,Debit,02/2020,YES,2,$30074,02/2003,2006,No
1017,1888,Mastercard,Debit,05/2016,YES,1,$7589,02/2003,2011,No
1169,1888,Mastercard,Debit,12/2014,NO,2,$27112,02/2009,2015,No
2179,247,Mastercard,Credit,02/2021,YES,1,$16700,03/2008,2008,No
1240,247,Visa,Debit,07/2013,YES,2,$24968,02/2010,2010,No
4155,247,Mastercard,Debit,01/2012,YES,2,$16751,08/2005,2010,No
5191,247,Mastercard,Debit,07/2021,YES,2,$12852,10/2010,2012,No
2137,247,Discover,Credit,11/2023,NO,2,$10200,03/2007,2010,No
2084,247,Mastercard,Debit,12/2006,YES,1,$21922,03/2005,2011,No
781,238,Visa,Credit,05/2022,YES,2,$5600,01/2020,2020,No
3762,915,Mastercard,Debit,12/2006,YES,2,$9609,07/2006,2008,No
492,1927,Mastercard,Debit (Prepaid),01/2020,YES,1,$62,01/2020,2020,No
5647,1927,Mastercard,Debit,05/2018,YES,2,$12194,11/2011,2011,No
493,1658,Mastercard,Debit,01/2020,YES,2,$12636,01/2020,2020,No
782,1658,Visa,Credit,02/2020,YES,1,$0,01/2020,2020,No
1170,1208,Mastercard,Debit,02/2020,YES,2,$8024,02/2009,2012,No
2203,1208,Visa,Debit,11/2020,YES,2,$8902,03/2008,2008,No
2449,1208,Visa,Debit,11/2020,NO,2,$8081,04/2003,2011,No
494,1255,Mastercard,Debit,06/2023,YES,1,$9773,01/2020,2020,No
1521,1255,Mastercard,Debit,12/2023,YES,1,$13130,02/2020,2020,No
495,85,Mastercard,Debit,10/2023,YES,2,$9953,01/2020,2020,No
3923,1382,Amex,Credit,11/2021,YES,1,$9000,07/2010,2015,No
2838,1382,Mastercard,Debit,10/2024,YES,2,$11415,05/2003,2013,No
5262,1382,Visa,Credit,05/2022,YES,2,$1900,10/2012,2012,No
1110,1382,Mastercard,Debit (Prepaid),01/2017,YES,1,$54,02/2007,2008,No
1522,1932,Mastercard,Debit,07/2021,YES,1,$405,02/2020,2020,No
1210,1217,Mastercard,Debit,03/2011,NO,1,$23907,02/2010,2010,No
5030,1217,Visa,Credit,06/2022,YES,2,$15500,10/2005,2010,No
4086,1217,Visa,Debit,08/2020,YES,2,$3415,08/1996,2012,No
1123,514,Visa,Credit,04/2023,YES,2,$8500,02/2007,2007,No
2155,514,Visa,Debit,03/2020,YES,2,$11473,03/2007,2008,No
5759,514,Mastercard,Debit,07/2022,YES,3,$23932,12/1999,2011,No
4322,514,Mastercard,Debit,08/2013,YES,1,$9614,08/2010,2010,No
5959,232,Mastercard,Debit,02/2020,YES,1,$58709,12/2009,2009,No
2214,232,Mastercard,Debit (Prepaid),01/2016,YES,1,$98,03/2009,2009,No
3125,232,Visa,Debit,07/2022,YES,1,$24401,05/2012,2012,No
4174,445,Mastercard,Debit,01/2016,YES,1,$3628,08/2006,2013,No
1807,1206,Visa,Debit,02/2020,YES,1,$47359,02/2020,2020,No
244,1206,Visa,Debit,05/2010,YES,2,$41205,01/2010,2010,No
194,1206,Mastercard,Credit,03/2016,YES,2,$17400,01/2009,2010,No
4469,1276,Mastercard,Debit,04/2022,YES,1,$17688,08/2018,2018,No
5076,1276,Mastercard,Credit,10/2021,YES,1,$15000,10/2007,2013,No
996,1276,Mastercard,Debit,03/2023,YES,2,$27075,02/2002,2015,No
5954,1276,Discover,Credit,04/2022,YES,1,$13700,12/2009,2010,No
2009,1276,Mastercard,Credit,04/2024,YES,1,$19000,03/1998,2016,No
193,875,Discover,Credit,04/2014,NO,2,$14300,01/2009,2010,No
3495,875,Visa,Credit,05/2024,YES,1,$7600,06/2010,2010,No
2380,875,Mastercard,Debit,11/2020,NO,1,$13788,03/2019,2019,No
496,875,Mastercard,Debit,08/2022,YES,1,$20801,01/2020,2020,No
2684,1546,Visa,Debit,06/2024,YES,2,$19015,04/2011,2011,No
245,1546,Visa,Debit,07/2013,YES,2,$2181,01/2010,2011,No
5504,1546,Visa,Credit,05/2023,YES,2,$6400,11/2007,2007,No
6024,1546,Visa,Debit (Prepaid),07/2011,YES,2,$78,12/2010,2011,No
497,422,Mastercard,Debit (Prepaid),01/2024,NO,2,$63,01/2020,2020,No
1523,422,Mastercard,Debit,08/2023,NO,1,$12907,02/2020,2020,No
498,422,Mastercard,Credit,05/2022,YES,1,$6500,01/2020,2020,No
1441,422,Discover,Credit,11/2024,YES,1,$7100,02/2020,2020,No
3380,519,Mastercard,Debit,02/2020,YES,1,$12353,06/2008,2008,No
4390,519,Mastercard,Debit (Prepaid),05/2020,YES,2,$65,08/2012,2012,No
3555,519,Visa,Debit (Prepaid),04/2018,YES,1,$72,06/2012,2012,No
3173,519,Mastercard,Debit,01/2024,YES,2,$18526,05/2016,2016,No
2867,1408,Visa,Debit,12/2023,YES,2,$6513,05/2004,2013,No
5522,1408,Mastercard,Debit,08/2020,YES,1,$5044,11/2008,2008,No
3821,1204,Visa,Debit,08/2023,NO,2,$25079,07/2007,2008,No
2788,1204,Visa,Debit,04/2024,YES,1,$39578,04/2019,2019,No
210,1204,Visa,Debit,10/2022,YES,1,$36641,01/2009,2009,No
783,276,Visa,Debit,11/2023,YES,1,$1083,01/2020,2020,No
1524,276,Mastercard,Debit,03/2021,YES,1,$9628,02/2020,2020,No
392,1133,Amex,Credit,09/2024,YES,2,$13500,01/2020,2020,No
5211,1133,Visa,Debit,05/2019,YES,2,$12512,10/2010,2012,No
2586,1133,Visa,Debit,04/2023,YES,2,$21442,04/2008,2015,No
195,1133,Mastercard,Debit (Prepaid),04/2024,YES,2,$69,01/2009,2013,No
784,1035,Visa,Debit,06/2022,NO,2,$22700,01/2020,2020,No
1808,1035,Visa,Debit (Prepaid),02/2020,YES,2,$60,02/2020,2020,No
4688,710,Visa,Debit (Prepaid),07/2021,NO,2,$80,09/2008,2013,No
3155,710,Visa,Credit,10/2023,YES,1,$1300,05/2014,2014,No
4395,710,Visa,Debit,09/2019,YES,1,$40984,08/2012,2012,No
5233,582,Mastercard,Debit,01/2016,YES,1,$19536,10/2011,2014,No
2010,582,Mastercard,Debit,02/2009,YES,1,$9044,03/1999,2013,No
3634,582,Visa,Credit,05/2024,NO,2,$12500,06/2018,2018,No
5880,821,Mastercard,Debit,09/2021,YES,2,$2338,12/2007,2016,No
6131,821,Amex,Credit,07/2024,YES,1,$3900,12/2017,2017,No
59,1352,Visa,Debit,11/2019,YES,2,$12528,01/2004,2012,No
2403,1352,Mastercard,Debit,03/2020,YES,2,$19756,04/1999,2013,No
5355,1352,Mastercard,Debit,10/1999,YES,1,$2042,11/1998,2008,No
3286,831,Discover,Credit,06/2020,YES,1,$8300,06/2005,2013,No
4156,831,Mastercard,Debit,04/2022,YES,2,$8571,08/2005,2015,No
499,936,Mastercard,Debit,08/2020,YES,1,$19369,01/2020,2020,No
785,936,Visa,Debit (Prepaid),07/2024,YES,1,$70,01/2020,2020,No
1525,936,Mastercard,Debit,10/2020,YES,1,$15127,02/2020,2020,No
425,936,Discover,Credit,03/2022,YES,1,$9400,01/2020,2020,No
1809,936,Visa,Credit,06/2022,YES,2,$5400,02/2020,2020,No
3312,578,Mastercard,Debit,06/2006,YES,1,$17167,06/2006,2007,No
4807,1997,Mastercard,Debit,08/2020,YES,1,$25048,09/2011,2011,No
5786,1997,Amex,Credit,08/2022,YES,1,$25600,12/2003,2009,No
3343,1997,Mastercard,Debit,07/2020,YES,2,$17257,06/2007,2007,No
2481,1997,Mastercard,Debit,02/2022,NO,2,$31829,04/2005,2020,No
5106,1997,Mastercard,Debit,09/2014,YES,2,$3991,10/2008,2013,No
5457,1997,Mastercard,Debit,05/2024,YES,2,$3991,11/2006,2013,No
5808,1997,Mastercard,Debit,01/2024,YES,2,$34953,12/2004,2011,No
1378,258,Mastercard,Debit,11/2021,YES,1,$21726,02/2018,2018,No
3197,258,Visa,Debit,08/2020,YES,1,$15063,05/2017,2017,No
500,258,Mastercard,Debit,01/2020,YES,1,$12596,01/2020,2020,No
2912,851,Visa,Debit,01/2009,NO,2,$6335,05/2006,2020,No
4243,851,Mastercard,Debit (Prepaid),04/2014,YES,1,$43,08/2008,2013,No
3613,851,Visa,Credit,01/2020,YES,2,$8100,06/2016,2016,No
1241,851,Visa,Credit,04/2023,YES,2,$8900,02/2010,2010,No
4148,1951,Amex,Credit,01/2024,YES,1,$16000,08/2005,2008,No
4157,1951,Mastercard,Debit,04/2011,YES,2,$19304,08/2005,2010,No
3360,1951,Visa,Debit,10/2020,YES,2,$36548,06/2007,2015,No
1142,1951,Mastercard,Debit,12/2023,YES,1,$10354,02/2008,2010,No
3188,1951,Discover,Credit,08/2024,YES,1,$8000,05/2017,2017,No
501,1978,Mastercard,Debit,01/2020,YES,2,$1559,01/2020,2020,No
1526,1978,Mastercard,Debit,02/2020,YES,1,$15100,02/2020,2020,No
4948,1897,Mastercard,Debit,12/2023,YES,1,$51302,10/2001,2010,No
3690,1897,Mastercard,Debit (Prepaid),09/2014,YES,1,$80,07/2003,2010,No
4337,972,Visa,Credit,10/2021,YES,1,$15800,08/2010,2012,No
6052,972,Visa,Credit,11/2020,YES,1,$16800,12/2011,2011,No
4166,972,Visa,Debit,11/2021,NO,1,$2508,08/2005,2012,No
5689,972,Visa,Credit,12/2022,NO,2,$2600,11/2013,2013,No
2482,1010,Mastercard,Debit,05/2022,YES,1,$4851,04/2005,2020,No
3047,1243,Mastercard,Credit,06/2023,YES,1,$7300,05/2010,2011,No
3884,1243,Mastercard,Debit,03/2024,YES,1,$18540,07/2009,2009,No
3928,1243,Mastercard,Debit,02/2014,NO,2,$4072,07/2010,2010,No
1527,1243,Mastercard,Debit,02/2020,YES,1,$1744,02/2020,2020,No
3885,1243,Mastercard,Debit (Prepaid),01/2014,YES,2,$33,07/2009,2013,No
2327,1976,Mastercard,Debit,02/2020,YES,1,$17767,03/2014,2014,No
4847,1976,Mastercard,Debit (Prepaid),11/2022,YES,1,$57,09/2013,2013,No
4338,1976,Visa,Debit,05/2022,YES,1,$23011,08/2010,2010,No
1171,1976,Mastercard,Debit,10/2023,YES,1,$21160,02/2009,2009,No
502,1976,Mastercard,Debit,12/2021,NO,2,$21291,01/2020,2020,No
2784,91,Visa,Credit,10/2020,YES,1,$19100,04/2018,2018,No
2790,1606,Mastercard,Debit,03/2020,YES,2,$7834,05/1996,2012,No
2735,1201,Visa,Debit,12/2020,YES,2,$38317,04/2014,2014,No
16,1201,Visa,Debit,10/2023,YES,2,$55693,01/2000,2006,No
4793,1201,Visa,Debit,11/2020,YES,1,$40710,09/2010,2010,No
2744,1201,Mastercard,Debit,12/2024,YES,2,$61355,04/2015,2015,No
503,1887,Mastercard,Credit,02/2020,YES,1,$5300,01/2020,2020,No
504,1887,Mastercard,Credit,06/2022,YES,1,$15800,01/2020,2020,No
505,195,Mastercard,Debit,01/2020,YES,1,$26219,01/2020,2020,No
1442,195,Discover,Credit,02/2020,YES,1,$20400,02/2020,2020,No
1528,874,Mastercard,Debit,03/2020,YES,1,$28066,02/2020,2020,No
786,874,Visa,Credit,06/2024,NO,2,$19500,01/2020,2020,No
506,874,Mastercard,Credit,04/2020,YES,1,$15100,01/2020,2020,No
5790,1317,Mastercard,Debit,09/2022,YES,1,$9059,12/2003,2008,No
3576,1317,Mastercard,Credit,03/2024,YES,2,$6300,06/2014,2014,No
4909,1317,Mastercard,Debit,12/2017,YES,1,$12793,09/2017,2017,No
1529,1317,Mastercard,Credit,05/2020,YES,1,$7800,02/2020,2020,No
1280,1311,Visa,Credit,10/2022,YES,1,$14000,02/2011,2011,No
1530,785,Mastercard,Debit (Prepaid),02/2023,NO,1,$80,02/2020,2020,No
507,785,Mastercard,Credit,12/2024,YES,1,$15400,01/2020,2020,No
2638,662,Mastercard,Debit,04/2021,YES,2,$28747,04/2010,2010,No
3092,662,Mastercard,Debit (Prepaid),07/2021,YES,2,$110,05/2011,2011,No
5107,847,Mastercard,Debit (Prepaid),04/2022,YES,2,$112,10/2008,2012,No
3416,847,Discover,Credit,12/2010,NO,2,$9700,06/2009,2011,No
5581,847,Visa,Credit,10/2013,YES,1,$8600,11/2009,2014,No
987,847,Mastercard,Debit (Prepaid),10/2004,YES,2,$43,02/2001,2012,No
5998,847,Mastercard,Debit,04/2015,YES,2,$19629,12/2010,2011,No
4531,847,Mastercard,Credit,04/2021,YES,2,$3400,09/2003,2008,No
1531,685,Mastercard,Debit,01/2022,YES,2,$20769,02/2020,2020,No
1398,685,Amex,Credit,12/2022,YES,2,$12100,02/2020,2020,No
1532,685,Mastercard,Debit,06/2023,YES,1,$16371,02/2020,2020,No
1533,685,Mastercard,Credit,10/2020,YES,1,$12500,02/2020,2020,No
1534,685,Mastercard,Debit,02/2020,YES,1,$18976,02/2020,2020,No
508,685,Mastercard,Debit,02/2020,YES,2,$30119,01/2020,2020,No
2354,617,Mastercard,Debit,07/2022,YES,2,$26147,03/2016,2016,No
1810,23,Visa,Debit (Prepaid),02/2020,YES,2,$74,02/2020,2020,No
787,339,Visa,Credit,01/2024,YES,1,$7100,01/2020,2020,No
1811,339,Visa,Debit,05/2021,YES,2,$13964,02/2020,2020,No
1062,280,Visa,Credit,11/2020,YES,2,$12000,02/2005,2013,No
5856,280,Mastercard,Debit,07/2021,YES,2,$14710,12/2006,2016,No
2959,280,Mastercard,Credit,02/2024,NO,2,$5600,05/2008,2011,No
123,280,Amex,Credit,05/2007,YES,1,$13600,01/2007,2009,No
2826,280,Mastercard,Debit,01/2023,YES,2,$14592,05/2002,2018,No
4404,1473,Mastercard,Debit,03/2024,YES,1,$16791,08/2013,2013,No
3839,1473,Mastercard,Debit,09/2024,YES,1,$15909,07/2008,2008,No
1535,1473,Mastercard,Debit,06/2022,NO,2,$13466,02/2020,2020,No
5108,65,Mastercard,Debit,11/2020,YES,2,$5066,10/2008,2016,No
4585,65,Visa,Debit,09/2024,YES,2,$13452,09/2005,2012,No
788,1353,Visa,Debit,01/2020,YES,1,$17652,01/2020,2020,No
3156,1353,Visa,Debit,07/2018,YES,1,$22566,05/2014,2014,No
1536,1353,Mastercard,Debit (Prepaid),01/2023,YES,2,$101,02/2020,2020,No
4200,1353,Mastercard,Debit,02/2009,YES,1,$17860,08/2007,2010,No
1812,1353,Visa,Debit,12/2024,YES,1,$13635,02/2020,2020,No
3725,1353,Amex,Credit,10/2024,YES,1,$12800,07/2005,2014,No
966,1353,Mastercard,Debit,04/2022,YES,1,$12076,02/1999,2012,No
1537,736,Mastercard,Credit,05/2024,YES,1,$13500,02/2020,2020,No
509,736,Mastercard,Debit (Prepaid),11/2024,YES,1,$38,01/2020,2020,No
510,736,Mastercard,Debit (Prepaid),09/2024,YES,2,$100,01/2020,2020,No
4482,1670,Visa,Debit,01/2023,YES,1,$24501,08/2019,2019,No
3304,1670,Visa,Credit,11/2020,YES,1,$15100,06/2005,2011,No
5809,1670,Mastercard,Debit,07/2023,YES,2,$14709,12/2004,2013,No
5603,1670,Mastercard,Debit,08/2020,NO,1,$45782,11/2010,2015,No
511,1776,Mastercard,Debit,02/2020,YES,2,$18292,01/2020,2020,No
4938,1776,Amex,Credit,05/2020,YES,1,$13400,10/1999,2012,No
3596,1776,Visa,Credit,05/2021,YES,2,$11100,06/2015,2015,No
1813,1474,Visa,Debit,01/2023,YES,1,$33397,02/2020,2020,No
2032,951,Mastercard,Debit (Prepaid),08/2017,YES,1,$80,03/2002,2008,No
2942,951,Visa,Credit,03/2023,YES,2,$5400,05/2007,2013,No
2628,951,Amex,Credit,06/2021,YES,2,$11000,04/2010,2010,No
3330,951,Visa,Debit,03/2012,YES,1,$8374,06/2006,2010,No
3418,1818,Mastercard,Debit,03/2021,YES,2,$23691,06/2009,2015,No
2259,1818,Visa,Debit,12/2023,YES,2,$15817,03/2010,2013,No
4711,1818,Mastercard,Debit,06/2024,YES,2,$36912,09/2009,2015,No
1814,1450,Visa,Debit,09/2021,YES,2,$36976,02/2020,2020,No
512,1524,Mastercard,Debit,06/2022,YES,1,$52121,01/2020,2020,No
367,1789,Mastercard,Debit,03/2024,YES,1,$12564,01/2018,2018,No
5130,1789,Visa,Debit,05/2021,YES,1,$15981,10/2008,2008,No
5911,767,Visa,Debit,12/2007,YES,2,$12758,12/2007,2011,No
513,767,Mastercard,Debit (Prepaid),01/2020,YES,2,$24,01/2020,2020,No
2111,767,Mastercard,Debit,10/2017,YES,2,$13209,03/2006,2012,No
514,678,Mastercard,Debit,09/2024,YES,1,$11254,01/2020,2020,No
3577,678,Mastercard,Debit,05/2024,YES,2,$16703,06/2014,2014,No
3040,678,Discover,Credit,11/2020,YES,2,$7300,05/2010,2010,No
1300,678,Mastercard,Credit,08/2022,YES,2,$8600,02/2012,2012,No
960,471,Visa,Debit,10/2013,YES,1,$17173,02/1997,2014,No
4415,471,Visa,Credit,03/2020,YES,2,$22000,08/2013,2013,No
5402,471,Mastercard,Debit,11/2009,YES,1,$29739,11/2004,2008,No
3048,757,Mastercard,Debit,02/2020,YES,2,$12905,05/2010,2010,No
4175,757,Mastercard,Debit,10/2022,YES,2,$447,08/2006,2015,No
5458,757,Mastercard,Debit,02/2014,YES,1,$22100,11/2006,2009,No
3947,757,Visa,Debit,03/2024,YES,2,$7616,07/2010,2010,No
515,1724,Mastercard,Debit,07/2021,YES,1,$17665,01/2020,2020,No
5337,1724,Mastercard,Debit,09/2024,YES,1,$12551,10/2019,2019,No
1399,1724,Amex,Credit,05/2022,YES,2,$7400,02/2020,2020,No
1313,1603,Mastercard,Debit,06/2024,YES,2,$14223,02/2013,2013,No
2138,1603,Discover,Credit,03/2012,NO,1,$11200,03/2007,2007,No
2381,1603,Mastercard,Credit,02/2020,YES,1,$14000,03/2019,2019,No
5981,1603,Visa,Debit (Prepaid),09/2022,YES,2,$79,12/2009,2009,No
1815,224,Visa,Debit,02/2020,YES,2,$13547,02/2020,2020,No
1538,808,Mastercard,Debit,06/2022,YES,1,$12626,02/2020,2020,No
3969,808,Mastercard,Debit,07/2024,YES,2,$17042,07/2011,2011,No
3516,808,Mastercard,Debit,01/2024,YES,2,$11930,06/2011,2011,No
5427,1326,Mastercard,Debit,12/2013,YES,2,$10442,11/2005,2005,No
5561,1326,Mastercard,Debit,08/2023,YES,2,$23296,11/2009,2014,No
5212,158,Visa,Debit,06/2015,YES,1,$19555,10/2010,2010,No
516,158,Mastercard,Debit,02/2020,YES,1,$22310,01/2020,2020,No
5722,1928,Mastercard,Credit,02/2021,NO,1,$14800,11/2016,2016,No
2434,1928,Visa,Credit,03/2020,YES,2,$11300,04/2002,2011,No
2442,1928,Mastercard,Debit (Prepaid),09/2022,YES,1,$31,04/2003,2010,No
4493,1928,Mastercard,Debit,05/2024,YES,1,$24090,09/1998,2009,No
2112,1575,Mastercard,Debit,05/2011,YES,1,$18138,03/2006,2008,No
3635,1575,Visa,Debit (Prepaid),05/2023,YES,3,$74,06/2018,2018,No
224,1575,Mastercard,Debit,06/2021,YES,1,$23016,01/2010,2010,No
5582,1575,Visa,Debit,02/2020,YES,2,$35791,11/2009,2009,No
1539,1608,Mastercard,Debit,07/2022,YES,1,$15116,02/2020,2020,No
5843,1455,Visa,Credit,08/2022,YES,1,$8000,12/2005,2011,No
1386,1455,Amex,Credit,01/2023,YES,2,$2200,02/2019,2019,No
789,1455,Visa,Credit,10/2024,YES,1,$6800,01/2020,2020,No
2960,1455,Mastercard,Debit,03/2020,YES,1,$427,05/2008,2010,No
997,1916,Mastercard,Debit,02/2002,YES,1,$22112,02/2002,2010,No
4863,1916,Visa,Debit,04/2018,YES,2,$10211,09/2013,2013,No
5077,1916,Mastercard,Debit,12/2008,YES,1,$11940,10/2007,2011,No
2395,1916,Visa,Credit,09/2021,YES,1,$7400,04/1994,2010,No
3305,1916,Visa,Debit (Prepaid),02/2021,NO,1,$64,06/2005,2014,No
2856,1916,Mastercard,Debit,12/2022,YES,2,$7343,05/2004,2013,No
3258,1916,Visa,Credit,01/2023,YES,1,$5500,06/2003,2010,No
157,1617,Mastercard,Debit,01/2014,YES,2,$3843,01/2008,2009,No
517,143,Mastercard,Debit (Prepaid),02/2020,YES,2,$72,01/2020,2020,No
1540,143,Mastercard,Debit,02/2020,YES,1,$21227,02/2020,2020,No
1541,143,Mastercard,Debit,05/2022,YES,1,$21943,02/2020,2020,No
5003,1176,Mastercard,Debit,04/2020,YES,2,$47833,10/2004,2010,No
2712,1176,Amex,Credit,09/2018,NO,2,$13400,04/2013,2013,No
2629,1176,Amex,Credit,09/2010,YES,1,$21700,04/2010,2010,No
5270,1194,Mastercard,Debit,05/2022,YES,2,$19122,10/2013,2013,No
3644,1194,Visa,Debit,11/2019,YES,2,$17245,06/2019,2019,No
5999,1194,Mastercard,Debit,06/2022,NO,2,$17564,12/2010,2010,No
4614,1194,Visa,Credit,07/2020,YES,1,$14100,09/2006,2011,No
393,423,Amex,Credit,07/2021,YES,1,$11400,01/2020,2020,No
1542,423,Mastercard,Debit,09/2022,YES,2,$18281,02/2020,2020,No
2724,580,Mastercard,Debit,03/2021,YES,1,$14471,04/2014,2014,No
5109,580,Mastercard,Debit,04/2024,YES,1,$11399,10/2008,2010,No
2961,580,Mastercard,Credit,04/2011,YES,3,$12400,05/2008,2008,No
303,4,Visa,Debit,04/2021,YES,2,$27520,01/2012,2012,No
5391,4,Visa,Debit,04/2022,YES,1,$38648,11/2003,2005,No
1083,4,Mastercard,Debit,08/2008,YES,2,$41051,02/2006,2006,No
3413,4,Amex,Credit,03/2014,YES,1,$19300,06/2009,2018,No
4201,4,Mastercard,Debit,12/2023,YES,2,$9683,08/2007,2016,No
3344,530,Mastercard,Debit,02/2020,NO,2,$15061,06/2007,2007,No
5110,530,Mastercard,Debit,02/2022,YES,2,$16652,10/2008,2010,No
4848,530,Mastercard,Debit,02/2020,YES,1,$10970,09/2013,2013,No
4926,530,Visa,Debit,03/2021,YES,2,$15458,09/2019,2019,No
3145,530,Mastercard,Debit,07/2020,YES,2,$11475,05/2014,2014,No
4021,530,Mastercard,Debit,01/2017,YES,1,$12031,07/2014,2014,No
5779,1826,Mastercard,Debit (Prepaid),10/2024,YES,1,$49,12/2002,2009,No
4666,595,Mastercard,Debit,12/2022,YES,2,$14408,09/2008,2008,No
3049,595,Mastercard,Debit,07/2020,YES,1,$18035,05/2010,2010,No
4667,595,Mastercard,Debit,04/2022,YES,2,$16786,09/2008,2008,No
2128,595,Visa,Debit,02/2020,YES,1,$12009,03/2006,2009,No
4423,1022,Discover,Credit,04/2021,YES,1,$6800,08/2014,2014,No
2504,1022,Mastercard,Credit,07/2021,YES,1,$10300,04/2006,2009,No
5148,1022,Mastercard,Debit,03/2021,YES,2,$16274,10/2009,2009,No
518,1108,Mastercard,Credit,01/2020,YES,1,$28000,01/2020,2020,No
790,1108,Visa,Debit,04/2024,YES,2,$4201,01/2020,2020,No
2525,246,Discover,Credit,10/2015,YES,1,$25300,04/2007,2012,No
1158,246,Visa,Debit,03/2022,YES,1,$40350,02/2008,2014,No
3400,246,Visa,Credit,08/2018,YES,1,$22500,06/2008,2010,No
6075,246,Visa,Debit,10/2023,YES,1,$26110,12/2012,2012,No
519,270,Mastercard,Debit (Prepaid),02/2020,YES,1,$46,01/2020,2020,No
1543,270,Mastercard,Debit,09/2020,YES,1,$24886,02/2020,2020,No
1816,270,Visa,Debit,07/2022,YES,2,$12257,02/2020,2020,No
520,270,Mastercard,Debit,01/2020,NO,2,$27489,01/2020,2020,No
5626,1945,Visa,Credit,07/2022,YES,1,$9700,11/2010,2012,No
3381,1945,Mastercard,Debit,03/2024,YES,1,$11712,06/2008,2019,No
4018,1945,Amex,Credit,02/2020,YES,2,$5900,07/2014,2014,No
3614,1945,Visa,Debit,04/2021,YES,1,$10318,06/2016,2016,No
3763,1540,Mastercard,Debit,12/2014,YES,1,$3836,07/2006,2009,No
3496,1540,Visa,Credit,12/2023,YES,2,$13200,06/2010,2011,No
5562,1540,Mastercard,Debit (Prepaid),08/2021,NO,2,$56,11/2009,2011,No
394,1149,Amex,Credit,01/2020,YES,2,$13800,01/2020,2020,No
521,1438,Mastercard,Debit,09/2022,YES,2,$7767,01/2020,2020,No
3077,409,Visa,Debit,09/2022,YES,1,$14999,05/2010,2010,No
4007,409,Mastercard,Debit,01/2024,YES,2,$9281,07/2013,2013,No
5690,409,Visa,Debit,03/2024,NO,1,$15512,11/2013,2013,No
1817,694,Visa,Debit (Prepaid),04/2023,YES,2,$67,02/2020,2020,No
5583,694,Visa,Debit,09/2022,YES,1,$10564,11/2009,2010,No
2371,382,Mastercard,Debit,08/2019,YES,1,$13206,03/2018,2018,No
5415,382,Visa,Debit,08/2024,YES,1,$11809,11/2004,2010,No
2103,382,Discover,Credit,06/2024,YES,1,$8800,03/2006,2008,No
5324,629,Visa,Debit,05/2018,NO,1,$29793,10/2017,2017,No
5523,629,Mastercard,Debit (Prepaid),03/2022,YES,1,$80,11/2008,2008,No
2560,629,Mastercard,Debit,04/2024,YES,2,$24739,04/2008,2011,No
4712,629,Mastercard,Debit,01/2020,YES,2,$32447,09/2009,2009,No
124,629,Amex,Credit,11/2020,NO,2,$20900,01/2007,2007,No
5392,1211,Visa,Debit,05/2024,YES,1,$23912,11/2003,2009,No
2400,1211,Amex,Credit,11/2024,YES,2,$8200,04/1998,2010,No
3721,1211,Visa,Debit,02/2008,YES,2,$119,07/2004,2012,No
5563,1211,Mastercard,Debit,04/2017,YES,1,$19137,11/2009,2012,No
5524,823,Mastercard,Debit,10/2021,YES,1,$13609,11/2008,2010,No
2868,823,Visa,Credit,02/2021,YES,2,$8600,05/2004,2012,No
1400,1304,Amex,Credit,02/2020,YES,2,$27000,02/2020,2020,No
426,1304,Discover,Credit,06/2021,YES,2,$17500,01/2020,2020,No
791,1304,Visa,Credit,02/2020,YES,1,$21000,01/2020,2020,No
2639,89,Mastercard,Debit,02/2023,YES,2,$9401,04/2010,2011,No
5584,89,Visa,Debit,06/2023,YES,2,$17146,11/2009,2009,No
2998,89,Mastercard,Debit,06/2021,YES,2,$10863,05/2009,2011,No
2640,89,Mastercard,Debit,07/2018,YES,1,$9742,04/2010,2010,No
1544,1751,Mastercard,Credit,02/2021,YES,2,$4600,02/2020,2020,No
792,1751,Visa,Debit,07/2022,YES,1,$29925,01/2020,2020,No
5377,888,Mastercard,Debit,07/2021,YES,2,$10305,11/2002,2010,No
4668,81,Mastercard,Credit,10/2023,YES,2,$13300,09/2008,2008,No
2897,81,Mastercard,Debit (Prepaid),10/2012,YES,2,$48,05/2006,2014,No
96,81,Mastercard,Credit,01/2020,NO,2,$0,01/2006,2012,No
4525,81,Visa,Credit,02/2022,NO,1,$10600,09/2002,2013,No
2962,81,Mastercard,Debit,03/2021,YES,2,$1778,05/2008,2011,No
793,1021,Visa,Debit,09/2021,YES,1,$47523,01/2020,2020,No
522,1021,Mastercard,Debit (Prepaid),04/2024,YES,1,$82,01/2020,2020,No
3112,826,Amex,Credit,03/2017,YES,1,$19400,05/2012,2012,No
311,826,Mastercard,Debit,11/2014,YES,1,$23403,01/2013,2013,No
69,826,Mastercard,Credit,05/2024,YES,1,$13900,01/2005,2012,No
4966,87,Mastercard,Debit (Prepaid),03/2008,YES,1,$95,10/2002,2011,No
3607,87,Mastercard,Debit,06/2022,YES,2,$20417,06/2016,2016,No
109,87,Visa,Credit,05/2022,YES,1,$6300,01/2006,2011,No
6118,1833,Mastercard,Debit,01/2020,YES,1,$16064,12/2016,2016,No
1545,1833,Mastercard,Debit (Prepaid),03/2020,YES,1,$98,02/2020,2020,No
2345,1833,Visa,Debit,07/2015,YES,2,$16386,03/2015,2015,No
1818,1833,Visa,Credit,03/2023,YES,1,$10100,02/2020,2020,No
794,1833,Visa,Debit,10/2020,YES,2,$3472,01/2020,2020,No
395,829,Amex,Credit,04/2022,YES,1,$7700,01/2020,2020,No
523,829,Mastercard,Debit,10/2023,YES,3,$11018,01/2020,2020,No
3636,829,Visa,Credit,04/2024,YES,2,$8200,06/2018,2018,No
3840,1879,Mastercard,Debit,09/2018,YES,1,$4976,07/2008,2008,No
5399,1879,Amex,Credit,07/2018,YES,1,$4100,11/2004,2009,No
4560,236,Visa,Debit,07/2021,YES,2,$6076,09/2004,2011,No
1546,1619,Mastercard,Credit,12/2021,YES,3,$8000,02/2020,2020,No
1443,1619,Discover,Credit,08/2023,YES,2,$14600,02/2020,2020,No
5111,1619,Mastercard,Credit,03/2024,YES,1,$8300,10/2008,2010,No
3015,1619,Visa,Debit,08/2024,YES,2,$19054,05/2009,2017,No
1547,1146,Mastercard,Debit,03/2020,YES,1,$29265,02/2020,2020,No
1548,1146,Mastercard,Debit,02/2020,YES,1,$22245,02/2020,2020,No
1549,1146,Mastercard,Debit,10/2021,YES,2,$17028,02/2020,2020,No
1172,803,Mastercard,Debit (Prepaid),02/2020,YES,2,$67,02/2009,2014,No
3222,803,Discover,Credit,10/2005,YES,2,$15300,06/2001,2011,No
4882,803,Mastercard,Debit,01/2021,YES,1,$20552,09/2015,2015,No
524,193,Mastercard,Debit (Prepaid),03/2021,YES,2,$32,01/2020,2020,No
297,1686,Mastercard,Debit,02/2024,YES,1,$48003,01/2012,2012,No
2617,1686,Visa,Credit,07/2024,YES,1,$16300,04/2009,2013,No
2999,1686,Mastercard,Credit,04/2024,YES,2,$10800,05/2009,2010,No
89,1959,Amex,Credit,02/2021,YES,2,$11100,01/2006,2009,No
1281,1342,Visa,Debit (Prepaid),06/2022,YES,3,$64,02/2011,2011,No
2070,1371,Visa,Credit,11/2022,YES,1,$17300,03/2004,2007,No
2328,1371,Mastercard,Credit,04/2023,YES,1,$13900,03/2014,2014,No
3117,1371,Mastercard,Debit,02/2020,YES,2,$23807,05/2012,2012,No
4059,1371,Visa,Debit (Prepaid),06/2021,NO,2,$140,07/2017,2017,No
4446,1371,Mastercard,Debit,12/2024,YES,2,$26329,08/2015,2015,No
3929,1371,Mastercard,Debit,09/2023,NO,1,$25224,07/2010,2011,No
4387,1067,Discover,Credit,12/2020,YES,2,$8500,08/2012,2012,No
1063,1067,Visa,Credit,06/2023,NO,1,$11200,02/2005,2009,No
3382,1067,Mastercard,Debit,01/2013,YES,2,$14576,06/2008,2011,No
3016,1067,Visa,Credit,04/2021,YES,1,$9000,05/2009,2009,No
1819,1067,Visa,Debit,06/2020,YES,1,$21409,02/2020,2020,No
2602,1019,Mastercard,Debit,03/2014,YES,2,$7406,04/2009,2014,No
5170,1019,Visa,Credit,03/2016,YES,2,$3300,10/2009,2010,No
5112,1019,Mastercard,Credit,11/2023,YES,1,$7300,10/2008,2010,No
4794,1019,Visa,Debit,10/2024,YES,1,$4386,09/2010,2016,No
6025,1568,Visa,Credit,07/2023,YES,1,$13000,12/2010,2012,No
977,1568,Mastercard,Debit,04/2020,YES,2,$14418,02/2000,2005,No
3000,1568,Mastercard,Debit,07/2022,YES,2,$9120,05/2009,2013,No
2913,1765,Visa,Debit,02/2013,YES,1,$11588,05/2006,2008,No
4808,1765,Mastercard,Credit,10/2023,NO,1,$7500,09/2011,2011,No
4376,1765,Visa,Debit,09/2011,YES,2,$18042,08/2011,2011,No
5731,1875,Mastercard,Debit,08/2018,YES,2,$13694,11/2017,2017,No
4100,1875,Mastercard,Debit,04/2021,YES,2,$15849,08/2001,2009,No
4167,1875,Visa,Debit,06/2024,YES,1,$16566,08/2005,2009,No
5955,1875,Discover,Credit,04/2012,YES,1,$10400,12/2009,2009,No
1550,1111,Mastercard,Credit,02/2020,YES,1,$9200,02/2020,2020,No
1551,1111,Mastercard,Debit,02/2020,YES,2,$17967,02/2020,2020,No
396,1111,Amex,Credit,01/2021,YES,2,$8400,01/2020,2020,No
525,1160,Mastercard,Debit,09/2024,YES,1,$14168,01/2020,2020,No
1820,1160,Visa,Debit,06/2020,YES,1,$3149,02/2020,2020,No
1552,1574,Mastercard,Debit,04/2023,YES,1,$13161,02/2020,2020,No
1041,189,Visa,Credit,09/2020,YES,2,$11700,02/2004,2008,No
1370,189,Mastercard,Debit,01/2019,YES,1,$17678,02/2017,2017,No
4887,189,Visa,Debit (Prepaid),04/2020,YES,1,$81,09/2015,2015,No
4055,189,Mastercard,Debit,01/2023,YES,2,$26231,07/2017,2017,No
2367,466,Visa,Credit,11/2021,YES,1,$7700,03/2017,2017,No
5467,466,Visa,Credit,08/2022,YES,1,$6800,11/2006,2009,No
2247,466,Mastercard,Debit,03/2023,YES,2,$736,03/2010,2015,No
5263,659,Visa,Debit (Prepaid),08/2018,YES,1,$96,10/2012,2012,No
5304,659,Mastercard,Debit,04/2017,NO,1,$14977,10/2015,2015,No
1821,659,Visa,Debit,04/2023,YES,1,$13162,02/2020,2020,No
4864,659,Visa,Debit,11/2019,YES,2,$17649,09/2013,2013,No
5658,659,Visa,Debit,02/2021,YES,1,$10538,11/2011,2011,No
5486,659,Mastercard,Credit,02/2022,YES,2,$10500,11/2007,2011,No
128,659,Mastercard,Debit (Prepaid),11/2020,YES,2,$74,01/2007,2010,No
4973,942,Visa,Debit,02/2018,YES,1,$39441,10/2002,2008,No
3174,942,Mastercard,Debit,11/2022,YES,2,$27720,05/2016,2016,No
2670,942,Amex,Credit,05/2023,YES,1,$20800,04/2011,2013,No
2772,942,Visa,Credit,10/2022,YES,2,$5300,04/2017,2017,No
22,1234,Visa,Debit (Prepaid),01/2023,NO,1,$65,01/2001,2007,No
1822,841,Visa,Debit,08/2021,YES,2,$20182,02/2020,2020,No
795,841,Visa,Credit,01/2020,YES,2,$8700,01/2020,2020,No
796,1388,Visa,Credit,05/2020,YES,1,$23300,01/2020,2020,No
797,1388,Visa,Debit,02/2020,YES,1,$8989,01/2020,2020,No
1553,1056,Mastercard,Debit,02/2024,YES,1,$41816,02/2020,2020,No
798,1056,Visa,Debit,03/2020,YES,1,$16202,01/2020,2020,No
3586,1056,Visa,Debit,10/2020,YES,2,$39457,06/2014,2014,No
3441,345,Visa,Credit,09/2024,YES,3,$7900,06/2009,2009,No
1084,308,Mastercard,Credit,01/2023,YES,2,$7400,02/2006,2008,No
3628,308,Mastercard,Debit (Prepaid),08/2023,YES,2,$107,06/2018,2018,No
2421,1922,Visa,Debit (Prepaid),03/2021,YES,1,$24,04/2001,2009,No
3280,1156,Visa,Debit,08/2022,YES,2,$88743,06/2004,2010,No
12,1156,Visa,Credit,02/2023,NO,1,$57200,01/1999,2011,No
3143,1156,Discover,Credit,08/2022,NO,1,$2500,05/2014,2014,No
4128,1156,Mastercard,Debit,12/2009,YES,1,$151223,08/2004,2009,No
175,1156,Visa,Credit,02/2020,YES,1,$61100,01/2008,2010,No
3764,561,Mastercard,Debit,04/2022,YES,1,$26960,07/2006,2010,No
6053,561,Visa,Debit,12/2022,YES,1,$16531,12/2011,2011,No
2716,561,Mastercard,Debit (Prepaid),05/2024,YES,1,$69,04/2013,2013,No
6119,561,Mastercard,Debit,08/2021,YES,1,$14054,12/2016,2016,No
4575,561,Mastercard,Credit,12/2024,YES,1,$9100,09/2005,2015,No
526,507,Mastercard,Debit (Prepaid),02/2020,YES,3,$74,01/2020,2020,No
5316,1522,Visa,Credit,06/2024,YES,2,$23000,10/2016,2016,No
5213,1522,Visa,Credit,09/2024,YES,2,$21900,10/2010,2013,No
368,1522,Mastercard,Credit,02/2020,YES,2,$11200,01/2018,2018,No
5545,695,Visa,Debit,12/2020,YES,1,$22676,11/2008,2012,No
3442,285,Visa,Debit (Prepaid),02/2022,YES,1,$65,06/2009,2009,No
4196,285,Discover,Credit,08/2010,YES,2,$12000,08/2007,2012,No
2156,285,Visa,Debit,05/2020,YES,1,$20723,03/2007,2013,No
2927,285,Mastercard,Credit,01/2023,YES,2,$11500,05/2007,2007,No
5747,285,Discover,Credit,04/2021,YES,2,$7300,12/1991,2009,No
5041,113,Amex,Credit,07/2010,NO,1,$14400,10/2006,2010,No
3608,113,Mastercard,Credit,10/2021,YES,2,$14200,06/2016,2016,No
3705,113,Visa,Debit,06/2020,YES,1,$18818,07/2003,2008,No
4586,113,Visa,Debit,02/2022,YES,1,$20509,09/2005,2007,No
4526,113,Visa,Debit,01/2023,YES,1,$17510,09/2002,2008,No
4937,1039,Visa,Debit,06/2024,YES,1,$3335,10/1998,2012,No
5791,1039,Mastercard,Debit,02/2020,YES,2,$4598,12/2003,2017,No
304,1039,Visa,Credit,01/2020,YES,2,$4900,01/2012,2012,No
5004,1039,Mastercard,Debit,08/2013,YES,2,$18498,10/2004,2010,No
2943,176,Visa,Debit,02/2024,YES,2,$7312,05/2007,2008,No
2603,176,Mastercard,Debit,06/2024,YES,2,$34799,04/2009,2014,No
972,176,Visa,Debit,04/2021,YES,2,$19882,02/1999,2010,No
6026,176,Visa,Debit (Prepaid),12/2019,YES,2,$57,12/2010,2017,No
2049,1104,Visa,Debit,06/2005,YES,1,$14383,03/2003,2011,No
4507,1104,Visa,Debit,12/2005,NO,1,$20666,09/2000,2011,No
4768,1104,Mastercard,Credit,04/2024,NO,1,$8600,09/2010,2012,No
4849,1104,Mastercard,Credit,10/2021,YES,2,$11400,09/2013,2013,No
3994,1104,Mastercard,Debit,12/2012,YES,2,$19695,07/2012,2012,No
5766,1104,Visa,Debit,05/2021,YES,1,$16578,12/2000,2010,No
5297,946,Visa,Credit,09/2020,YES,2,$8700,10/2014,2014,No
5403,946,Mastercard,Credit,01/2022,YES,1,$10600,11/2004,2013,No
97,946,Mastercard,Debit,02/2021,YES,1,$12925,01/2006,2010,No
4487,946,Mastercard,Debit,10/1997,YES,2,$906,09/1994,2013,No
527,1465,Mastercard,Credit,01/2023,YES,1,$11600,01/2020,2020,No
4903,1465,Amex,Credit,06/2021,YES,2,$10700,09/2017,2017,No
1173,1465,Mastercard,Debit,02/2022,NO,1,$42142,02/2009,2010,No
1554,25,Mastercard,Credit,02/2020,YES,1,$4000,02/2020,2020,No
1350,571,Amex,Credit,11/2015,YES,2,$7200,02/2015,2015,No
312,571,Mastercard,Debit,02/2023,YES,2,$13019,01/2013,2013,No
4047,571,Visa,Debit,11/2023,YES,1,$16647,07/2016,2016,No
5960,571,Mastercard,Debit,02/2017,YES,1,$12247,12/2009,2009,No
528,1396,Mastercard,Debit (Prepaid),02/2020,YES,1,$23,01/2020,2020,No
799,1396,Visa,Debit (Prepaid),05/2024,YES,1,$91,01/2020,2020,No
1555,1396,Mastercard,Debit (Prepaid),02/2020,YES,2,$77,02/2020,2020,No
1823,599,Visa,Debit,03/2021,YES,1,$82677,02/2020,2020,No
800,599,Visa,Credit,07/2023,YES,2,$23400,01/2020,2020,No
529,599,Mastercard,Debit,01/2020,YES,1,$72868,01/2020,2020,No
4539,1074,Visa,Debit,09/2024,NO,2,$15029,09/2003,2007,No
3903,1074,Visa,Credit,05/2021,YES,1,$9700,07/2009,2013,No
5961,1074,Mastercard,Debit,12/2023,YES,2,$6847,12/2009,2009,No
2044,1074,Mastercard,Credit,07/2022,YES,2,$4800,03/2003,2011,No
4108,1074,Mastercard,Debit,02/2022,YES,1,$17294,08/2002,2010,No
5680,214,Visa,Credit,11/2012,YES,3,$0,11/2012,2012,No
5005,771,Mastercard,Debit,10/2024,YES,2,$5857,10/2004,2007,No
4986,771,Mastercard,Debit,01/2023,YES,2,$17536,10/2003,2010,No
3803,771,Mastercard,Debit (Prepaid),09/2020,YES,2,$61,07/2007,2016,No
5104,520,Amex,Credit,04/2024,YES,1,$13300,10/2008,2014,No
2020,520,Mastercard,Debit,05/2022,YES,1,$34278,03/2001,2010,No
4129,520,Mastercard,Debit,10/2007,YES,2,$38235,08/2004,2016,No
3948,520,Visa,Debit,09/2024,NO,2,$1587,07/2010,2013,No
2659,520,Visa,Debit,10/2022,YES,2,$28156,04/2010,2010,No
5468,288,Visa,Credit,05/2022,NO,1,$6500,11/2006,2018,No
6039,288,Mastercard,Debit,10/2012,YES,2,$4324,12/2011,2011,No
3497,288,Visa,Debit,01/2022,YES,2,$1112,06/2010,2010,No
1824,1979,Visa,Credit,02/2020,YES,1,$19600,02/2020,2020,No
2548,1979,Visa,Debit,05/2023,YES,2,$15182,04/2007,2009,No
4396,1979,Visa,Credit,05/2017,YES,1,$14200,08/2012,2012,No
2812,1979,Mastercard,Debit,08/2022,YES,1,$30065,05/2001,2011,No
1825,1253,Visa,Credit,05/2022,NO,1,$10600,02/2020,2020,No
5691,1253,Visa,Debit,08/2020,YES,1,$39764,11/2013,2013,No
3841,1253,Mastercard,Debit,10/2023,YES,1,$27208,07/2008,2008,No
2248,1253,Mastercard,Debit,03/2016,NO,1,$29637,03/2010,2010,No
1556,1253,Mastercard,Debit,02/2020,YES,1,$24442,02/2020,2020,No
2561,1253,Mastercard,Debit,09/2024,YES,2,$28390,04/2008,2008,No
4869,311,Amex,Credit,01/2024,YES,2,$6600,09/2014,2014,No
4094,311,Mastercard,Debit,10/2007,YES,1,$11510,08/1999,2011,No
4600,311,Mastercard,Credit,06/2012,YES,1,$6400,09/2006,2011,No
93,311,Discover,Credit,08/2024,YES,1,$1800,01/2006,2007,No
81,1346,Visa,Credit,03/2024,YES,2,$1500,01/2005,2009,No
801,1346,Visa,Debit,01/2020,YES,1,$14813,01/2020,2020,No
2877,1622,Mastercard,Debit,12/2020,YES,2,$40176,05/2005,2009,No
90,852,Amex,Credit,10/2023,YES,1,$10300,01/2006,2013,No
1282,852,Visa,Credit,01/2020,YES,2,$4400,02/2011,2011,No
4187,852,Visa,Debit,04/2019,YES,2,$15878,08/2006,2008,No
4039,1394,Visa,Credit,06/2020,YES,2,$8500,07/2015,2015,No
530,1394,Mastercard,Debit,10/2023,YES,2,$18022,01/2020,2020,No
3468,1394,Mastercard,Debit,06/2016,YES,1,$19597,06/2010,2010,No
6027,1394,Visa,Debit,09/2021,YES,1,$51504,12/2010,2010,No
82,957,Visa,Debit,10/2021,YES,2,$28717,01/2005,2014,No
5042,957,Amex,Credit,11/2021,NO,1,$7100,10/2006,2006,No
4532,957,Mastercard,Debit,06/2020,NO,1,$27974,09/2003,2012,No
5078,515,Mastercard,Debit,12/2022,NO,2,$6629,10/2007,2008,No
5487,515,Mastercard,Debit,03/2024,YES,2,$2093,11/2007,2015,No
3984,515,Visa,Debit,09/2023,YES,2,$27053,07/2011,2011,No
3235,515,Mastercard,Debit,05/2023,YES,2,$15800,06/2002,2012,No
2831,1303,Visa,Debit,05/2015,YES,1,$20699,05/2002,2008,No
2705,1303,Visa,Debit,11/2020,YES,2,$31662,04/2012,2012,No
6000,1303,Mastercard,Credit,06/2023,YES,1,$18900,12/2010,2011,No
5059,1303,Visa,Credit,11/2006,YES,2,$14200,10/2006,2010,No
6085,1303,Mastercard,Debit,12/2022,YES,2,$25292,12/2013,2013,No
1557,1303,Mastercard,Debit,03/2023,YES,1,$19299,02/2020,2020,No
4226,1303,Visa,Debit,03/2017,YES,2,$27215,08/2007,2010,No
3765,1287,Mastercard,Debit,04/2012,YES,2,$10934,07/2006,2015,No
5564,296,Mastercard,Credit,04/2015,YES,2,$20300,11/2009,2010,No
4939,296,Amex,Credit,10/2012,YES,2,$9700,10/1999,2007,No
3331,296,Visa,Debit (Prepaid),08/2023,NO,2,$87,06/2006,2006,No
1330,1059,Visa,Credit,02/2023,YES,2,$11700,02/2013,2013,No
2641,1059,Mastercard,Debit,12/2024,YES,2,$16460,04/2010,2010,No
4483,1059,Visa,Debit,04/2023,YES,1,$27036,08/2019,2019,No
5641,1378,Amex,Credit,06/2020,YES,2,$3100,11/2011,2011,No
283,1378,Visa,Debit,08/2021,YES,1,$21757,01/2011,2011,No
4227,1378,Visa,Debit,07/2021,YES,2,$15925,08/2007,2007,No
2921,1378,Amex,Credit,12/2019,YES,1,$10100,05/2007,2016,No
4066,1297,Mastercard,Debit,07/2022,YES,2,$20660,07/2018,2018,No
1242,1297,Visa,Debit,05/2022,YES,1,$18301,02/2010,2010,No
5627,1297,Visa,Credit,05/2011,YES,2,$14200,11/2010,2018,No
5982,1727,Visa,Debit,06/2024,YES,1,$24230,12/2009,2011,No
319,1727,Visa,Debit,10/2013,YES,1,$19636,01/2013,2013,No
1379,1727,Mastercard,Debit (Prepaid),07/2024,YES,3,$102,02/2018,2018,No
5329,1727,Mastercard,Debit,09/2022,YES,2,$21218,10/2018,2018,No
4918,1727,Visa,Debit,03/2021,YES,2,$27066,09/2018,2018,No
3766,1727,Mastercard,Debit,06/2016,YES,2,$19723,07/2006,2010,No
1826,310,Visa,Debit,12/2020,YES,2,$21990,02/2020,2020,No
531,310,Mastercard,Debit,11/2021,YES,2,$26251,01/2020,2020,No
1359,673,Visa,Debit,04/2022,NO,2,$14614,02/2015,2015,No
2422,673,Visa,Credit,11/2022,YES,1,$12800,04/2001,2003,No
978,673,Mastercard,Debit,02/2006,YES,2,$17897,02/2000,2013,No
1827,673,Visa,Credit,06/2024,YES,1,$8700,02/2020,2020,No
4570,1283,Amex,Credit,09/2021,YES,2,$19500,09/2005,2007,No
2341,1283,Mastercard,Debit,06/2015,YES,1,$24111,03/2015,2015,No
5305,1283,Mastercard,Debit,06/2023,YES,1,$34839,10/2015,2015,No
3469,1283,Mastercard,Credit,04/2023,YES,1,$12800,06/2010,2012,No
5404,1239,Mastercard,Credit,10/2021,YES,2,$9600,11/2004,2011,No
3744,1239,Visa,Debit,04/2022,YES,2,$15112,07/2005,2016,No
532,1239,Mastercard,Credit,09/2024,YES,2,$11100,01/2020,2020,No
1243,1239,Visa,Debit,06/2023,YES,1,$14295,02/2010,2010,No
533,1691,Mastercard,Credit,02/2020,YES,1,$5400,01/2020,2020,No
225,1078,Mastercard,Debit,10/2023,YES,2,$18092,01/2010,2015,No
5488,1078,Mastercard,Debit,12/2022,YES,2,$23244,11/2007,2007,No
4397,124,Visa,Debit,04/2023,YES,1,$12639,08/2012,2012,No
4022,124,Mastercard,Debit,12/2021,YES,1,$13482,07/2014,2014,No
3050,124,Mastercard,Debit,03/2024,YES,1,$13022,05/2010,2010,No
2725,124,Mastercard,Debit,02/2020,NO,2,$23999,04/2014,2014,No
2819,99,Visa,Debit,01/2020,YES,2,$12837,05/2001,2013,No
3345,99,Mastercard,Debit,07/2012,YES,1,$25177,06/2007,2012,No
2869,99,Visa,Credit,01/2006,YES,1,$18800,05/2004,2011,No
2736,1722,Visa,Credit,03/2020,YES,2,$3900,04/2014,2014,No
427,562,Discover,Credit,02/2023,YES,2,$7200,01/2020,2020,No
3250,750,Mastercard,Debit,12/2024,YES,2,$11749,06/2003,2015,No
4550,750,Mastercard,Debit (Prepaid),01/2021,YES,1,$77,09/2004,2011,No
5251,1223,Visa,Debit,11/2011,YES,2,$86262,10/2011,2011,No
1042,1223,Visa,Debit,06/2010,YES,1,$92939,02/2004,2011,No
384,1223,Visa,Debit,02/2024,YES,2,$64613,01/2019,2019,No
1828,1319,Visa,Debit,02/2020,YES,2,$27305,02/2020,2020,No
4271,575,Visa,Debit,01/2023,YES,1,$24546,08/2008,2010,No
369,575,Mastercard,Debit,09/2018,YES,1,$25121,01/2018,2018,No
3663,575,Discover,Credit,09/2022,YES,1,$17000,07/2001,2018,No
5278,575,Visa,Credit,05/2023,YES,2,$6800,10/2013,2013,No
4360,575,Mastercard,Credit,12/2013,YES,2,$15100,08/2011,2011,No
3842,428,Mastercard,Credit,09/2013,YES,1,$14300,07/2008,2008,No
1351,428,Amex,Credit,11/2024,YES,2,$8800,02/2015,2015,No
3126,828,Visa,Credit,05/2023,YES,2,$4100,05/2012,2012,No
4235,828,Amex,Credit,08/2021,YES,1,$9500,08/2008,2016,No
3767,828,Mastercard,Credit,06/2010,YES,1,$8500,07/2006,2011,No
1829,1580,Visa,Debit,05/2023,NO,2,$21741,02/2020,2020,No
1830,1580,Visa,Debit,09/2020,YES,1,$1741,02/2020,2020,No
1558,1570,Mastercard,Debit (Prepaid),04/2021,YES,2,$74,02/2020,2020,No
1831,1570,Visa,Credit,02/2024,NO,1,$8700,02/2020,2020,No
534,1570,Mastercard,Debit (Prepaid),03/2024,YES,1,$63,01/2020,2020,No
221,846,Amex,Credit,10/2022,YES,2,$18400,01/2010,2015,No
2789,846,Visa,Credit,12/2022,YES,2,$9700,04/2019,2019,No
3886,846,Mastercard,Credit,01/2022,YES,1,$13800,07/2009,2017,No
3443,846,Visa,Credit,06/2020,YES,2,$0,06/2009,2011,No
1244,666,Visa,Debit,10/2020,YES,2,$22501,02/2010,2010,No
4838,335,Visa,Debit,09/2013,YES,2,$25307,09/2012,2012,No
5131,335,Visa,Debit,06/2020,YES,1,$23401,10/2008,2011,No
353,335,Mastercard,Debit,07/2020,YES,1,$34385,01/2016,2016,No
5016,639,Visa,Debit,01/2023,YES,2,$15485,10/2004,2010,No
129,639,Mastercard,Debit,11/2022,NO,3,$14156,01/2007,2018,No
4877,639,Visa,Credit,11/2021,YES,2,$12400,09/2014,2014,No
4833,639,Mastercard,Debit,05/2024,YES,2,$14850,09/2012,2012,No
3673,386,Mastercard,Debit,10/2023,YES,1,$25093,07/2002,2006,No
535,886,Mastercard,Debit,01/2020,NO,1,$19991,01/2020,2020,No
536,297,Mastercard,Debit (Prepaid),09/2022,YES,2,$29,01/2020,2020,No
1832,1860,Visa,Debit,08/2023,YES,2,$28422,02/2020,2020,No
1833,1860,Visa,Credit,02/2020,YES,1,$10100,02/2020,2020,No
4244,1860,Mastercard,Debit (Prepaid),12/2023,YES,2,$40,08/2008,2018,No
211,581,Visa,Debit,08/2020,YES,1,$12589,01/2009,2011,No
2320,581,Visa,Debit,09/2023,YES,2,$11885,03/2013,2013,No
3691,581,Mastercard,Debit,03/2024,YES,1,$18820,07/2003,2008,No
4615,1910,Visa,Debit,06/2020,YES,2,$8562,09/2006,2008,No
5505,1910,Visa,Debit,05/2022,YES,1,$5933,11/2007,2009,No
3242,1910,Visa,Debit (Prepaid),10/2024,YES,2,$33,06/2002,2018,No
3288,1910,Mastercard,Debit,08/2021,YES,1,$10764,06/2005,2007,No
1559,731,Mastercard,Credit,06/2020,YES,1,$8900,02/2020,2020,No
5659,731,Visa,Debit,01/2024,YES,2,$6781,11/2011,2011,No
802,731,Visa,Debit,01/2020,YES,2,$12116,01/2020,2020,No
1111,21,Mastercard,Debit,08/2021,YES,2,$21131,02/2007,2007,No
2745,21,Mastercard,Debit,06/2015,YES,2,$13383,04/2015,2015,No
4769,21,Mastercard,Debit (Prepaid),05/2023,YES,1,$58,09/2010,2010,No
5777,273,Discover,Credit,02/2021,YES,2,$14600,12/2002,2008,No
397,63,Amex,Credit,01/2020,NO,1,$6600,01/2020,2020,No
2805,63,Visa,Debit,06/2020,YES,1,$23806,05/1999,2008,No
60,63,Visa,Debit,11/2022,YES,2,$17082,01/2004,2011,No
5489,63,Mastercard,Debit,09/2024,YES,1,$16422,11/2007,2011,No
4632,63,Mastercard,Debit,04/2024,YES,1,$15353,09/2007,2011,No
4067,63,Mastercard,Debit (Prepaid),07/2024,YES,1,$66,07/2018,2018,No
537,786,Mastercard,Debit,07/2024,YES,2,$7221,01/2020,2020,No
1834,786,Visa,Debit,07/2022,YES,2,$21032,02/2020,2020,No
538,1886,Mastercard,Credit,09/2022,YES,1,$11900,01/2020,2020,No
803,1886,Visa,Debit,02/2020,YES,2,$15328,01/2020,2020,No
270,103,Mastercard,Debit,02/2020,YES,1,$15023,01/2011,2011,No
5113,103,Mastercard,Credit,03/2023,YES,2,$8500,10/2008,2008,No
3930,103,Mastercard,Debit,12/2014,YES,2,$17667,07/2010,2011,No
110,103,Visa,Debit,04/2023,YES,2,$20549,01/2006,2007,No
967,103,Mastercard,Debit,11/2009,YES,1,$1738,02/1999,2007,No
5681,1193,Visa,Debit,11/2020,YES,1,$34013,11/2012,2012,No
4023,1193,Mastercard,Debit,12/2022,YES,1,$38290,07/2014,2014,No
5962,1193,Mastercard,Debit,12/2018,YES,1,$17718,12/2009,2010,No
4533,1193,Mastercard,Debit,01/2020,NO,1,$25878,09/2003,2009,No
2963,1193,Mastercard,Debit,03/2013,YES,1,$22858,05/2008,2010,No
5881,585,Mastercard,Debit,09/2024,NO,1,$19913,12/2007,2010,No
1560,1532,Mastercard,Debit,06/2022,YES,1,$18648,02/2020,2020,No
3215,1958,Mastercard,Debit,01/2023,YES,1,$9676,06/2000,2009,No
3680,1958,Visa,Credit,07/2024,YES,2,$4900,07/2002,2004,No
1283,1958,Visa,Debit (Prepaid),04/2023,YES,1,$62,02/2011,2011,No
3578,1958,Mastercard,Debit,08/2020,YES,1,$17957,06/2014,2014,No
3843,1958,Mastercard,Credit,10/2023,YES,2,$13100,07/2008,2008,No
4594,744,Discover,Credit,01/2021,YES,1,$10700,09/2006,2017,No
5720,744,Amex,Credit,04/2022,YES,1,$14400,11/2016,2016,No
4571,744,Amex,Credit,08/2021,YES,1,$20400,09/2005,2016,No
4158,744,Mastercard,Debit,12/2024,YES,2,$1816,08/2005,2009,No
2849,744,Amex,Credit,11/2009,YES,2,$2200,05/2004,2008,No
4140,1836,Visa,Credit,01/2020,YES,2,$4600,08/2004,2011,No
2450,477,Visa,Debit (Prepaid),12/2022,YES,2,$91,04/2003,2015,No
2692,477,Mastercard,Credit,02/2024,NO,2,$14400,04/2012,2012,No
1064,477,Visa,Debit,09/2007,YES,1,$18647,02/2005,2007,No
4168,477,Visa,Credit,10/2020,YES,1,$18100,08/2005,2008,No
3419,477,Mastercard,Debit (Prepaid),04/2020,YES,2,$35,06/2009,2009,No
1835,1713,Visa,Debit,04/2023,YES,1,$19079,02/2020,2020,No
804,1506,Visa,Debit,02/2020,YES,1,$10686,01/2020,2020,No
1836,1506,Visa,Debit,02/2021,YES,2,$30000,02/2020,2020,No
3706,357,Visa,Debit,07/2021,YES,1,$41221,07/2003,2011,No
2085,357,Mastercard,Debit,07/2024,YES,1,$29170,03/2005,2006,No
5481,357,Discover,Credit,04/2022,YES,3,$19800,11/2007,2011,No
2832,357,Visa,Credit,04/2022,YES,2,$14500,05/2002,2007,No
4883,535,Mastercard,Credit,06/2024,YES,2,$12200,09/2015,2015,No
1085,778,Mastercard,Debit,03/2022,YES,2,$1500,02/2006,2018,No
3228,778,Visa,Credit,08/2014,NO,1,$13700,06/2001,2005,No
539,778,Mastercard,Debit,09/2023,YES,2,$15895,01/2020,2020,No
1837,950,Visa,Credit,04/2020,YES,1,$3000,02/2020,2020,No
2562,1080,Mastercard,Debit,06/2021,YES,1,$1470,04/2008,2008,No
5844,1080,Visa,Credit,12/2023,YES,2,$5500,12/2005,2010,No
1838,1197,Visa,Debit,12/2021,YES,2,$4326,02/2020,2020,No
1839,1197,Visa,Credit,05/2023,YES,2,$13600,02/2020,2020,No
540,1197,Mastercard,Debit,01/2022,YES,1,$37002,01/2020,2020,No
4689,711,Visa,Debit,01/2020,YES,2,$9562,09/2008,2011,No
3995,1731,Mastercard,Debit,09/2020,YES,1,$18244,07/2012,2012,No
4888,1731,Visa,Debit (Prepaid),09/2023,YES,2,$81,09/2015,2015,No
34,1731,Amex,Credit,12/2022,YES,1,$13700,01/2003,2017,No
5930,1731,Mastercard,Credit,06/2020,YES,1,$6000,12/2008,2010,No
2797,1731,Mastercard,Debit,11/2024,YES,1,$16409,05/1998,2008,No
4616,1731,Visa,Debit,03/2022,YES,2,$15822,09/2006,2009,No
5810,451,Mastercard,Debit,09/2023,YES,2,$1447,12/2004,2010,No
3768,451,Mastercard,Credit,05/2020,YES,3,$6600,07/2006,2010,No
3786,1290,Visa,Credit,10/2009,YES,1,$15700,07/2006,2011,No
3629,1290,Mastercard,Debit,01/2021,YES,2,$26704,06/2018,2018,No
2530,1817,Mastercard,Debit,12/2024,YES,2,$43033,04/2007,2013,No
1444,56,Discover,Credit,02/2024,YES,1,$5800,02/2020,2020,No
805,56,Visa,Credit,07/2023,YES,1,$6900,01/2020,2020,No
4949,1383,Mastercard,Debit,02/2022,YES,1,$17432,10/2001,2014,No
3146,1915,Mastercard,Debit,12/2024,YES,1,$34453,05/2014,2014,No
4116,1915,Mastercard,Credit,04/2023,YES,1,$14800,08/2003,2018,No
5031,1915,Visa,Debit,02/2021,YES,1,$2603,10/2005,2012,No
2113,1915,Mastercard,Debit,10/2023,YES,2,$11568,03/2006,2008,No
3229,1882,Visa,Debit,01/2024,YES,1,$35943,06/2001,2009,No
2672,1882,Discover,Credit,01/2019,YES,1,$13600,04/2011,2011,No
5882,1882,Mastercard,Debit,03/2022,YES,2,$8671,12/2007,2009,No
3556,1467,Visa,Debit,12/2024,YES,1,$24498,06/2012,2012,No
5132,1791,Visa,Debit,09/2020,YES,1,$21751,10/2008,2008,No
2215,1791,Mastercard,Debit,11/2022,YES,3,$18021,03/2009,2009,No
4587,1791,Visa,Debit,01/2023,YES,2,$7830,09/2005,2010,No
2142,447,Mastercard,Debit,12/2021,YES,2,$17980,03/2007,2007,No
4617,447,Visa,Credit,01/2024,YES,2,$9000,09/2006,2008,No
5405,447,Mastercard,Debit,07/2012,YES,1,$16034,11/2004,2013,No
3692,447,Mastercard,Debit,12/2022,YES,2,$323,07/2003,2009,No
3865,447,Visa,Debit,06/2021,YES,1,$6611,07/2008,2008,No
4967,1640,Mastercard,Debit,06/2023,YES,1,$14231,10/2002,2010,No
5171,1640,Visa,Credit,01/2019,YES,1,$11400,10/2009,2009,No
1065,1640,Visa,Credit,10/2021,YES,2,$5900,02/2005,2009,No
4795,636,Visa,Debit,04/2022,YES,1,$3915,09/2010,2010,No
3420,636,Mastercard,Debit,08/2022,YES,2,$8882,06/2009,2015,No
4361,636,Mastercard,Debit,02/2020,YES,1,$1218,08/2011,2012,No
284,636,Visa,Debit,07/2020,YES,1,$12057,01/2011,2018,No
4169,782,Visa,Debit,01/2023,YES,2,$13435,08/2005,2008,No
3051,782,Mastercard,Debit,03/2024,NO,2,$13055,05/2010,2010,No
2216,782,Mastercard,Debit (Prepaid),10/2020,YES,2,$85,03/2009,2011,No
29,316,Visa,Credit,04/2021,YES,3,$1200,01/2002,2011,No
2038,316,Visa,Credit,01/2023,YES,2,$10500,03/2002,2010,No
4125,316,Amex,Credit,10/2021,YES,2,$9300,08/2004,2008,No
5857,316,Mastercard,Debit,06/2021,YES,1,$14056,12/2006,2008,No
1211,1192,Mastercard,Debit,10/2023,YES,1,$2001,02/2010,2018,No
541,787,Mastercard,Debit (Prepaid),11/2024,YES,1,$80,01/2020,2020,No
1561,787,Mastercard,Credit,02/2020,YES,1,$19500,02/2020,2020,No
1562,251,Mastercard,Debit,01/2022,YES,1,$14797,02/2020,2020,No
806,251,Visa,Debit,04/2021,YES,1,$14420,01/2020,2020,No
1563,1351,Mastercard,Credit,02/2020,YES,2,$13600,02/2020,2020,No
3769,490,Mastercard,Debit,09/2024,YES,2,$3013,07/2006,2006,No
5963,490,Mastercard,Debit,05/2024,YES,1,$22304,12/2009,2010,No
176,490,Visa,Debit,10/2021,YES,3,$30242,01/2008,2013,No
5133,490,Visa,Debit,07/2019,YES,1,$12948,10/2008,2008,No
1564,1935,Mastercard,Debit,10/2020,YES,1,$20695,02/2020,2020,No
542,1935,Mastercard,Debit,01/2020,YES,2,$23716,01/2020,2020,No
1840,1935,Visa,Debit,05/2020,YES,1,$17223,02/2020,2020,No
4601,387,Mastercard,Debit (Prepaid),11/2015,YES,2,$49,09/2006,2010,No
3103,869,Visa,Debit,04/2022,YES,2,$19792,05/2011,2011,No
3104,869,Visa,Debit (Prepaid),09/2024,YES,2,$76,05/2011,2011,No
4405,869,Mastercard,Debit,10/2023,YES,1,$19811,08/2013,2013,No
3517,869,Mastercard,Debit,11/2020,YES,2,$17602,06/2011,2011,No
5490,869,Mastercard,Debit (Prepaid),04/2021,YES,1,$96,11/2007,2011,No
1565,1865,Mastercard,Credit,01/2023,YES,2,$36900,02/2020,2020,No
1841,268,Visa,Debit,02/2020,YES,2,$14263,02/2020,2020,No
1566,268,Mastercard,Debit,02/2020,YES,2,$3013,02/2020,2020,No
543,268,Mastercard,Debit,12/2023,YES,2,$17789,01/2020,2020,No
6067,1124,Mastercard,Debit,03/2021,YES,1,$7184,12/2012,2012,No
5437,1124,Visa,Debit (Prepaid),05/2022,YES,1,$62,11/2005,2007,No
4130,1124,Mastercard,Credit,03/2023,YES,2,$8300,08/2004,2018,No
1245,721,Visa,Credit,04/2022,YES,1,$11900,02/2010,2014,No
3949,721,Visa,Credit,12/2018,NO,2,$2000,07/2010,2010,No
4426,721,Mastercard,Debit,09/2023,YES,2,$12827,08/2014,2014,No
2563,721,Mastercard,Credit,09/2010,YES,1,$10800,04/2008,2012,No
3361,721,Visa,Debit,06/2021,YES,1,$8400,06/2007,2008,No
4377,721,Visa,Credit,10/2011,YES,2,$6700,08/2011,2011,No
158,813,Mastercard,Debit,10/2021,YES,2,$13417,01/2008,2008,No
2587,152,Visa,Debit (Prepaid),10/2021,YES,2,$60,04/2008,2009,No
2848,152,Visa,Credit,03/2021,YES,1,$10300,05/2003,2016,No
1401,152,Amex,Credit,06/2021,YES,2,$4900,02/2020,2020,No
4272,1896,Visa,Debit,12/2015,YES,2,$9073,08/2008,2012,No
2944,1896,Visa,Debit,07/2023,YES,2,$19635,05/2007,2018,No
1124,1896,Visa,Debit,02/2020,YES,1,$21207,02/2007,2007,No
4974,1896,Visa,Credit,12/2023,YES,1,$14000,10/2002,2008,No
4529,1896,Discover,Credit,11/2012,NO,1,$14400,09/2003,2011,No
1567,1028,Mastercard,Debit (Prepaid),06/2020,YES,1,$72,02/2020,2020,No
139,1028,Visa,Credit,01/2021,YES,1,$24600,01/2007,2011,No
2878,1028,Mastercard,Debit,05/2022,YES,1,$43289,05/2005,2017,No
2564,1028,Mastercard,Debit,02/2024,YES,2,$16475,04/2008,2009,No
342,1028,Amex,Credit,10/2023,NO,2,$14600,01/2015,2015,No
544,922,Mastercard,Debit (Prepaid),01/2020,YES,2,$28,01/2020,2020,No
4770,549,Mastercard,Credit,12/2022,NO,1,$12600,09/2010,2012,No
98,549,Mastercard,Debit,01/2017,YES,2,$15416,01/2006,2014,No
4467,549,Amex,Credit,02/2020,YES,2,$7100,08/2018,2018,No
2588,549,Visa,Credit,05/2023,YES,2,$16200,04/2008,2013,No
5459,565,Mastercard,Debit,02/2020,YES,1,$17689,11/2006,2006,No
1314,565,Mastercard,Debit,11/2020,NO,1,$18090,02/2013,2013,No
4071,565,Visa,Debit,09/2024,NO,1,$16080,07/2018,2018,No
3175,565,Mastercard,Debit,08/2024,NO,1,$17599,05/2016,2016,No
5829,1980,Mastercard,Debit,11/2023,YES,2,$12224,12/2005,2006,No
545,1494,Mastercard,Debit,09/2024,YES,1,$8998,01/2020,2020,No
3579,1494,Mastercard,Debit,09/2024,YES,2,$10726,06/2014,2014,No
1842,1494,Visa,Credit,02/2020,YES,1,$6300,02/2020,2020,No
2340,1494,Discover,Credit,01/2020,YES,2,$4400,03/2015,2015,No
5830,1809,Mastercard,Debit,03/2020,YES,2,$18089,12/2005,2013,No
2114,1809,Mastercard,Debit,04/2020,YES,1,$10683,03/2006,2009,No
4026,1809,Visa,Credit,05/2021,YES,1,$14600,07/2014,2014,No
370,1809,Mastercard,Debit (Prepaid),01/2019,YES,1,$94,01/2018,2018,No
1338,1809,Mastercard,Debit,08/2024,YES,1,$27308,02/2014,2014,No
3866,1809,Visa,Credit,01/2022,YES,1,$17900,07/2008,2008,No
2981,637,Visa,Debit,12/2022,YES,1,$26410,05/2008,2011,No
3745,637,Visa,Credit,10/2011,YES,2,$28600,07/2005,2011,No
2115,637,Mastercard,Debit,10/2019,YES,2,$41057,03/2006,2010,No
3078,637,Visa,Debit,08/2012,YES,2,$3864,05/2010,2015,No
1402,1770,Amex,Credit,06/2022,YES,1,$8400,02/2020,2020,No
6054,1770,Visa,Debit,05/2022,YES,1,$5024,12/2011,2012,No
1843,1770,Visa,Debit,09/2023,YES,2,$10607,02/2020,2020,No
5264,1770,Visa,Credit,12/2017,YES,1,$0,10/2012,2012,No
4427,527,Mastercard,Credit,09/2015,YES,2,$10500,08/2014,2014,No
546,1139,Mastercard,Debit,12/2021,YES,2,$19185,01/2020,2020,No
177,1459,Visa,Credit,05/2020,NO,2,$7100,01/2008,2011,No
3147,1459,Mastercard,Credit,08/2014,YES,1,$4000,05/2014,2014,No
3383,1459,Mastercard,Debit,08/2023,NO,2,$12708,06/2008,2008,No
352,1544,Amex,Credit,02/2022,YES,2,$4400,01/2016,2016,No
3137,1544,Visa,Debit,01/2020,YES,1,$16017,05/2013,2013,No
547,1174,Mastercard,Debit,08/2024,YES,2,$2066,01/2020,2020,No
6040,112,Mastercard,Debit,05/2020,YES,1,$16320,12/2011,2011,No
4398,112,Visa,Debit,12/2023,YES,2,$13060,08/2012,2012,No
1134,112,Amex,Credit,03/2022,YES,2,$8900,02/2008,2015,No
4339,112,Visa,Debit,06/2021,YES,2,$10517,08/2010,2014,No
3470,112,Mastercard,Debit,12/2024,NO,2,$13245,06/2010,2012,No
5378,369,Mastercard,Debit (Prepaid),01/2023,YES,1,$90,11/2002,2009,No
2779,369,Mastercard,Debit (Prepaid),12/2023,YES,1,$72,04/2018,2018,No
2982,369,Visa,Debit,04/2013,YES,1,$18280,05/2008,2011,No
2443,369,Mastercard,Credit,11/2021,NO,1,$13600,04/2003,2012,No
2889,994,Visa,Debit,05/2021,YES,1,$12778,05/2005,2010,No
4008,994,Mastercard,Debit,07/2021,YES,1,$12917,07/2013,2013,No
50,994,Mastercard,Credit,08/2007,YES,2,$6000,01/2004,2010,No
3243,994,Visa,Debit,06/2023,YES,2,$8874,06/2002,2012,No
3904,994,Visa,Debit,09/2015,YES,2,$4322,07/2009,2013,No
3734,994,Mastercard,Debit,05/2024,YES,1,$9219,07/2005,2008,No
5367,994,Mastercard,Debit,09/2021,YES,1,$6088,11/2001,2005,No
1403,1592,Amex,Credit,01/2022,YES,2,$20800,02/2020,2020,No
1844,1592,Visa,Credit,11/2020,YES,2,$12700,02/2020,2020,No
1845,1592,Visa,Debit (Prepaid),02/2020,YES,2,$76,02/2020,2020,No
3346,1029,Mastercard,Debit,04/2012,YES,2,$12760,06/2007,2009,No
5285,1029,Discover,Credit,09/2021,YES,1,$3600,10/2014,2014,No
3471,1029,Mastercard,Debit,09/2023,NO,2,$15894,06/2010,2010,No
1846,1680,Visa,Credit,09/2020,YES,2,$11500,02/2020,2020,No
5325,1680,Visa,Debit,08/2023,YES,2,$21439,10/2017,2017,No
5460,1052,Mastercard,Debit,10/2018,YES,1,$32165,11/2006,2014,No
3651,1052,Mastercard,Debit,09/2024,YES,2,$12346,07/1998,2006,No
3273,494,Mastercard,Credit,10/2021,YES,2,$13500,06/2004,2014,No
2333,494,Visa,Credit,07/2023,YES,2,$12700,03/2014,2014,No
1847,494,Visa,Debit,01/2024,YES,1,$29335,02/2020,2020,No
2890,94,Visa,Debit,07/2023,YES,1,$16962,05/2005,2010,No
3313,94,Mastercard,Debit,05/2007,YES,2,$17007,06/2006,2009,No
3931,425,Mastercard,Debit,02/2021,YES,1,$43673,07/2010,2011,No
6133,425,Mastercard,Debit,02/2020,YES,1,$43973,12/2017,2017,No
4447,425,Mastercard,Debit,05/2018,YES,1,$28069,08/2015,2015,No
5149,425,Mastercard,Debit,11/2023,YES,1,$30366,10/2009,2009,No
2492,1720,Visa,Debit,05/2020,YES,2,$1241,04/2005,2014,No
2642,1699,Mastercard,Debit (Prepaid),01/2020,YES,1,$70,04/2010,2010,No
2204,1699,Visa,Debit,08/2022,YES,1,$60610,03/2008,2008,No
4245,1699,Mastercard,Debit,05/2022,YES,1,$50961,08/2008,2010,No
4437,1699,Visa,Debit,10/2020,YES,1,$31896,08/2014,2014,No
5043,1699,Amex,Credit,10/2013,YES,1,$30500,10/2006,2007,No
5593,1699,Amex,Credit,10/2015,YES,2,$19300,11/2010,2010,No
1018,1699,Mastercard,Credit,06/2006,YES,1,$24600,02/2003,2013,No
2922,1495,Amex,Credit,07/2016,YES,1,$15700,05/2007,2013,No
4941,1495,Visa,Debit (Prepaid),08/2022,YES,2,$22,10/1999,2016,No
2071,1495,Visa,Credit,05/2007,YES,1,$3100,03/2004,2011,No
3531,1495,Visa,Debit,04/2019,YES,1,$42241,06/2011,2012,No
5767,1495,Visa,Debit,07/2020,YES,1,$25497,12/2000,2012,No
1568,1495,Mastercard,Debit,02/2020,YES,1,$28188,02/2020,2020,No
2099,1495,Visa,Credit,04/2020,NO,2,$14300,03/2005,2012,No
548,1005,Mastercard,Debit,11/2020,YES,2,$12035,01/2020,2020,No
1569,439,Mastercard,Credit,02/2020,YES,2,$10800,02/2020,2020,No
2762,439,Mastercard,Debit,05/2020,NO,1,$16332,04/2016,2016,No
5172,1285,Visa,Debit,12/2021,YES,2,$6724,10/2009,2011,No
3216,1285,Mastercard,Debit,12/2023,YES,2,$20933,06/2000,2014,No
2180,1973,Mastercard,Debit,08/2020,YES,1,$25253,03/2008,2008,No
1284,1973,Visa,Debit,04/2021,YES,2,$13202,02/2011,2011,No
2342,1973,Mastercard,Debit (Prepaid),03/2020,YES,2,$78,03/2015,2015,No
2879,1973,Mastercard,Debit,01/2021,YES,1,$16441,05/2005,2008,No
549,448,Mastercard,Credit,02/2021,YES,2,$7200,01/2020,2020,No
4633,1907,Mastercard,Debit,09/2023,YES,1,$8342,09/2007,2009,No
550,1907,Mastercard,Credit,09/2021,YES,2,$5700,01/2020,2020,No
2660,73,Visa,Credit,03/2020,YES,1,$14300,04/2010,2010,No
2720,73,Visa,Debit,06/2024,NO,1,$17252,04/2013,2013,No
4713,73,Mastercard,Credit,07/2023,YES,1,$11900,09/2009,2012,No
4323,1097,Mastercard,Debit,01/2022,YES,1,$10445,08/2010,2010,No
4324,1097,Mastercard,Debit (Prepaid),05/2011,YES,1,$73,08/2010,2010,No
4690,1097,Visa,Debit,05/2022,YES,1,$17319,09/2008,2010,No
5728,1644,Visa,Credit,02/2020,YES,2,$9400,11/2016,2016,No
3089,1644,Discover,Credit,04/2015,YES,2,$8900,05/2011,2014,No
5525,1644,Mastercard,Debit,04/2021,YES,2,$9324,11/2008,2009,No
3867,1644,Visa,Debit,01/2024,YES,2,$8834,07/2008,2017,No
3001,1644,Mastercard,Debit,05/2022,YES,1,$8304,05/2009,2013,No
3444,1644,Visa,Credit,07/2023,YES,1,$10900,06/2009,2009,No
982,967,Visa,Credit,03/2014,YES,2,$9300,02/2000,2006,No
3118,967,Mastercard,Debit,09/2012,YES,1,$10946,05/2012,2012,No
1570,1929,Mastercard,Debit,02/2020,YES,2,$24576,02/2020,2020,No
4650,1114,Visa,Credit,10/2017,YES,2,$12500,09/2007,2013,No
4246,1114,Mastercard,Debit (Prepaid),01/2024,YES,2,$40,08/2008,2009,No
4325,1114,Mastercard,Debit,11/2024,YES,2,$21408,08/2010,2015,No
1029,1087,Mastercard,Debit,02/2020,NO,1,$9433,02/2004,2009,No
3266,1087,Amex,Credit,11/2020,YES,2,$7400,06/2004,2006,No
1571,95,Mastercard,Debit,02/2020,YES,1,$34858,02/2020,2020,No
1848,95,Visa,Debit,02/2020,NO,1,$28147,02/2020,2020,No
551,1778,Mastercard,Debit,08/2022,YES,1,$13857,01/2020,2020,No
1572,1778,Mastercard,Debit,09/2021,YES,2,$10236,02/2020,2020,No
3770,1031,Mastercard,Credit,04/2024,YES,1,$15700,07/2006,2010,No
130,1031,Mastercard,Debit,05/2021,YES,2,$25080,01/2007,2012,No
2565,1031,Mastercard,Debit,06/2012,YES,2,$31604,04/2008,2014,No
4009,1031,Mastercard,Credit,10/2015,YES,2,$5600,07/2013,2013,No
5698,1031,Mastercard,Debit,03/2022,YES,1,$16220,11/2014,2014,No
3002,1031,Mastercard,Debit,11/2021,YES,1,$44568,05/2009,2011,No
196,1031,Mastercard,Credit,07/2012,YES,2,$12500,01/2009,2009,No
4714,1031,Mastercard,Credit,04/2015,YES,2,$12200,09/2009,2009,No
1849,788,Visa,Debit,06/2021,YES,2,$27220,02/2020,2020,No
1573,788,Mastercard,Debit,12/2024,YES,2,$14303,02/2020,2020,No
3571,728,Visa,Debit,08/2020,YES,2,$10289,06/2013,2013,No
1174,728,Mastercard,Debit,06/2019,YES,2,$10618,02/2009,2009,No
3421,728,Mastercard,Debit,05/2010,YES,2,$10909,06/2009,2009,No
1246,1639,Visa,Debit,02/2023,YES,2,$31554,02/2010,2010,No
807,1587,Visa,Debit,02/2020,YES,1,$35148,01/2020,2020,No
3996,1587,Mastercard,Debit,02/2020,YES,2,$35968,07/2012,2012,No
3034,1587,Amex,Credit,07/2022,YES,1,$30900,05/2010,2016,No
5308,1883,Visa,Debit,12/2017,YES,1,$22122,10/2015,2015,No
4551,1883,Mastercard,Debit,01/2023,YES,1,$21240,09/2004,2006,No
4865,1883,Visa,Debit,07/2023,YES,2,$33181,09/2013,2013,No
3401,1883,Visa,Credit,11/2016,YES,2,$13900,06/2008,2008,No
2773,712,Visa,Debit,12/2018,YES,2,$18316,04/2017,2017,No
3615,712,Visa,Debit,05/2024,YES,1,$14858,06/2016,2016,No
5506,712,Visa,Debit,10/2022,YES,1,$21414,11/2007,2008,No
4758,712,Discover,Credit,07/2021,YES,1,$14900,09/2010,2010,No
3804,712,Mastercard,Debit,06/2020,YES,1,$12992,07/2007,2015,No
4247,1414,Mastercard,Credit,02/2020,YES,1,$8300,08/2008,2013,No
2057,1414,Mastercard,Debit (Prepaid),04/2011,YES,1,$56,03/2004,2008,No
2205,1414,Visa,Debit,09/2023,YES,2,$5283,03/2008,2010,No
2077,1414,Discover,Credit,03/2012,YES,2,$10600,03/2005,2008,No
552,243,Mastercard,Debit,03/2023,YES,1,$5158,01/2020,2020,No
4475,146,Visa,Debit,02/2021,YES,1,$30320,08/2018,2018,No
1143,146,Mastercard,Credit,11/2022,YES,1,$14200,02/2008,2011,No
2470,146,Visa,Debit,03/2021,YES,1,$28911,04/2004,2011,No
1574,715,Mastercard,Debit,04/2023,YES,2,$65185,02/2020,2020,No
6141,715,Mastercard,Debit,08/2022,YES,1,$36570,12/2019,2019,No
5858,1489,Mastercard,Debit,12/2006,YES,1,$14138,12/2006,2011,No
1850,1232,Visa,Debit,06/2020,YES,1,$21752,02/2020,2020,No
808,1232,Visa,Debit,06/2020,YES,2,$23137,01/2020,2020,No
5469,842,Visa,Debit,01/2021,YES,1,$32808,11/2006,2012,No
553,486,Mastercard,Debit,02/2020,NO,1,$29674,01/2020,2020,No
4993,763,Visa,Credit,10/2021,YES,2,$24300,10/2003,2007,No
5393,154,Visa,Debit,01/2024,YES,2,$17280,11/2003,2014,No
4340,154,Visa,Debit,11/2022,YES,2,$4660,08/2010,2013,No
159,154,Mastercard,Debit,03/2011,YES,2,$12557,01/2008,2013,No
5703,704,Visa,Debit,03/2024,YES,2,$49425,11/2014,2014,No
4010,704,Mastercard,Debit,02/2024,YES,1,$47330,07/2013,2013,No
3997,704,Mastercard,Debit,02/2020,YES,2,$50774,07/2012,2012,No
2168,704,Amex,Credit,12/2022,YES,1,$22800,03/2008,2008,No
5387,704,Mastercard,Debit,12/2009,YES,2,$75640,11/2003,2009,No
2945,704,Visa,Debit,12/2024,YES,1,$65540,05/2007,2012,No
1851,1409,Visa,Debit,09/2023,YES,2,$16998,02/2020,2020,No
809,1601,Visa,Credit,02/2023,YES,2,$12300,01/2020,2020,No
1852,1601,Visa,Credit,05/2021,NO,1,$17100,02/2020,2020,No
226,729,Mastercard,Debit,02/2020,YES,2,$23039,01/2010,2010,No
298,729,Mastercard,Debit,04/2023,YES,1,$17795,01/2012,2012,No
2217,729,Mastercard,Credit,12/2022,YES,2,$9000,03/2009,2011,No
5507,729,Visa,Debit,05/2008,YES,1,$14424,11/2007,2010,No
3905,729,Visa,Credit,08/2022,YES,2,$5700,07/2009,2011,No
4024,729,Mastercard,Debit,12/2014,NO,1,$14626,07/2014,2014,No
1306,1016,Visa,Credit,01/2023,YES,1,$200,02/2012,2012,No
5883,1016,Mastercard,Debit,07/2021,YES,1,$282,12/2007,2009,No
2086,1016,Mastercard,Debit,12/2019,YES,2,$350,03/2005,2011,No
4771,1214,Mastercard,Debit,08/2020,NO,2,$42537,09/2010,2010,No
5508,1214,Visa,Debit,05/2021,YES,1,$21073,11/2007,2011,No
1404,1760,Amex,Credit,05/2022,YES,1,$14600,02/2020,2020,No
1575,1760,Mastercard,Debit,10/2024,YES,2,$10722,02/2020,2020,No
1853,927,Visa,Debit,02/2024,NO,2,$27618,02/2020,2020,No
4809,927,Mastercard,Debit,04/2020,YES,1,$27180,09/2011,2011,No
554,1667,Mastercard,Debit,01/2020,YES,2,$10522,01/2020,2020,No
5379,1796,Mastercard,Debit,04/2020,NO,2,$18555,11/2002,2011,No
3998,1796,Mastercard,Debit,11/2020,NO,1,$16746,07/2012,2012,No
4850,1796,Mastercard,Debit,02/2018,YES,1,$15974,09/2013,2013,No
2964,179,Mastercard,Debit,11/2024,YES,2,$17417,05/2008,2009,No
1854,179,Visa,Debit,05/2022,YES,2,$519,02/2020,2020,No
5831,395,Mastercard,Credit,07/2009,YES,1,$11500,12/2005,2013,No
3950,395,Visa,Credit,08/2022,YES,1,$10100,07/2010,2011,No
5192,395,Mastercard,Debit,08/2014,YES,2,$26174,10/2010,2011,No
2027,395,Visa,Credit,02/2024,YES,2,$16400,03/2001,2011,No
1855,513,Visa,Credit,09/2020,YES,1,$8000,02/2020,2020,No
810,513,Visa,Credit,11/2021,YES,2,$9800,01/2020,2020,No
1354,513,Mastercard,Debit,09/2021,YES,1,$24645,02/2015,2015,No
6139,513,Visa,Debit,12/2018,YES,2,$14805,12/2018,2018,No
4618,187,Visa,Credit,01/2019,NO,1,$3100,09/2006,2006,No
2483,491,Mastercard,Debit,03/2024,YES,2,$6710,04/2005,2013,No
3236,491,Mastercard,Debit,03/2018,YES,2,$7176,06/2002,2012,No
2050,491,Visa,Credit,08/2021,YES,2,$8000,03/2003,2008,No
2021,1153,Mastercard,Debit (Prepaid),09/2024,YES,2,$64,03/2001,2006,No
3906,377,Visa,Credit,09/2022,YES,2,$16400,07/2009,2009,No
4669,377,Mastercard,Debit,10/2022,YES,2,$2536,09/2008,2008,No
1175,377,Mastercard,Debit,11/2023,YES,1,$30403,02/2009,2014,No
4602,377,Mastercard,Debit,02/2024,NO,1,$32636,09/2006,2016,No
3003,377,Mastercard,Debit,09/2020,YES,2,$2536,05/2009,2009,No
3176,850,Mastercard,Debit,02/2020,YES,2,$23072,05/2016,2016,No
5699,850,Mastercard,Debit,06/2022,YES,1,$20881,11/2014,2014,No
3017,1186,Visa,Debit,01/2021,YES,1,$12325,05/2009,2009,No
61,1186,Visa,Debit (Prepaid),09/2022,YES,1,$47,01/2004,2013,No
2946,1186,Visa,Debit,11/2020,YES,2,$3433,05/2007,2007,No
3306,1694,Visa,Credit,05/2024,YES,1,$16900,06/2005,2014,No
5032,1694,Visa,Debit (Prepaid),01/2021,YES,2,$31,10/2005,2013,No
5944,1694,Visa,Credit,02/2024,YES,2,$17700,12/2008,2011,No
5288,1694,Mastercard,Debit,11/2016,NO,1,$23995,10/2014,2014,No
3079,1694,Visa,Credit,12/2024,YES,1,$16900,05/2010,2010,No
5668,716,Mastercard,Debit (Prepaid),07/2013,NO,1,$60,11/2012,2012,No
811,716,Visa,Credit,01/2023,YES,1,$7000,01/2020,2020,No
555,716,Mastercard,Debit,03/2023,YES,2,$7139,01/2020,2020,No
3965,716,Discover,Credit,03/2024,YES,2,$5200,07/2011,2011,No
556,716,Mastercard,Debit,09/2021,YES,1,$10199,01/2020,2020,No
4715,716,Mastercard,Credit,02/2024,YES,1,$9800,09/2009,2009,No
5604,1131,Mastercard,Debit,05/2021,YES,2,$21417,11/2010,2010,No
3093,1131,Mastercard,Credit,07/2023,YES,1,$14600,05/2011,2018,No
4378,1131,Visa,Debit,05/2023,NO,2,$23898,08/2011,2011,No
3347,1131,Mastercard,Credit,11/2007,YES,2,$18200,06/2007,2008,No
3052,1719,Mastercard,Debit,05/2022,YES,2,$16034,05/2010,2010,No
2058,1719,Mastercard,Debit,03/2022,YES,2,$24775,03/2004,2010,No
4942,1719,Mastercard,Debit,06/2022,YES,2,$1976,10/2000,2008,No
557,254,Mastercard,Credit,04/2024,YES,2,$15900,01/2020,2020,No
1247,254,Visa,Debit,06/2020,YES,2,$27623,02/2010,2018,No
1576,254,Mastercard,Debit,12/2021,YES,1,$17584,02/2020,2020,No
2717,226,Mastercard,Debit,03/2018,YES,1,$56640,04/2013,2013,No
1856,226,Visa,Debit,10/2022,YES,1,$39553,02/2020,2020,No
812,226,Visa,Debit,10/2022,YES,2,$42218,01/2020,2020,No
4834,1307,Mastercard,Credit,05/2021,YES,1,$21900,09/2012,2012,No
5912,1307,Visa,Credit,01/2014,YES,2,$18700,12/2007,2009,No
2810,1307,Visa,Credit,02/2021,YES,2,$29200,05/2000,2010,No
3730,1307,Discover,Credit,06/2024,YES,1,$26600,07/2005,2009,No
111,1307,Visa,Debit,10/2021,YES,2,$17280,01/2006,2012,No
5060,1095,Visa,Debit,02/2020,YES,1,$14761,10/2006,2011,No
335,1095,Visa,Debit,08/2022,YES,1,$15158,01/2014,2014,No
4691,1095,Visa,Debit,06/2021,YES,1,$16464,09/2008,2009,No
5461,1095,Mastercard,Debit,11/2017,YES,2,$19100,11/2006,2007,No
5669,1095,Mastercard,Debit,03/2022,YES,1,$19332,11/2012,2012,No
5150,1729,Mastercard,Debit,01/2020,YES,2,$39431,10/2009,2016,No
4634,1466,Mastercard,Credit,10/2024,NO,1,$9800,09/2007,2015,No
5884,1466,Mastercard,Debit,09/2020,YES,1,$1866,12/2007,2014,No
6055,1226,Visa,Debit (Prepaid),10/2024,YES,1,$64,12/2011,2011,No
4159,1226,Mastercard,Credit,04/2021,YES,2,$9600,08/2005,2013,No
2231,1226,Visa,Debit,06/2023,YES,1,$10000,03/2009,2012,No
4126,1755,Discover,Credit,03/2021,YES,1,$7600,08/2004,2011,No
998,1755,Mastercard,Debit (Prepaid),09/2024,YES,2,$44,02/2002,2012,No
4228,1755,Visa,Debit,10/2020,YES,1,$12519,08/2007,2009,No
2857,1755,Mastercard,Debit,02/2010,YES,1,$4067,05/2004,2020,No
1248,1755,Visa,Debit,10/2016,YES,2,$367,02/2010,2015,No
1315,1755,Mastercard,Credit,09/2017,YES,2,$9400,02/2013,2013,No
558,475,Mastercard,Debit,01/2022,YES,1,$15579,01/2020,2020,No
4975,1956,Visa,Credit,09/2006,YES,1,$11500,10/2002,2009,No
5642,1956,Discover,Credit,09/2021,NO,2,$9500,11/2011,2011,No
1125,1956,Visa,Debit,01/2023,YES,1,$13356,02/2007,2007,No
2451,1956,Visa,Debit,02/2020,YES,1,$16385,04/2003,2011,No
320,706,Visa,Credit,11/2023,YES,2,$12500,01/2013,2013,No
4284,706,Amex,Credit,05/2017,YES,1,$13700,08/2009,2013,No
5114,474,Mastercard,Debit,10/2021,YES,1,$37303,10/2008,2011,No
2493,474,Visa,Credit,04/2015,YES,1,$16900,04/2005,2014,No
3844,474,Mastercard,Debit,11/2020,YES,2,$33723,07/2008,2010,No
4034,474,Discover,Credit,09/2022,YES,2,$14600,07/2015,2015,No
2218,474,Mastercard,Debit,03/2022,YES,1,$38084,03/2009,2010,No
5845,474,Visa,Credit,01/2021,YES,2,$22300,12/2005,2014,No
5406,1259,Mastercard,Debit,11/2024,YES,2,$62760,11/2004,2010,No
3422,1259,Mastercard,Debit (Prepaid),06/2022,YES,1,$62,06/2009,2009,No
5913,1259,Visa,Debit (Prepaid),08/2023,YES,1,$76,12/2007,2011,No
2045,1259,Mastercard,Debit,04/2014,YES,1,$98334,03/2003,2007,No
3289,1259,Mastercard,Debit,04/2021,YES,2,$141391,06/2005,2005,No
2006,1259,Visa,Debit,07/2022,YES,1,$78790,03/1997,2011,No
3384,320,Mastercard,Debit,09/2024,NO,2,$15292,06/2008,2011,No
1144,320,Mastercard,Debit,10/2012,YES,3,$11696,02/2008,2015,No
1405,93,Amex,Credit,09/2024,YES,2,$11400,02/2020,2020,No
1577,93,Mastercard,Debit (Prepaid),02/2020,YES,2,$0,02/2020,2020,No
6028,93,Visa,Debit,01/2024,YES,2,$10198,12/2010,2013,No
6091,93,Visa,Credit,02/2021,YES,1,$1800,12/2013,2013,No
6001,1182,Mastercard,Debit,12/2021,YES,1,$5716,12/2010,2020,No
2852,150,Discover,Credit,05/2020,YES,3,$22400,05/2004,2015,No
2505,150,Mastercard,Debit,09/2021,YES,2,$16872,04/2006,2010,No
5775,150,Visa,Debit,06/2018,YES,2,$7202,12/2001,2016,No
1578,1327,Mastercard,Debit,11/2022,YES,1,$15516,02/2020,2020,No
1579,1327,Mastercard,Debit,08/2021,YES,1,$18462,02/2020,2020,No
5019,784,Discover,Credit,08/2023,YES,1,$7800,10/2005,2008,No
347,784,Mastercard,Debit (Prepaid),11/2022,YES,2,$64,01/2015,2015,No
3373,784,Amex,Credit,08/2023,YES,2,$15400,06/2008,2015,No
4987,784,Mastercard,Debit (Prepaid),02/2012,YES,1,$12,10/2003,2012,No
1580,1471,Mastercard,Credit,02/2024,YES,1,$5900,02/2020,2020,No
3094,1471,Mastercard,Credit,02/2020,YES,1,$7900,05/2011,2011,No
1581,367,Mastercard,Debit (Prepaid),04/2022,NO,1,$83,02/2020,2020,No
1582,367,Mastercard,Credit,04/2024,YES,2,$6200,02/2020,2020,No
4326,1050,Mastercard,Debit,04/2022,YES,2,$2072,08/2010,2010,No
3472,1050,Mastercard,Debit,07/2024,YES,2,$10224,06/2010,2016,No
5214,1050,Visa,Debit (Prepaid),11/2019,YES,2,$49,10/2010,2010,No
2661,207,Visa,Credit,01/2022,YES,1,$7700,04/2010,2010,No
2506,207,Mastercard,Debit,05/2023,YES,1,$16266,04/2006,2007,No
2143,207,Mastercard,Debit (Prepaid),12/2015,YES,2,$9,03/2007,2015,No
2260,207,Visa,Debit,02/2021,YES,2,$5141,03/2010,2010,No
385,207,Visa,Credit,09/2022,YES,1,$5800,01/2019,2019,No
1583,1838,Mastercard,Debit,06/2024,YES,2,$1990,02/2020,2020,No
5002,798,Amex,Credit,08/2010,YES,1,$13900,10/2004,2010,No
2833,798,Visa,Credit,07/2022,YES,2,$19700,05/2002,2011,No
5870,798,Visa,Debit,09/2020,YES,2,$29740,12/2006,2011,No
963,798,Visa,Debit,07/2023,YES,2,$30039,02/1998,2010,No
2693,1207,Mastercard,Credit,11/2020,YES,1,$16800,04/2012,2012,No
6056,1207,Visa,Debit,08/2021,YES,1,$17010,12/2011,2011,No
5805,1207,Discover,Credit,01/2014,YES,2,$22800,12/2004,2016,No
3138,1012,Visa,Debit,12/2022,YES,1,$21086,05/2013,2013,No
3580,1012,Mastercard,Debit,08/2015,YES,1,$14531,06/2014,2014,No
4896,844,Mastercard,Credit,12/2024,NO,2,$8900,09/2016,2016,No
3445,844,Visa,Credit,05/2013,YES,1,$10000,06/2009,2016,No
5234,334,Mastercard,Debit,04/2022,YES,1,$14227,10/2011,2012,No
5595,334,Discover,Credit,04/2021,YES,2,$11200,11/2010,2010,No
2522,334,Amex,Credit,02/2020,YES,1,$9500,04/2007,2010,No
813,815,Visa,Credit,01/2020,YES,1,$5200,01/2020,2020,No
1393,815,Visa,Debit (Prepaid),04/2019,YES,1,$111,02/2019,2019,No
5964,1100,Mastercard,Debit,06/2021,YES,1,$14532,12/2009,2020,No
5079,1100,Mastercard,Debit,10/2024,YES,1,$30044,10/2007,2011,No
559,407,Mastercard,Debit,07/2021,YES,2,$21749,01/2020,2020,No
1406,407,Amex,Credit,02/2020,YES,2,$15800,02/2020,2020,No
560,407,Mastercard,Debit (Prepaid),07/2022,YES,2,$22,01/2020,2020,No
428,407,Discover,Credit,02/2020,YES,1,$14300,01/2020,2020,No
5780,1244,Mastercard,Debit,02/2024,YES,1,$14270,12/2002,2014,No
5885,1740,Mastercard,Debit,05/2011,YES,2,$23189,12/2007,2008,No
2382,1740,Mastercard,Debit,01/2021,YES,1,$20612,03/2019,2019,No
1584,1740,Mastercard,Debit,11/2021,YES,2,$22424,02/2020,2020,No
5338,1740,Mastercard,Debit,10/2019,YES,1,$17748,10/2019,2019,No
4248,1754,Mastercard,Debit,06/2022,YES,1,$3039,08/2008,2008,No
2898,1184,Mastercard,Debit,05/2020,YES,1,$39751,05/2006,2007,No
6107,1184,Mastercard,Debit,12/2015,YES,1,$27876,12/2015,2015,No
4202,1184,Mastercard,Debit,11/2023,YES,2,$21743,08/2007,2007,No
4897,1184,Mastercard,Debit,08/2023,YES,2,$21120,09/2016,2016,No
3932,1184,Mastercard,Debit,07/2020,YES,1,$29828,07/2010,2011,No
1585,1440,Mastercard,Debit,11/2021,NO,1,$9740,02/2020,2020,No
2104,200,Discover,Credit,04/2007,YES,2,$14600,03/2006,2014,No
2875,200,Amex,Credit,04/2023,YES,2,$1400,05/2005,2009,No
1339,200,Mastercard,Debit,03/2014,YES,1,$18552,02/2014,2014,No
3970,1446,Mastercard,Debit,02/2020,YES,2,$14624,07/2011,2015,No
3160,1446,Amex,Credit,12/2022,YES,2,$2600,05/2015,2015,No
1857,1446,Visa,Debit (Prepaid),06/2022,YES,3,$84,02/2020,2020,No
3181,1446,Visa,Debit,02/2020,NO,1,$9915,05/2016,2016,No
2002,1263,Mastercard,Debit,01/2021,YES,2,$9094,03/1993,2011,No
140,1263,Visa,Debit,12/2020,YES,1,$16513,01/2007,2011,No
1445,1263,Discover,Credit,02/2020,YES,1,$8700,02/2020,2020,No
1586,1483,Mastercard,Debit,08/2021,YES,1,$19952,02/2020,2020,No
814,1483,Visa,Debit,11/2022,YES,1,$17804,01/2020,2020,No
561,1085,Mastercard,Debit,08/2023,YES,1,$33150,01/2020,2020,No
1587,1085,Mastercard,Debit (Prepaid),02/2020,NO,1,$57,02/2020,2020,No
5235,1085,Mastercard,Debit (Prepaid),11/2022,YES,1,$55,10/2011,2011,No
1588,1961,Mastercard,Debit,02/2020,YES,2,$8668,02/2020,2020,No
1589,1961,Mastercard,Credit,02/2020,YES,2,$10200,02/2020,2020,No
5859,776,Mastercard,Debit,10/2020,YES,1,$48344,12/2006,2006,No
3105,776,Visa,Debit,07/2020,YES,2,$25020,05/2011,2011,No
354,890,Mastercard,Debit,09/2023,YES,1,$19573,01/2016,2016,No
5799,890,Visa,Credit,05/2022,NO,2,$16500,12/2003,2011,No
1135,1445,Amex,Credit,02/2022,YES,1,$11000,02/2008,2010,No
5753,1445,Discover,Credit,04/2022,YES,2,$10200,12/1997,2011,No
3722,1445,Visa,Credit,04/2020,YES,2,$12800,07/2004,2006,No
4716,1445,Mastercard,Debit,01/2022,YES,2,$14029,09/2009,2010,No
2899,1445,Mastercard,Debit,08/2022,YES,2,$11641,05/2006,2010,No
562,74,Mastercard,Debit,01/2020,YES,1,$15568,01/2020,2020,No
4027,74,Visa,Debit,06/2022,YES,1,$19746,07/2014,2014,No
1307,74,Visa,Debit,07/2020,NO,1,$17682,02/2012,2012,No
815,1216,Visa,Debit,09/2021,YES,1,$19893,01/2020,2020,No
1858,1216,Visa,Debit (Prepaid),08/2024,YES,2,$69,02/2020,2020,No
1590,1216,Mastercard,Debit,10/2024,YES,2,$21800,02/2020,2020,No
1859,1216,Visa,Debit,04/2023,YES,2,$24759,02/2020,2020,No
816,1216,Visa,Debit,08/2023,YES,2,$644,01/2020,2020,No
817,1216,Visa,Credit,10/2021,YES,2,$6100,01/2020,2020,No
4060,797,Visa,Credit,11/2023,NO,2,$4400,07/2017,2017,No
4095,797,Visa,Debit,12/1999,YES,1,$34886,08/1999,2010,No
350,797,Visa,Debit,06/2021,YES,1,$20779,01/2015,2015,No
818,797,Visa,Debit,01/2020,YES,2,$32922,01/2020,2020,No
3127,797,Visa,Debit,01/2019,YES,2,$42491,05/2012,2012,No
4391,797,Mastercard,Debit,11/2023,YES,1,$24550,08/2012,2012,No
2839,797,Mastercard,Debit,04/2023,YES,1,$36309,05/2003,2006,No
5339,797,Mastercard,Debit,03/2023,YES,2,$27817,10/2019,2019,No
5428,797,Mastercard,Debit,05/2021,YES,1,$28912,11/2005,2012,No
429,610,Discover,Credit,01/2020,YES,2,$4500,01/2020,2020,No
819,610,Visa,Credit,01/2023,YES,1,$17500,01/2020,2020,No
820,610,Visa,Credit,07/2023,YES,1,$19100,01/2020,2020,No
398,610,Amex,Credit,01/2020,YES,1,$15100,01/2020,2020,No
4968,1917,Mastercard,Debit (Prepaid),03/2019,YES,1,$66,10/2002,2011,No
5556,1917,Amex,Credit,06/2024,YES,2,$13000,11/2009,2009,No
2129,1917,Visa,Debit,03/2021,YES,2,$20428,03/2006,2009,No
5803,1917,Amex,Credit,12/2021,YES,2,$8600,12/2004,2009,No
1860,975,Visa,Debit,05/2021,YES,1,$7225,02/2020,2020,No
1591,975,Mastercard,Debit (Prepaid),10/2022,YES,2,$104,02/2020,2020,No
1340,109,Mastercard,Debit,10/2021,YES,1,$27762,02/2014,2014,No
1861,109,Visa,Credit,11/2020,NO,1,$9300,02/2020,2020,No
4076,547,Mastercard,Debit (Prepaid),01/2020,YES,2,$104,07/2019,2019,No
4461,547,Mastercard,Debit,01/2019,YES,1,$16102,08/2017,2017,No
5298,547,Visa,Debit,09/2024,YES,1,$14995,10/2014,2014,No
5526,547,Mastercard,Debit,10/2011,NO,1,$20998,11/2008,2008,No
1592,347,Mastercard,Debit,02/2020,YES,2,$17846,02/2020,2020,No
2751,347,Visa,Credit,09/2021,YES,2,$6100,04/2015,2015,No
821,347,Visa,Debit,02/2021,YES,2,$22077,01/2020,2020,No
4489,201,Mastercard,Credit,10/2021,YES,1,$6900,09/1995,2009,No
5236,201,Mastercard,Debit,12/2016,YES,1,$11679,10/2011,2011,No
2494,201,Visa,Credit,11/2024,YES,1,$10100,04/2005,2013,No
822,1368,Visa,Credit,04/2020,YES,1,$13400,01/2020,2020,No
4772,1368,Mastercard,Debit,10/2023,YES,1,$21792,09/2010,2013,No
563,1547,Mastercard,Debit,09/2021,NO,2,$18856,01/2020,2020,No
3630,1547,Mastercard,Debit (Prepaid),11/2021,YES,1,$77,06/2018,2018,No
2531,1812,Mastercard,Debit,04/2023,NO,1,$33557,04/2007,2013,No
564,1812,Mastercard,Debit (Prepaid),11/2022,NO,1,$19,01/2020,2020,No
6068,1379,Mastercard,Debit,06/2023,YES,1,$18784,12/2012,2012,No
2604,1379,Mastercard,Debit,02/2021,YES,1,$16668,04/2009,2009,No
4796,1379,Visa,Credit,10/2022,YES,1,$10300,09/2010,2010,No
5215,1379,Visa,Debit,11/2017,YES,2,$12460,10/2010,2010,No
2780,82,Mastercard,Debit (Prepaid),12/2019,YES,1,$78,04/2018,2018,No
2900,1053,Mastercard,Credit,07/2021,YES,3,$9200,05/2006,2009,No
2311,1053,Mastercard,Debit,05/2018,NO,2,$21166,03/2013,2013,No
3771,1053,Mastercard,Debit (Prepaid),03/2020,YES,1,$61,07/2006,2011,No
1862,1893,Visa,Credit,10/2022,YES,2,$7600,02/2020,2020,No
1863,955,Visa,Credit,06/2022,YES,2,$1100,02/2020,2020,No
565,955,Mastercard,Debit,04/2021,YES,1,$20576,01/2020,2020,No
5723,955,Mastercard,Debit,11/2022,YES,1,$13254,11/2016,2016,No
1366,955,Mastercard,Debit,09/2023,YES,2,$12887,02/2016,2016,No
1367,856,Mastercard,Credit,03/2018,YES,2,$26800,02/2016,2016,No
4851,856,Mastercard,Debit,05/2023,NO,1,$62861,09/2013,2013,No
1285,856,Visa,Debit,07/2015,NO,1,$61399,02/2011,2011,No
2880,1361,Mastercard,Debit,07/2013,YES,2,$1513,05/2005,2008,No
4950,1361,Mastercard,Debit,10/2020,YES,2,$14767,10/2001,2012,No
2706,261,Visa,Debit,02/2022,YES,1,$23781,04/2012,2012,No
2589,261,Visa,Debit,06/2008,YES,1,$26891,04/2008,2010,No
6129,261,Visa,Debit,05/2018,YES,1,$32285,12/2016,2016,No
6076,261,Visa,Debit,04/2021,YES,1,$30650,12/2012,2012,No
30,261,Visa,Credit,04/2022,YES,2,$14200,01/2002,2006,No
4852,64,Mastercard,Debit,01/2024,YES,1,$17612,09/2013,2013,No
5429,64,Mastercard,Credit,03/2020,YES,2,$12200,11/2005,2020,No
823,1864,Visa,Debit,09/2020,NO,1,$33306,01/2020,2020,No
1864,1768,Visa,Debit,02/2020,YES,1,$14149,02/2020,2020,No
1341,1151,Mastercard,Debit,02/2018,YES,1,$429,02/2014,2014,No
5006,1151,Mastercard,Credit,09/2024,YES,2,$100,10/2004,2004,No
2983,1151,Visa,Debit,05/2022,YES,2,$495,05/2008,2010,No
5279,356,Visa,Debit,03/2020,YES,2,$18395,10/2013,2013,No
5605,356,Mastercard,Debit,09/2024,YES,1,$21808,11/2010,2010,No
3132,356,Mastercard,Debit,01/2018,YES,1,$39192,05/2013,2013,No
3251,356,Mastercard,Debit,07/2012,YES,2,$14100,06/2003,2010,No
2312,356,Mastercard,Debit,04/2021,YES,1,$15771,03/2013,2013,No
3018,1393,Visa,Debit,05/2021,YES,2,$8845,05/2009,2010,No
1865,1393,Visa,Credit,05/2024,NO,2,$10000,02/2020,2020,No
824,865,Visa,Credit,01/2020,YES,2,$4000,01/2020,2020,No
4028,865,Visa,Debit,04/2021,YES,2,$27832,07/2014,2014,No
3832,865,Amex,Credit,07/2024,YES,1,$9200,07/2008,2011,No
4356,865,Amex,Credit,10/2022,YES,2,$2000,08/2011,2011,No
5237,865,Mastercard,Debit,03/2021,NO,1,$24546,10/2011,2011,No
566,1914,Mastercard,Credit,06/2024,YES,1,$10400,01/2020,2020,No
2368,1641,Visa,Credit,11/2020,YES,2,$1900,03/2017,2017,No
825,707,Visa,Debit,02/2020,YES,1,$1862,01/2020,2020,No
4327,3,Mastercard,Debit (Prepaid),04/2023,NO,1,$80,08/2010,2010,No
2157,3,Visa,Debit (Prepaid),01/2022,YES,1,$65,03/2007,2010,No
4835,3,Mastercard,Debit (Prepaid),08/2023,NO,1,$62,09/2012,2012,No
3597,3,Visa,Debit,05/2023,YES,2,$13515,06/2015,2015,No
3787,754,Visa,Debit,04/2021,YES,1,$6138,07/2006,2016,No
5380,754,Mastercard,Debit,07/2020,YES,2,$8048,11/2002,2013,No
4122,754,Visa,Debit,03/2022,YES,2,$2898,08/2003,2008,No
6002,754,Mastercard,Debit,09/2021,YES,1,$9,12/2010,2013,No
2219,754,Mastercard,Debit,11/2024,YES,2,$4260,03/2009,2012,No
5450,754,Amex,Credit,08/2023,YES,2,$10100,11/2006,2010,No
3423,148,Mastercard,Debit,03/2017,YES,2,$17471,06/2009,2012,No
2144,148,Mastercard,Debit,12/2019,YES,1,$14054,03/2007,2015,No
4288,148,Discover,Credit,06/2024,NO,1,$7600,08/2009,2009,No
5851,148,Discover,Credit,04/2021,YES,1,$17400,12/2006,2009,No
5585,148,Visa,Debit,01/2020,YES,1,$10077,11/2009,2009,No
2376,127,Visa,Debit,08/2024,NO,2,$10702,03/2018,2018,No
988,127,Mastercard,Credit,04/2021,YES,1,$10600,02/2001,2010,No
1086,127,Mastercard,Debit,06/2017,YES,1,$9180,02/2006,2020,No
4692,1675,Visa,Debit,07/2016,YES,1,$20074,09/2008,2011,No
3473,1675,Mastercard,Debit,06/2021,NO,2,$33746,06/2010,2010,No
2372,1675,Mastercard,Debit,12/2023,NO,1,$37722,03/2018,2018,No
1355,747,Mastercard,Credit,01/2022,YES,2,$6100,02/2015,2015,No
2287,747,Visa,Debit,01/2013,YES,1,$21952,03/2011,2011,No
2549,747,Visa,Debit,02/2020,YES,1,$18217,04/2007,2008,No
3119,747,Mastercard,Debit,09/2017,YES,1,$16565,05/2012,2012,No
2116,1942,Mastercard,Debit (Prepaid),09/2021,YES,2,$81,03/2006,2018,No
246,1942,Visa,Debit (Prepaid),06/2022,YES,2,$11,01/2010,2010,No
5781,1942,Mastercard,Debit,06/2024,YES,2,$0,12/2002,2009,No
6086,452,Mastercard,Debit (Prepaid),06/2015,YES,1,$57,12/2013,2013,No
5700,452,Mastercard,Debit,06/2024,YES,1,$24274,11/2014,2014,No
4249,452,Mastercard,Debit,04/2021,YES,1,$33166,08/2008,2009,No
1866,452,Visa,Debit,12/2024,YES,1,$21820,02/2020,2020,No
4451,452,Visa,Debit,02/2020,YES,2,$19264,08/2015,2015,No
1867,1157,Visa,Debit (Prepaid),12/2020,YES,1,$77,02/2020,2020,No
4250,1534,Mastercard,Debit,03/2021,YES,1,$26136,08/2008,2009,No
6102,1534,Mastercard,Debit,03/2024,YES,1,$27771,12/2014,2014,No
2947,1086,Visa,Debit,09/2021,YES,1,$17117,05/2007,2010,No
5301,1086,Amex,Credit,11/2024,YES,2,$5400,10/2015,2015,No
567,1984,Mastercard,Debit,12/2021,YES,1,$674,01/2020,2020,No
4910,835,Mastercard,Debit (Prepaid),07/2023,YES,1,$58,09/2017,2017,No
2334,835,Visa,Debit,01/2021,YES,2,$15851,03/2014,2014,No
2288,835,Visa,Credit,07/2017,YES,1,$11000,03/2011,2015,No
4773,835,Mastercard,Debit,05/2022,YES,2,$16377,09/2010,2013,No
5115,758,Mastercard,Debit,05/2024,NO,2,$19127,10/2008,2012,No
2662,758,Visa,Credit,06/2024,YES,1,$9200,04/2010,2013,No
2181,758,Mastercard,Debit,05/2020,YES,2,$5553,03/2008,2015,No
5931,758,Mastercard,Debit (Prepaid),05/2021,YES,1,$75,12/2008,2008,No
5360,758,Visa,Credit,04/2003,YES,1,$7900,11/1999,2005,No
1868,1795,Visa,Debit,08/2020,YES,1,$19250,02/2020,2020,No
1869,1795,Visa,Debit (Prepaid),07/2020,YES,2,$96,02/2020,2020,No
1593,1795,Mastercard,Debit,02/2020,YES,2,$5895,02/2020,2020,No
1594,1795,Mastercard,Debit,10/2021,YES,1,$18891,02/2020,2020,No
399,1795,Amex,Credit,01/2024,YES,2,$1700,01/2020,2020,No
1595,1795,Mastercard,Credit,06/2024,YES,2,$12700,02/2020,2020,No
355,1221,Mastercard,Debit,03/2020,YES,1,$14892,01/2016,2016,No
4561,1221,Visa,Credit,06/2023,YES,1,$8500,09/2004,2011,No
4774,1221,Mastercard,Credit,05/2021,YES,1,$8500,09/2010,2011,No
4693,1221,Visa,Credit,09/2020,NO,2,$7400,09/2008,2011,No
568,1821,Mastercard,Debit,11/2024,NO,2,$18048,01/2020,2020,No
1870,1821,Visa,Credit,10/2022,YES,1,$12500,02/2020,2020,No
826,1821,Visa,Debit,05/2024,YES,2,$12838,01/2020,2020,No
3281,1248,Visa,Debit,11/2008,YES,1,$14725,06/2004,2008,No
5787,1248,Amex,Credit,07/2020,YES,1,$9600,12/2003,2010,No
5320,1248,Amex,Credit,12/2017,YES,2,$11000,10/2017,2017,No
3654,1900,Visa,Debit,05/2016,YES,2,$5616,07/1999,2010,No
4117,597,Mastercard,Credit,08/2020,YES,1,$30400,08/2003,2011,No
4540,597,Visa,Debit,01/2023,YES,2,$76343,09/2003,2014,No
2532,597,Mastercard,Debit,02/2024,YES,2,$46070,04/2007,2008,No
5022,597,Mastercard,Credit,04/2023,NO,2,$14900,10/2005,2009,No
3414,597,Amex,Credit,08/2023,YES,1,$27500,06/2009,2009,No
5346,597,Visa,Debit,07/2007,NO,1,$3134,11/1992,2011,No
1596,1620,Mastercard,Debit (Prepaid),02/2020,YES,1,$92,02/2020,2020,No
1871,1620,Visa,Credit,12/2024,YES,2,$10600,02/2020,2020,No
1872,1620,Visa,Debit,09/2021,YES,2,$13588,02/2020,2020,No
3518,1213,Mastercard,Debit (Prepaid),02/2021,YES,1,$67,06/2011,2011,No
3106,1213,Visa,Debit,02/2020,YES,1,$13905,05/2011,2011,No
3270,1213,Discover,Credit,01/2021,YES,1,$12300,06/2004,2013,No
5648,619,Mastercard,Debit,03/2021,YES,1,$23220,11/2011,2011,No
3348,619,Mastercard,Debit,06/2021,YES,2,$33319,06/2007,2010,No
5,619,Visa,Debit,04/2024,YES,2,$21883,01/1997,2012,No
4519,619,Mastercard,Debit,05/2023,YES,1,$39606,09/2002,2008,No
1394,1043,Visa,Credit,01/2022,YES,2,$15500,02/2019,2019,No
1873,1043,Visa,Credit,02/2020,YES,2,$20800,02/2020,2020,No
4717,394,Mastercard,Debit,06/2023,YES,1,$23310,09/2009,2009,No
6057,394,Visa,Debit,06/2023,YES,1,$22015,12/2011,2011,No
2663,394,Visa,Debit,05/2023,YES,2,$23884,04/2010,2010,No
4341,394,Visa,Debit,07/2021,NO,2,$25808,08/2010,2010,No
1874,1376,Visa,Credit,06/2021,YES,2,$4500,02/2020,2020,No
4871,1376,Mastercard,Debit,01/2021,YES,2,$26531,09/2014,2014,No
3532,1376,Visa,Debit,01/2022,YES,2,$22641,06/2011,2011,No
2182,1376,Mastercard,Credit,10/2023,YES,2,$13100,03/2008,2015,No
1875,834,Visa,Credit,10/2020,YES,1,$7800,02/2020,2020,No
1876,834,Visa,Debit,03/2024,YES,2,$6407,02/2020,2020,No
1407,834,Amex,Credit,02/2020,NO,2,$7200,02/2020,2020,No
827,834,Visa,Credit,12/2023,YES,1,$6500,01/2020,2020,No
1877,834,Visa,Debit (Prepaid),09/2024,YES,1,$91,02/2020,2020,No
1878,834,Visa,Credit,02/2020,YES,2,$1200,02/2020,2020,No
160,837,Mastercard,Credit,07/2024,YES,2,$6700,01/2008,2009,No
2457,1257,Mastercard,Debit,03/2021,YES,1,$11102,04/2004,2012,No
2605,1257,Mastercard,Debit (Prepaid),10/2021,NO,2,$91,04/2009,2014,No
5071,1257,Amex,Credit,08/2021,YES,2,$8100,10/2007,2009,No
4087,1966,Mastercard,Debit,09/2021,YES,1,$22679,08/1997,2014,No
2643,1966,Mastercard,Debit,04/2023,YES,2,$13326,04/2010,2010,No
6029,1966,Visa,Debit,11/2020,YES,1,$13778,12/2010,2015,No
4737,1966,Visa,Credit,05/2016,YES,2,$10400,09/2009,2011,No
5649,358,Mastercard,Debit,05/2022,YES,2,$6863,11/2011,2011,No
1212,358,Mastercard,Debit,12/2021,YES,1,$16633,02/2010,2010,No
3845,912,Mastercard,Debit,08/2024,YES,1,$29391,07/2008,2011,No
4197,912,Discover,Credit,07/2023,YES,1,$19000,08/2007,2011,No
5650,605,Mastercard,Debit,03/2020,YES,1,$14541,11/2011,2011,No
212,605,Visa,Credit,12/2022,YES,1,$13500,01/2009,2009,No
5061,605,Visa,Debit,06/2021,YES,2,$1484,10/2006,2011,No
5289,1362,Mastercard,Debit,03/2023,NO,1,$31192,10/2014,2014,No
0,1362,Amex,Credit,04/2024,YES,2,$33900,01/1991,2014,No
2274,1362,Mastercard,Debit (Prepaid),07/2023,YES,2,$44,03/2011,2016,No
2145,1362,Mastercard,Debit,03/2017,NO,2,$29708,03/2007,2009,No
2965,1513,Mastercard,Credit,07/2021,YES,1,$27200,05/2008,2011,No
3933,1513,Mastercard,Debit,10/2021,YES,1,$36344,07/2010,2010,No
3546,1513,Mastercard,Credit,11/2020,YES,2,$8900,06/2012,2012,No
5886,1521,Mastercard,Debit,01/2021,YES,2,$1236,12/2007,2010,No
2495,1521,Visa,Debit,12/2023,YES,1,$11037,04/2005,2012,No
1066,1521,Visa,Credit,09/2020,YES,2,$5000,02/2005,2008,No
5887,564,Mastercard,Credit,05/2023,YES,1,$9700,12/2007,2011,No
3547,564,Mastercard,Debit,03/2016,YES,2,$14179,06/2012,2012,No
2606,1309,Mastercard,Debit,11/2024,YES,1,$25021,04/2009,2009,No
828,1583,Visa,Debit,02/2020,YES,2,$33605,01/2020,2020,No
3385,1583,Mastercard,Debit (Prepaid),10/2023,NO,1,$63,06/2008,2010,No
5724,1583,Mastercard,Debit (Prepaid),03/2024,YES,1,$84,11/2016,2016,No
4694,1885,Visa,Debit,12/2012,YES,2,$18733,09/2008,2014,No
4951,1885,Mastercard,Debit (Prepaid),10/2006,YES,2,$38,10/2001,2007,No
3424,1885,Mastercard,Debit,12/2018,YES,1,$21895,06/2009,2009,No
2435,1885,Visa,Credit,04/2022,YES,2,$8700,04/2002,2010,No
2046,1566,Mastercard,Debit,01/2023,YES,2,$16050,03/2003,2006,No
5832,1566,Mastercard,Debit,03/2007,YES,2,$17257,12/2005,2009,No
5546,1566,Visa,Debit,04/2012,YES,2,$20573,11/2008,2015,No
2383,401,Mastercard,Debit,01/2020,YES,1,$18829,03/2019,2019,No
5628,401,Visa,Debit,02/2020,YES,1,$16619,11/2010,2010,No
5643,401,Discover,Credit,12/2022,NO,1,$9700,11/2011,2012,No
4924,401,Mastercard,Credit,07/2024,YES,2,$2200,09/2019,2019,No
3004,401,Mastercard,Debit,10/2024,YES,1,$17691,05/2009,2009,No
1597,401,Mastercard,Debit,08/2024,YES,1,$11910,02/2020,2020,No
3035,401,Amex,Credit,04/2023,YES,2,$11000,05/2010,2014,No
6030,15,Visa,Debit,12/2021,YES,1,$13971,12/2010,2010,No
4988,15,Mastercard,Credit,03/2020,YES,2,$7100,10/2003,2017,No
3182,15,Visa,Credit,06/2020,YES,1,$0,05/2016,2016,No
829,1666,Visa,Credit,06/2022,YES,2,$5800,01/2020,2020,No
2533,1666,Mastercard,Credit,02/2009,YES,1,$12700,04/2007,2015,No
178,1666,Visa,Debit,05/2024,YES,1,$17405,01/2008,2012,No
993,1666,Visa,Debit,10/2020,YES,1,$9418,02/2001,2012,No
1598,509,Mastercard,Credit,09/2024,YES,1,$9900,02/2020,2020,No
3446,509,Visa,Debit,08/2022,YES,2,$25292,06/2009,2009,No
4588,509,Visa,Debit,07/2022,YES,1,$12721,09/2005,2015,No
569,509,Mastercard,Debit,12/2023,YES,1,$13218,01/2020,2020,No
2644,954,Mastercard,Debit,08/2024,YES,2,$18320,04/2010,2010,No
2220,954,Mastercard,Debit,11/2023,YES,1,$20270,03/2009,2009,No
4416,954,Visa,Debit,11/2013,YES,1,$18254,08/2013,2013,No
5586,954,Visa,Debit,10/2024,YES,1,$24104,11/2009,2009,No
3548,832,Mastercard,Credit,10/2024,YES,1,$10900,06/2012,2012,No
2948,832,Visa,Debit,09/2022,YES,1,$23260,05/2007,2010,No
3107,832,Visa,Debit,07/2024,NO,1,$20776,05/2011,2011,No
570,832,Mastercard,Debit,02/2020,YES,2,$15741,01/2020,2020,No
2362,1046,Mastercard,Credit,12/2020,YES,2,$7300,03/2017,2017,No
6,1046,Amex,Credit,02/1999,YES,2,$9400,01/1998,2011,No
3259,1046,Visa,Debit,04/2021,YES,2,$10124,06/2003,2018,No
9,1046,Amex,Credit,09/2020,YES,1,$13000,01/1999,2005,No
4520,630,Mastercard,Debit,02/2021,YES,2,$18060,09/2002,2019,No
2059,630,Mastercard,Debit,07/2020,YES,1,$7546,03/2004,2010,No
5629,630,Visa,Debit,11/2020,YES,1,$9062,11/2010,2010,No
3386,1561,Mastercard,Credit,04/2021,YES,1,$17900,06/2008,2010,No
1025,1561,Visa,Debit,03/2016,YES,2,$33822,02/2003,2018,No
2966,1561,Mastercard,Debit,10/2022,YES,2,$30909,05/2008,2013,No
5353,1561,Visa,Debit,07/2022,NO,2,$2722,11/1997,2016,No
2377,1548,Visa,Debit,03/2020,YES,1,$28762,03/2018,2018,No
5764,1548,Mastercard,Debit (Prepaid),10/2023,NO,1,$67,12/2000,2011,No
4406,1548,Mastercard,Debit,05/2020,YES,1,$44345,08/2013,2013,No
2901,221,Mastercard,Debit,12/2021,YES,2,$2209,05/2006,2013,No
2444,221,Mastercard,Debit,07/2021,YES,2,$24582,04/2003,2012,No
4589,221,Visa,Debit,11/2021,NO,1,$1017,09/2005,2010,No
1049,221,Mastercard,Debit,10/2022,YES,1,$11625,02/2005,2014,No
1599,1991,Mastercard,Debit,03/2024,YES,1,$17882,02/2020,2020,No
1331,1328,Visa,Credit,04/2020,YES,1,$1000,02/2013,2013,No
1879,1328,Visa,Debit,06/2020,YES,1,$37491,02/2020,2020,No
2158,1901,Visa,Debit (Prepaid),07/2023,YES,2,$59,03/2007,2015,No
3846,1901,Mastercard,Debit,08/2023,NO,2,$6384,07/2008,2017,No
3887,1901,Mastercard,Debit (Prepaid),01/2013,YES,2,$24,07/2009,2016,No
5357,665,Mastercard,Debit,03/2022,YES,2,$11994,11/1999,2011,No
3652,665,Mastercard,Debit,10/2024,YES,1,$8747,07/1998,2007,No
5073,665,Discover,Credit,09/2019,YES,1,$9500,10/2007,2011,No
5193,665,Mastercard,Debit,06/2023,YES,1,$1264,10/2010,2019,No
3402,665,Visa,Debit,01/2022,YES,2,$7233,06/2008,2011,No
2798,665,Mastercard,Debit,03/2022,YES,1,$1264,05/1998,2014,No
3217,665,Mastercard,Debit,06/2001,NO,2,$15007,06/2000,2013,No
968,665,Mastercard,Debit,02/2002,YES,2,$13529,02/1999,2008,No
1213,442,Mastercard,Debit,02/2015,YES,1,$25209,02/2010,2011,No
141,442,Visa,Debit,06/2024,YES,1,$34063,01/2007,2009,No
2117,442,Mastercard,Debit,12/2019,NO,1,$31307,03/2006,2010,No
112,442,Visa,Debit,02/2020,YES,1,$40384,01/2006,2006,No
2346,442,Visa,Debit,05/2024,YES,2,$19525,03/2015,2015,No
4572,1626,Amex,Credit,12/2022,YES,2,$7200,09/2005,2011,No
1600,1539,Mastercard,Credit,09/2020,YES,2,$6200,02/2020,2020,No
3847,1539,Mastercard,Credit,07/2023,YES,3,$21700,07/2008,2015,No
4203,601,Mastercard,Credit,12/2009,YES,1,$7100,08/2007,2009,No
2300,601,Mastercard,Credit,06/2022,YES,2,$6700,03/2012,2012,No
3674,601,Mastercard,Debit (Prepaid),09/2021,YES,1,$68,07/2002,2011,No
5760,601,Mastercard,Credit,10/2018,YES,2,$10800,12/1999,2005,No
3681,601,Visa,Debit,11/2022,YES,2,$9952,07/2002,2010,No
2347,601,Visa,Credit,11/2024,YES,2,$5400,03/2015,2015,No
2840,541,Mastercard,Credit,01/2015,YES,2,$12200,05/2003,2009,No
5516,210,Discover,Credit,03/2022,YES,2,$3700,11/2008,2011,No
3053,206,Mastercard,Credit,01/2024,YES,1,$11300,05/2010,2011,No
1601,206,Mastercard,Debit,08/2020,YES,1,$18510,02/2020,2020,No
1602,926,Mastercard,Debit,06/2020,YES,2,$2070,02/2020,2020,No
1603,115,Mastercard,Debit,02/2024,YES,1,$55750,02/2020,2020,No
38,115,Mastercard,Credit,11/2024,NO,1,$20300,01/2003,2015,No
4590,115,Visa,Debit (Prepaid),07/2023,YES,2,$52,09/2005,2008,No
19,115,Mastercard,Debit,01/2023,YES,2,$46184,01/2001,2014,No
4927,115,Visa,Credit,10/2024,YES,1,$13200,09/2019,2019,No
5704,115,Visa,Debit,09/2022,YES,2,$34284,11/2014,2014,No
3934,1779,Mastercard,Debit,10/2024,YES,2,$9257,07/2010,2018,No
1214,1779,Mastercard,Debit,02/2023,YES,2,$7623,02/2010,2015,No
4029,248,Visa,Debit,08/2021,YES,1,$9741,07/2014,2014,No
4932,248,Mastercard,Debit,11/2021,YES,1,$11749,10/1998,2008,No
99,248,Mastercard,Debit,04/2013,YES,2,$12257,01/2006,2010,No
1030,248,Mastercard,Debit,09/2010,YES,2,$10792,02/2004,2008,No
3130,1003,Discover,Credit,10/2024,YES,2,$21000,05/2013,2013,No
1604,294,Mastercard,Debit,03/2022,YES,2,$20362,02/2020,2020,No
3557,118,Visa,Debit,09/2024,YES,1,$20653,06/2012,2012,No
2792,118,Discover,Credit,11/2024,YES,1,$6700,05/1997,2016,No
3848,118,Mastercard,Debit,07/2021,YES,2,$2629,07/2008,2017,No
1605,292,Mastercard,Debit,01/2023,YES,1,$21686,02/2020,2020,No
4943,755,Mastercard,Debit,04/2020,YES,2,$13979,10/2000,2007,No
2206,755,Visa,Debit,09/2020,YES,1,$15459,03/2008,2010,No
4797,755,Visa,Debit,12/2022,YES,2,$10756,09/2010,2018,No
2757,755,Discover,Credit,01/2020,YES,3,$4900,04/2016,2016,No
2321,755,Visa,Debit,08/2021,YES,2,$11869,03/2013,2013,No
1880,1878,Visa,Debit,02/2020,YES,1,$11029,02/2020,2020,No
4958,1432,Visa,Debit,05/2021,YES,1,$32043,10/2001,2009,No
4929,1432,Visa,Credit,07/2023,YES,1,$19400,10/1996,2012,No
1192,1432,Visa,Credit,01/2010,YES,1,$15900,02/2009,2009,No
2726,1432,Mastercard,Debit,07/2022,YES,2,$25740,04/2014,2014,No
4576,456,Mastercard,Debit,08/2020,YES,2,$12594,09/2005,2014,No
2800,456,Visa,Credit,12/2024,YES,1,$5800,05/1998,2009,No
5811,456,Mastercard,Debit,03/2005,YES,2,$14824,12/2004,2011,No
4603,623,Mastercard,Debit,12/2006,YES,2,$14954,09/2006,2007,No
2072,623,Visa,Debit,09/2024,YES,2,$9146,03/2004,2012,No
2130,623,Visa,Debit,09/2023,YES,2,$31917,03/2006,2009,No
571,1426,Mastercard,Credit,05/2023,NO,2,$35500,01/2020,2020,No
572,1426,Mastercard,Credit,05/2020,YES,2,$17100,01/2020,2020,No
5381,47,Mastercard,Debit,09/2012,YES,2,$8636,11/2002,2014,No
4952,47,Mastercard,Debit,01/2024,YES,2,$3891,10/2001,2016,No
5630,47,Visa,Debit (Prepaid),12/2021,YES,2,$100,11/2010,2010,No
5080,47,Mastercard,Credit,05/2021,YES,2,$10500,10/2007,2011,No
5876,760,Amex,Credit,05/2022,YES,1,$9100,12/2007,2008,No
5670,760,Mastercard,Debit,05/2022,YES,1,$17393,11/2012,2012,No
4379,760,Visa,Debit (Prepaid),01/2023,NO,1,$59,08/2011,2011,No
2566,956,Mastercard,Debit,03/2012,YES,2,$2355,04/2008,2009,No
1606,956,Mastercard,Debit,02/2020,YES,1,$29553,02/2020,2020,No
4273,194,Visa,Credit,09/2024,YES,1,$8300,08/2008,2008,No
2401,194,Mastercard,Debit,04/2024,YES,2,$14501,04/1998,2012,No
5587,194,Visa,Debit,03/2023,NO,2,$9080,11/2009,2013,No
5062,194,Visa,Debit,10/2020,YES,1,$1534,10/2006,2015,No
1607,693,Mastercard,Debit,06/2023,YES,2,$39114,02/2020,2020,No
830,693,Visa,Debit,09/2024,YES,2,$30298,01/2020,2020,No
1881,1246,Visa,Credit,02/2020,YES,1,$6600,02/2020,2020,No
5812,1246,Mastercard,Debit,04/2021,NO,1,$15087,12/2004,2005,No
4810,1246,Mastercard,Debit,05/2024,NO,1,$16257,09/2011,2011,No
5023,1246,Mastercard,Credit,04/2024,YES,2,$8500,10/2005,2012,No
2774,641,Visa,Debit,04/2019,YES,2,$18401,04/2017,2017,No
4456,641,Mastercard,Debit,02/2020,YES,1,$17946,08/2016,2016,No
14,641,Mastercard,Debit,07/2021,YES,1,$24819,01/2000,2011,No
1193,641,Visa,Credit,06/2009,YES,2,$11000,02/2009,2010,No
4718,641,Mastercard,Debit,01/2022,YES,2,$12275,09/2009,2009,No
5151,641,Mastercard,Debit,05/2022,YES,1,$22044,10/2009,2009,No
3907,1060,Visa,Credit,05/2021,NO,1,$10600,07/2009,2018,No
4291,1060,Mastercard,Debit (Prepaid),01/2021,YES,2,$61,08/2009,2016,No
5216,1060,Visa,Debit,05/2023,YES,2,$14114,10/2010,2010,No
5326,1060,Visa,Credit,05/2022,YES,2,$6500,10/2017,2017,No
3849,1060,Mastercard,Credit,02/2023,YES,1,$9400,07/2008,2012,No
831,1292,Visa,Debit,07/2023,YES,1,$16369,01/2020,2020,No
1882,1292,Visa,Credit,04/2024,YES,1,$5900,02/2020,2020,No
832,1113,Visa,Credit,02/2022,NO,1,$9100,01/2020,2020,No
833,1113,Visa,Credit,07/2024,NO,2,$4700,01/2020,2020,No
4631,245,Amex,Credit,02/2021,YES,1,$8900,09/2007,2007,No
1883,245,Visa,Debit (Prepaid),07/2020,NO,2,$94,02/2020,2020,No
4362,774,Mastercard,Debit,09/2022,YES,2,$1669,08/2011,2016,No
83,774,Visa,Debit,05/2024,YES,1,$16717,01/2005,2006,No
100,1822,Mastercard,Debit,09/2021,YES,2,$14133,01/2006,2010,No
3985,1822,Visa,Debit,09/2022,YES,2,$13029,07/2011,2011,No
1608,1822,Mastercard,Debit,06/2024,YES,2,$11624,02/2020,2020,No
4285,1822,Amex,Credit,11/2010,YES,2,$5900,08/2009,2010,No
2221,1822,Mastercard,Debit (Prepaid),04/2024,YES,1,$10,03/2009,2011,No
5888,1209,Mastercard,Debit,01/2020,YES,2,$42074,12/2007,2010,No
4573,1209,Amex,Credit,02/2021,YES,2,$19400,09/2005,2013,No
3362,1209,Visa,Debit,12/2020,YES,1,$27091,06/2007,2018,No
3387,1209,Mastercard,Debit (Prepaid),08/2020,YES,1,$76,06/2008,2014,No
3693,1209,Mastercard,Debit,04/2021,YES,1,$16340,07/2003,2009,No
4462,1209,Mastercard,Credit,10/2017,NO,1,$4300,08/2017,2017,No
2261,997,Visa,Credit,02/2021,YES,1,$17100,03/2010,2011,No
6108,997,Mastercard,Debit (Prepaid),12/2020,YES,1,$57,12/2015,2015,No
5046,997,Discover,Credit,07/2023,YES,1,$11200,10/2006,2006,No
5825,997,Amex,Credit,08/2021,YES,1,$5900,12/2005,2011,No
1446,1180,Discover,Credit,08/2021,YES,2,$8200,02/2020,2020,No
6041,1180,Mastercard,Credit,06/2023,YES,1,$11200,12/2011,2016,No
1609,1180,Mastercard,Debit,10/2020,YES,2,$9641,02/2020,2020,No
23,318,Visa,Credit,07/2008,YES,1,$7500,01/2001,2017,No
2928,318,Mastercard,Debit,11/2023,YES,2,$9725,05/2007,2012,No
2004,318,Mastercard,Debit,07/1997,NO,1,$713,03/1997,2008,No
3183,318,Visa,Credit,12/2023,YES,2,$0,05/2016,2016,No
5081,691,Mastercard,Debit,09/2012,YES,1,$10824,10/2007,2015,No
3157,1993,Visa,Debit,06/2015,YES,1,$54768,05/2014,2014,No
4176,1993,Mastercard,Debit,05/2015,YES,1,$36982,08/2006,2009,No
70,1993,Mastercard,Credit,09/2012,YES,2,$19500,01/2005,2010,No
5082,1993,Mastercard,Debit,05/2020,YES,1,$43863,10/2007,2012,No
5152,1993,Mastercard,Debit,03/2023,YES,2,$27050,10/2009,2018,No
4635,1993,Mastercard,Debit,02/2020,YES,2,$33468,09/2007,2010,No
3675,252,Mastercard,Credit,10/2024,YES,1,$10700,07/2002,2013,No
271,252,Mastercard,Debit (Prepaid),10/2024,YES,2,$35,01/2011,2011,No
5024,252,Mastercard,Debit,10/2022,YES,1,$9358,10/2005,2015,No
4577,252,Mastercard,Debit,02/2024,YES,1,$13425,09/2005,2015,No
5407,252,Mastercard,Debit,08/2020,NO,1,$24213,11/2004,2009,No
3788,252,Visa,Debit,03/2020,NO,2,$14911,07/2006,2014,No
4719,1757,Mastercard,Credit,01/2019,YES,1,$10800,09/2009,2011,No
142,1757,Visa,Credit,07/2022,YES,2,$13200,01/2007,2007,No
2685,1757,Visa,Debit,10/2023,YES,1,$12628,04/2011,2012,No
4820,1757,Visa,Debit,03/2016,YES,1,$16642,09/2011,2011,No
3054,1324,Mastercard,Debit,12/2020,YES,1,$13013,05/2010,2012,No
3314,1324,Mastercard,Credit,08/2020,YES,2,$10400,06/2006,2006,No
4959,1324,Visa,Credit,09/2024,YES,2,$12500,10/2001,2011,No
5889,1324,Mastercard,Debit,12/2023,YES,3,$8889,12/2007,2013,No
2102,1557,Amex,Credit,01/2024,YES,1,$19000,03/2006,2011,No
2471,1557,Visa,Debit,04/2021,NO,1,$12370,04/2004,2008,No
6098,1557,Discover,Credit,04/2020,YES,2,$9000,12/2014,2014,No
1610,1555,Mastercard,Debit,01/2021,YES,1,$5284,02/2020,2020,No
6042,1555,Mastercard,Debit (Prepaid),04/2022,YES,2,$50,12/2011,2011,No
3190,1555,Mastercard,Credit,12/2024,YES,2,$2300,05/2017,2017,No
1019,941,Mastercard,Debit,02/2022,YES,1,$20022,02/2003,2014,No
573,156,Mastercard,Debit,05/2020,YES,1,$14820,01/2020,2020,No
5438,156,Visa,Credit,05/2023,YES,2,$6900,11/2005,2013,No
1334,156,Amex,Credit,05/2021,YES,2,$5200,02/2014,2014,No
4604,156,Mastercard,Debit (Prepaid),12/2016,YES,1,$64,09/2006,2010,No
2827,24,Mastercard,Debit,03/2020,YES,2,$8165,05/2002,2009,No
1316,302,Mastercard,Debit,09/2020,YES,2,$16799,02/2013,2013,No
1408,302,Amex,Credit,04/2024,YES,2,$13800,02/2020,2020,No
1884,949,Visa,Debit,03/2020,YES,1,$20826,02/2020,2020,No
430,949,Discover,Credit,12/2020,YES,2,$20700,01/2020,2020,No
2249,949,Mastercard,Debit,06/2023,YES,2,$15813,03/2010,2011,No
574,949,Mastercard,Debit (Prepaid),02/2020,YES,2,$41,01/2020,2020,No
3549,949,Mastercard,Credit,06/2022,YES,2,$8000,06/2012,2012,No
3598,1281,Visa,Credit,08/2021,YES,2,$6600,06/2015,2015,No
4775,1281,Mastercard,Debit,11/2022,YES,2,$15149,09/2010,2010,No
3095,1281,Mastercard,Credit,01/2017,YES,1,$10100,05/2011,2016,No
2902,1281,Mastercard,Debit,10/2023,YES,2,$14720,05/2006,2014,No
5394,1281,Visa,Debit (Prepaid),11/2023,YES,1,$28,11/2003,2018,No
3589,1281,Mastercard,Credit,03/2019,YES,2,$3600,06/2015,2015,No
5116,1428,Mastercard,Debit (Prepaid),12/2022,YES,1,$47,10/2008,2016,No
3163,433,Mastercard,Debit,10/2024,YES,1,$10179,05/2015,2015,No
3868,433,Visa,Credit,09/2020,YES,2,$10600,07/2008,2014,No
2903,433,Mastercard,Debit,08/2007,YES,2,$14716,05/2006,2012,No
2370,433,Amex,Credit,08/2020,YES,2,$12600,03/2018,2018,No
4866,433,Visa,Debit (Prepaid),12/2017,YES,1,$96,09/2013,2013,No
5606,433,Mastercard,Debit (Prepaid),02/2020,YES,1,$73,11/2010,2010,No
4040,584,Visa,Credit,04/2021,YES,1,$6500,07/2015,2015,No
3878,584,Amex,Credit,11/2023,YES,2,$9300,07/2009,2009,No
51,584,Mastercard,Debit,12/2023,NO,2,$8970,01/2004,2010,No
5800,1832,Visa,Credit,05/2023,YES,1,$11700,12/2003,2013,No
5932,1832,Mastercard,Debit,06/2021,YES,1,$2841,12/2008,2013,No
4636,222,Mastercard,Debit,05/2021,YES,1,$46621,09/2007,2010,No
4619,222,Visa,Debit,11/2006,YES,2,$62855,09/2006,2006,No
4821,222,Visa,Debit,10/2014,YES,1,$46521,09/2011,2012,No
4562,648,Visa,Credit,06/2008,YES,2,$4100,09/2004,2010,No
3474,648,Mastercard,Credit,01/2020,YES,1,$9200,06/2010,2010,No
3888,648,Mastercard,Credit,10/2020,YES,2,$2800,07/2009,2010,No
6135,1939,Amex,Credit,08/2024,YES,2,$4200,12/2018,2018,No
575,722,Mastercard,Debit,09/2022,YES,2,$21794,01/2020,2020,No
4204,1889,Mastercard,Debit (Prepaid),11/2015,YES,1,$58,08/2007,2009,No
1176,1889,Mastercard,Credit,08/2021,YES,1,$11400,02/2009,2014,No
2618,1889,Visa,Debit,07/2016,YES,2,$15781,04/2009,2015,No
5416,1889,Visa,Debit,10/2023,YES,1,$26906,11/2004,2016,No
5890,1889,Mastercard,Debit,10/2024,YES,2,$10228,12/2007,2014,No
2694,1229,Mastercard,Debit (Prepaid),10/2023,YES,2,$74,04/2012,2012,No
2427,1229,Discover,Credit,02/2020,YES,1,$12600,04/2002,2010,No
3282,1229,Visa,Credit,02/2019,YES,2,$7600,06/2004,2010,No
5547,1229,Visa,Debit,06/2024,YES,1,$33080,11/2008,2008,No
386,1229,Visa,Debit,03/2020,NO,1,$17954,01/2019,2019,No
272,1229,Mastercard,Debit,01/2023,YES,1,$19238,01/2011,2011,No
5083,505,Mastercard,Debit,01/2023,YES,2,$14912,10/2007,2009,No
2222,505,Mastercard,Debit,11/2015,YES,2,$5258,03/2009,2013,No
5173,1083,Visa,Credit,12/2020,YES,1,$11300,10/2009,2011,No
3710,1083,Mastercard,Debit,10/2022,YES,1,$24455,07/2004,2014,No
5527,1083,Mastercard,Debit,08/2016,YES,2,$463,11/2008,2010,No
3447,1083,Visa,Debit,02/2010,YES,2,$5511,06/2009,2012,No
4448,1656,Mastercard,Debit,09/2020,YES,2,$20097,08/2015,2015,No
834,1656,Visa,Debit,07/2021,YES,2,$14200,01/2020,2020,No
1611,1656,Mastercard,Debit,03/2024,YES,1,$16415,02/2020,2020,No
1612,568,Mastercard,Debit,02/2020,YES,2,$1926,02/2020,2020,No
1050,1373,Mastercard,Credit,08/2020,NO,1,$11000,02/2005,2013,No
4074,1373,Amex,Credit,07/2024,YES,2,$5700,07/2019,2019,No
1194,667,Visa,Debit,11/2019,YES,1,$26024,02/2009,2013,No
5063,667,Visa,Debit,03/2024,YES,2,$4599,10/2006,2013,No
5408,667,Mastercard,Debit,04/2020,YES,2,$8522,11/2004,2015,No
4563,667,Visa,Debit,08/2023,YES,2,$45854,09/2004,2013,No
5891,667,Mastercard,Debit,04/2024,YES,1,$38194,12/2007,2012,No
2929,480,Mastercard,Debit,09/2022,YES,1,$51051,05/2007,2012,No
5409,480,Mastercard,Credit,01/2020,NO,1,$30800,11/2004,2007,No
4872,480,Mastercard,Credit,08/2023,YES,2,$23400,09/2014,2014,No
3388,480,Mastercard,Credit,01/2022,YES,2,$24800,06/2008,2013,No
5607,480,Mastercard,Debit (Prepaid),03/2023,YES,1,$48,11/2010,2012,No
4670,480,Mastercard,Credit,07/2024,YES,2,$8700,09/2008,2011,No
2764,569,Visa,Credit,08/2022,YES,2,$5900,04/2016,2016,No
5608,1600,Mastercard,Debit,03/2021,YES,2,$5059,11/2010,2010,No
5050,1600,Mastercard,Debit,05/2021,YES,2,$22446,10/2006,2012,No
4251,1600,Mastercard,Debit,08/2023,YES,1,$48754,08/2008,2013,No
3498,1063,Visa,Credit,06/2023,YES,1,$9300,06/2010,2010,No
2015,1063,Visa,Debit,12/2022,YES,2,$15265,03/2000,2009,No
400,1063,Amex,Credit,11/2022,YES,2,$12500,01/2020,2020,No
5683,1063,Mastercard,Debit,07/2015,YES,1,$28805,11/2013,2013,No
1009,1063,Amex,Credit,11/2003,YES,1,$9800,02/2003,2013,No
3850,32,Mastercard,Credit,05/2012,YES,1,$11600,07/2008,2012,No
5382,32,Mastercard,Debit,12/2023,YES,2,$26501,11/2002,2019,No
3475,32,Mastercard,Debit,12/2020,NO,2,$11121,06/2010,2013,No
1087,32,Mastercard,Debit,04/2021,YES,2,$2352,02/2006,2012,No
576,1040,Mastercard,Debit,02/2020,YES,1,$62317,01/2020,2020,No
401,1040,Amex,Credit,07/2020,YES,2,$16400,01/2020,2020,No
4798,396,Visa,Debit (Prepaid),02/2023,NO,2,$65,09/2010,2011,No
2785,396,Visa,Debit (Prepaid),02/2020,YES,1,$63,04/2018,2018,No
4911,396,Mastercard,Debit (Prepaid),10/2020,NO,1,$69,09/2017,2017,No
5395,396,Visa,Credit,11/2003,YES,2,$36900,11/2003,2014,No
4300,396,Visa,Debit,10/2024,YES,2,$10875,08/2009,2020,No
999,1498,Mastercard,Debit (Prepaid),12/2024,YES,2,$65,02/2002,2008,No
3735,1498,Mastercard,Debit (Prepaid),04/2023,YES,2,$76,07/2005,2010,No
577,1498,Mastercard,Debit,03/2024,YES,2,$15781,01/2020,2020,No
2232,1498,Visa,Debit,06/2019,YES,1,$22227,03/2009,2010,No
1613,104,Mastercard,Debit,02/2020,YES,2,$4924,02/2020,2020,No
3161,104,Discover,Credit,09/2020,YES,1,$6300,05/2015,2015,No
4205,104,Mastercard,Credit,05/2024,NO,1,$8000,08/2007,2020,No
835,1062,Visa,Debit,02/2020,NO,1,$18432,01/2020,2020,No
1390,1062,Mastercard,Debit (Prepaid),02/2020,YES,2,$86,02/2019,2019,No
4363,1062,Mastercard,Debit,09/2020,YES,2,$11666,08/2011,2011,No
1409,1845,Amex,Credit,02/2020,YES,1,$22900,02/2020,2020,No
5892,1657,Mastercard,Credit,06/2021,YES,1,$7800,12/2007,2007,No
2183,1106,Mastercard,Debit,08/2023,YES,1,$10462,03/2008,2015,No
3964,1106,Amex,Credit,12/2012,YES,2,$11000,07/2011,2011,No
2335,1106,Visa,Debit,12/2023,YES,1,$16927,03/2014,2014,No
2550,1867,Visa,Debit (Prepaid),04/2015,YES,2,$96,04/2007,2015,No
5238,1045,Mastercard,Debit (Prepaid),07/2021,YES,1,$95,10/2011,2011,No
5462,1786,Mastercard,Credit,03/2023,YES,2,$2400,11/2006,2010,No
2250,1786,Mastercard,Debit,09/2023,YES,1,$12127,03/2010,2010,No
5463,1786,Mastercard,Credit,11/2020,YES,1,$18400,11/2006,2014,No
1000,1786,Mastercard,Debit,09/2024,YES,1,$8273,02/2002,2009,No
3789,1786,Visa,Debit,01/2022,YES,2,$16641,07/2006,2014,No
2392,1569,Visa,Credit,03/2022,YES,1,$10300,04/1993,2013,No
4109,1569,Mastercard,Debit,05/2020,NO,2,$13841,08/2002,2010,No
2458,1569,Mastercard,Debit,07/2024,YES,2,$2054,04/2004,2015,No
5098,1569,Visa,Credit,09/2022,YES,2,$5100,10/2007,2011,No
3519,899,Mastercard,Debit,02/2016,NO,1,$22172,06/2011,2016,No
2429,1595,Mastercard,Debit,08/2023,YES,1,$17749,04/2002,2011,No
2472,1595,Visa,Credit,09/2021,YES,1,$12700,04/2004,2011,No
1447,446,Discover,Credit,02/2020,YES,2,$11100,02/2020,2020,No
3581,53,Mastercard,Debit,07/2024,NO,2,$16923,06/2014,2014,No
3267,53,Amex,Credit,04/2020,YES,1,$14800,06/2004,2010,No
4620,53,Visa,Debit (Prepaid),09/2009,YES,1,$49,09/2006,2011,No
1410,1136,Amex,Credit,07/2020,YES,1,$19000,02/2020,2020,No
1614,1136,Mastercard,Debit,04/2022,YES,2,$22067,02/2020,2020,No
1885,1136,Visa,Credit,01/2023,YES,2,$11500,02/2020,2020,No
1159,551,Visa,Debit,03/2012,YES,2,$19017,02/2008,2012,No
4637,551,Mastercard,Debit,08/2023,YES,2,$13863,09/2007,2014,No
3341,551,Discover,Credit,06/2008,YES,2,$400,06/2007,2010,No
2795,1491,Visa,Credit,03/2006,YES,2,$5100,05/1997,2010,No
5410,1491,Mastercard,Debit,02/2024,YES,1,$17620,11/2004,2011,No
5732,1491,Mastercard,Debit,12/2018,YES,2,$23572,11/2017,2017,No
3019,1491,Visa,Debit,05/2023,YES,2,$20773,05/2009,2011,No
1249,330,Visa,Debit,10/2012,YES,2,$25124,02/2010,2010,No
2402,392,Mastercard,Debit,08/2023,YES,1,$19465,04/1998,2012,No
4380,392,Visa,Credit,12/2021,YES,1,$14100,08/2011,2013,No
3307,392,Visa,Debit (Prepaid),08/2022,YES,2,$32,06/2005,2012,No
5153,1144,Mastercard,Debit,09/2024,YES,2,$16109,10/2009,2009,No
4172,1144,Discover,Credit,01/2010,YES,1,$8100,08/2006,2008,No
4141,1144,Visa,Debit,04/2024,YES,2,$16454,08/2004,2010,No
2223,1144,Mastercard,Credit,04/2024,YES,2,$7300,03/2009,2010,No
2459,1163,Mastercard,Debit (Prepaid),04/2020,NO,2,$46,04/2004,2010,No
2275,1163,Mastercard,Credit,07/2022,YES,2,$22200,03/2011,2011,No
4236,1163,Amex,Credit,06/2024,YES,1,$26900,08/2008,2009,No
5227,230,Amex,Credit,08/2023,YES,2,$8700,10/2011,2013,No
5788,230,Amex,Credit,10/2022,YES,2,$4000,12/2003,2006,No
5893,230,Mastercard,Credit,02/2020,YES,1,$7200,12/2007,2012,No
5033,230,Visa,Debit,09/2022,NO,2,$14362,10/2005,2006,No
1301,1066,Mastercard,Debit,08/2023,YES,2,$20060,02/2012,2012,No
1126,1066,Visa,Debit,11/2022,YES,2,$17309,02/2007,2010,No
2460,460,Mastercard,Debit,09/2022,YES,1,$38354,04/2004,2010,No
3805,460,Mastercard,Debit,09/2023,YES,2,$49107,07/2007,2011,No
5470,460,Visa,Debit,10/2020,YES,1,$8468,11/2006,2010,No
4534,460,Mastercard,Debit,02/2024,YES,1,$28877,09/2003,2017,No
5252,1661,Visa,Debit,02/2020,YES,1,$33713,10/2011,2011,No
5983,1661,Visa,Credit,09/2020,YES,1,$25600,12/2009,2009,No
5993,1926,Discover,Credit,07/2020,YES,1,$9100,12/2010,2013,No
1160,1926,Visa,Debit,09/2023,NO,2,$793,02/2008,2008,No
5439,1926,Visa,Credit,02/2022,YES,2,$4200,11/2005,2011,No
2417,27,Mastercard,Credit,06/2023,YES,2,$9900,04/2001,2007,No
5383,27,Visa,Debit,05/2022,YES,1,$15082,11/2002,2006,No
2631,27,Discover,Credit,11/2023,YES,1,$13100,04/2010,2013,No
5025,27,Mastercard,Debit,02/2022,YES,2,$1385,10/2005,2012,No
1051,27,Mastercard,Debit,06/2022,YES,2,$26506,02/2005,2008,No
3055,27,Mastercard,Debit,12/2014,NO,1,$10488,05/2010,2010,No
578,27,Mastercard,Credit,03/2022,YES,2,$7000,01/2020,2020,No
4035,27,Mastercard,Debit (Prepaid),07/2024,YES,1,$61,07/2015,2015,No
4131,365,Mastercard,Debit,05/2021,YES,2,$8923,08/2004,2014,No
3191,50,Mastercard,Debit,07/2020,YES,2,$29474,05/2017,2017,No
5194,50,Mastercard,Debit,02/2017,YES,2,$25612,10/2010,2010,No
247,50,Visa,Credit,06/2023,YES,2,$12700,01/2010,2010,No
5471,50,Visa,Debit,02/2021,NO,2,$9781,11/2006,2014,No
1886,653,Visa,Credit,06/2021,YES,2,$12900,02/2020,2020,No
836,743,Visa,Debit,10/2022,YES,1,$20582,01/2020,2020,No
1026,743,Visa,Debit,11/2023,YES,1,$9998,02/2003,2010,No
1270,743,Mastercard,Debit,01/2022,YES,1,$11664,02/2011,2011,No
837,999,Visa,Debit,12/2024,YES,2,$27813,01/2020,2020,No
579,999,Mastercard,Credit,02/2020,YES,2,$11700,01/2020,2020,No
580,999,Mastercard,Debit,01/2020,YES,1,$19286,01/2020,2020,No
581,999,Mastercard,Debit,12/2023,YES,1,$22868,01/2020,2020,No
5396,940,Visa,Credit,04/2018,YES,1,$15400,11/2003,2009,No
273,940,Mastercard,Debit,09/2024,YES,2,$26534,01/2011,2011,No
3726,940,Amex,Credit,02/2011,YES,2,$11100,07/2005,2012,No
5117,940,Mastercard,Debit,04/2020,YES,3,$7446,10/2008,2015,No
2047,940,Mastercard,Debit,01/2020,NO,2,$12607,03/2003,2015,No
2224,940,Mastercard,Debit,03/2024,YES,2,$1053,03/2009,2011,No
3986,534,Visa,Debit,04/2021,YES,1,$24424,07/2011,2011,No
3645,534,Visa,Debit,08/2022,YES,2,$22330,06/2019,2019,No
336,534,Visa,Debit,04/2024,YES,2,$32659,01/2014,2014,No
1615,1460,Mastercard,Debit,01/2021,YES,1,$8822,02/2020,2020,No
1887,1460,Visa,Debit,03/2020,YES,1,$3549,02/2020,2020,No
4068,59,Mastercard,Debit,12/2018,YES,1,$14939,07/2018,2018,No
1391,59,Mastercard,Debit (Prepaid),07/2021,YES,2,$56,02/2019,2019,No
1001,59,Mastercard,Credit,06/2021,YES,2,$8800,02/2002,2013,No
3658,59,Visa,Credit,08/2020,YES,1,$9300,07/2000,2008,No
5195,59,Mastercard,Credit,09/2021,YES,1,$6800,10/2010,2010,No
2087,59,Mastercard,Debit,03/2020,YES,2,$12210,03/2005,2009,No
1145,59,Mastercard,Debit,08/2020,YES,2,$6397,02/2008,2015,No
5084,1908,Mastercard,Debit (Prepaid),03/2024,YES,1,$92,10/2007,2007,No
2737,1908,Visa,Debit,04/2016,YES,1,$23053,04/2014,2014,No
5945,1908,Visa,Credit,11/2024,YES,1,$14900,12/2008,2011,No
2461,1908,Mastercard,Debit,12/2021,YES,2,$27046,04/2004,2015,No
4032,1908,Amex,Credit,02/2024,NO,1,$2900,07/2015,2015,No
582,1436,Mastercard,Debit,12/2022,YES,1,$10427,01/2020,2020,No
1616,1436,Mastercard,Debit,02/2020,YES,1,$8163,02/2020,2020,No
1888,1436,Visa,Debit,10/2021,YES,2,$26599,02/2020,2020,No
1617,1436,Mastercard,Credit,08/2024,YES,2,$3600,02/2020,2020,No
583,1230,Mastercard,Debit (Prepaid),07/2021,YES,2,$68,01/2020,2020,No
1618,324,Mastercard,Debit,02/2020,YES,1,$37661,02/2020,2020,No
1889,324,Visa,Credit,08/2024,YES,1,$21400,02/2020,2020,No
1619,324,Mastercard,Debit,01/2022,YES,2,$31271,02/2020,2020,No
5007,992,Mastercard,Credit,03/2011,YES,1,$20800,10/2004,2007,No
4511,992,Mastercard,Credit,10/2020,YES,2,$9000,09/2001,2010,No
4928,992,Mastercard,Credit,03/2024,NO,1,$13100,10/1996,2012,No
3108,992,Visa,Debit,12/2023,NO,2,$23636,05/2011,2013,No
3647,198,Amex,Credit,08/2022,YES,1,$8200,07/1998,2013,No
305,198,Visa,Credit,03/2023,YES,1,$6900,01/2012,2012,No
3177,198,Mastercard,Debit,11/2022,YES,2,$13689,05/2016,2016,No
584,1017,Mastercard,Debit,02/2020,YES,2,$5836,01/2020,2020,No
4638,1813,Mastercard,Credit,11/2024,NO,1,$12300,09/2007,2008,No
5196,1813,Mastercard,Credit,12/2011,YES,1,$7900,10/2010,2010,No
4591,1813,Visa,Credit,03/2021,YES,1,$13500,09/2005,2013,No
101,1813,Mastercard,Debit (Prepaid),04/2024,YES,1,$41,01/2006,2010,No
838,1989,Visa,Credit,10/2022,YES,1,$16400,01/2020,2020,No
2984,1989,Visa,Debit,03/2023,YES,2,$16293,05/2008,2009,No
4036,1989,Mastercard,Credit,08/2024,YES,2,$14300,07/2015,2015,No
3800,1989,Amex,Credit,03/2024,YES,1,$21200,07/2007,2011,No
3128,1148,Visa,Debit,01/2021,YES,1,$11068,05/2012,2012,No
585,1148,Mastercard,Debit,10/2021,NO,1,$14835,01/2020,2020,No
5804,1148,Amex,Credit,03/2022,NO,2,$9300,12/2004,2014,No
1286,1148,Visa,Credit,12/2020,YES,1,$9400,02/2011,2011,No
4132,872,Mastercard,Debit,02/2022,YES,1,$12566,08/2004,2015,No
3131,872,Discover,Credit,10/2020,YES,2,$4100,05/2013,2013,No
5609,872,Mastercard,Credit,06/2018,YES,2,$7400,11/2010,2012,No
5064,872,Visa,Credit,12/2021,YES,2,$4200,10/2006,2011,No
5933,458,Mastercard,Debit,10/2022,YES,1,$14388,12/2008,2015,No
4177,458,Mastercard,Debit (Prepaid),12/2020,YES,1,$63,08/2006,2014,No
2484,920,Mastercard,Credit,01/2020,YES,2,$8100,04/2005,2008,No
3113,920,Amex,Credit,06/2024,YES,2,$10000,05/2012,2012,No
2758,1598,Discover,Credit,11/2024,YES,2,$8700,04/2016,2016,No
3889,1598,Mastercard,Debit,10/2023,NO,2,$11900,07/2009,2010,No
4776,1598,Mastercard,Credit,10/2023,YES,1,$5700,09/2010,2015,No
1348,1598,Visa,Credit,06/2022,YES,2,$3400,02/2014,2014,No
4657,1598,Discover,Credit,05/2023,YES,2,$5300,09/2008,2011,No
4933,1876,Mastercard,Debit,04/2023,YES,1,$16082,10/1998,2010,No
3315,1876,Mastercard,Debit,12/2020,YES,1,$21552,06/2006,2006,No
5708,1876,Mastercard,Debit,08/2022,YES,1,$29037,11/2015,2015,No
2881,1876,Mastercard,Debit,12/2006,YES,2,$19107,05/2005,2005,No
5051,1876,Mastercard,Debit,03/2012,YES,2,$26562,10/2006,2008,No
4503,1876,Discover,Credit,06/2020,YES,1,$9800,09/2000,2011,No
839,412,Visa,Credit,05/2023,YES,2,$13000,01/2020,2020,No
586,412,Mastercard,Debit,02/2020,YES,2,$14733,01/2020,2020,No
1620,412,Mastercard,Debit,02/2020,YES,2,$7476,02/2020,2020,No
587,412,Mastercard,Debit (Prepaid),02/2024,YES,2,$60,01/2020,2020,No
2088,190,Mastercard,Debit,06/2019,YES,2,$29471,03/2005,2011,No
2496,190,Visa,Credit,10/2014,YES,1,$17700,04/2005,2010,No
3851,190,Mastercard,Debit,04/2023,YES,2,$11969,07/2008,2008,No
3363,190,Visa,Debit,04/2022,YES,2,$7946,06/2007,2014,No
4621,190,Visa,Debit (Prepaid),06/2011,YES,1,$41,09/2006,2017,No
4989,163,Mastercard,Debit,09/2023,YES,1,$12873,10/2003,2008,No
2462,163,Mastercard,Debit,09/2023,YES,1,$17629,04/2004,2012,No
588,567,Mastercard,Debit,12/2024,YES,1,$6497,01/2020,2020,No
589,567,Mastercard,Debit (Prepaid),07/2021,YES,1,$67,01/2020,2020,No
5309,567,Visa,Credit,06/2021,YES,1,$3300,10/2015,2015,No
2513,503,Visa,Debit (Prepaid),01/2022,YES,2,$85,04/2006,2010,No
1088,503,Mastercard,Debit (Prepaid),06/2020,NO,1,$39,02/2006,2006,No
5290,469,Mastercard,Debit,08/2023,YES,1,$26162,10/2014,2014,No
2686,469,Visa,Credit,12/2024,YES,1,$13700,04/2011,2014,No
2619,469,Visa,Debit,01/2022,YES,2,$31504,04/2009,2014,No
4178,469,Mastercard,Debit,04/2009,YES,2,$9010,08/2006,2007,No
3164,1851,Mastercard,Debit,07/2024,YES,1,$64059,05/2015,2015,No
5026,1851,Mastercard,Debit (Prepaid),03/2021,YES,2,$62,10/2005,2008,No
5528,1851,Mastercard,Debit,09/2018,NO,2,$29601,11/2008,2011,No
3890,1851,Mastercard,Credit,11/2012,YES,1,$21800,07/2009,2014,No
6003,1851,Mastercard,Debit,05/2022,YES,2,$49790,12/2010,2010,No
4061,1523,Visa,Debit,01/2020,YES,1,$13438,07/2017,2017,No
2262,1523,Visa,Credit,09/2024,YES,1,$9600,03/2010,2011,No
5509,1523,Visa,Credit,07/2021,YES,1,$6300,11/2007,2007,No
4521,1523,Mastercard,Debit,04/2023,YES,1,$12348,09/2002,2008,No
590,35,Mastercard,Debit,07/2020,YES,1,$9632,01/2020,2020,No
1621,35,Mastercard,Debit,08/2024,YES,2,$9490,02/2020,2020,No
591,35,Mastercard,Debit,01/2024,NO,2,$32399,01/2020,2020,No
2590,317,Visa,Debit,11/2015,NO,2,$12810,04/2008,2008,No
4578,317,Mastercard,Credit,09/2012,YES,2,$9300,09/2005,2014,No
5411,317,Mastercard,Debit,10/2017,YES,2,$7564,11/2004,2016,No
4459,1195,Visa,Debit,11/2021,YES,1,$22765,08/2016,2016,No
3309,1195,Discover,Credit,10/2021,YES,1,$11300,06/2006,2012,No
131,1195,Mastercard,Debit,10/2022,YES,1,$10369,01/2007,2011,No
26,1195,Mastercard,Credit,10/2020,YES,2,$10200,01/2002,2011,No
3020,1195,Visa,Credit,06/2024,YES,2,$12100,05/2009,2019,No
3219,1195,Visa,Debit,03/2020,YES,2,$15409,06/2000,2017,No
1195,1238,Visa,Credit,07/2024,YES,2,$22500,02/2009,2012,No
592,1238,Mastercard,Credit,01/2020,NO,3,$6700,01/2020,2020,No
4301,432,Visa,Debit,03/2022,YES,2,$842,08/2009,2009,No
3005,432,Mastercard,Debit,08/2009,YES,2,$10049,05/2009,2009,No
2645,432,Mastercard,Debit,06/2018,YES,2,$11625,04/2010,2012,No
2646,432,Mastercard,Credit,11/2021,YES,2,$5800,04/2010,2011,No
1146,432,Mastercard,Debit,02/2020,NO,3,$17515,02/2008,2010,No
1890,1082,Visa,Debit,07/2024,YES,2,$1696,02/2020,2020,No
5187,1082,Discover,Credit,10/2010,YES,2,$11400,10/2010,2011,No
3308,1082,Visa,Credit,07/2020,YES,2,$10600,06/2005,2017,No
3925,120,Discover,Credit,12/2010,NO,1,$21500,07/2010,2010,No
5813,120,Mastercard,Debit,10/2021,YES,2,$32784,12/2004,2008,No
3806,120,Mastercard,Debit,04/2022,YES,2,$13510,07/2007,2016,No
3558,120,Visa,Credit,08/2012,YES,1,$14000,06/2012,2012,No
5610,1289,Mastercard,Debit (Prepaid),04/2018,NO,3,$38,11/2010,2013,No
1891,1502,Visa,Debit,09/2020,NO,1,$28471,02/2020,2020,No
593,1502,Mastercard,Debit,12/2023,YES,2,$33833,01/2020,2020,No
3655,1497,Visa,Debit,04/2020,NO,2,$14751,07/1999,2012,No
3999,1047,Mastercard,Debit,04/2024,YES,1,$27268,07/2012,2012,No
1411,1047,Amex,Credit,02/2020,YES,1,$16400,02/2020,2020,No
4639,0,Mastercard,Credit,12/2019,YES,1,$17600,09/2007,2014,No
1271,0,Mastercard,Debit,04/2021,YES,2,$31490,02/2011,2011,No
1622,0,Mastercard,Debit,06/2021,YES,2,$31008,02/2020,2020,No
1623,0,Mastercard,Debit,04/2020,YES,2,$25558,02/2020,2020,No
1112,351,Mastercard,Debit (Prepaid),11/2023,YES,2,$54,02/2007,2010,No
1043,351,Visa,Credit,03/2024,YES,1,$7200,02/2004,2015,No
2664,351,Visa,Debit,01/2022,YES,2,$5080,04/2010,2010,No
431,351,Discover,Credit,01/2020,YES,1,$2700,01/2020,2020,No
4512,351,Mastercard,Debit,04/2021,YES,2,$9278,09/2001,2011,No
2244,351,Discover,Credit,03/2022,YES,1,$6000,03/2010,2016,No
299,1797,Mastercard,Debit,03/2022,YES,1,$27243,01/2012,2012,No
1127,1797,Visa,Debit,02/2017,YES,2,$23237,02/2007,2009,No
5660,1797,Visa,Debit,10/2022,YES,2,$16008,11/2011,2011,No
300,1797,Mastercard,Debit,02/2022,YES,1,$16279,01/2012,2012,No
4853,1797,Mastercard,Debit,11/2014,NO,1,$16003,09/2013,2013,No
4206,1386,Mastercard,Debit,02/2021,YES,2,$5488,08/2007,2014,No
1892,1122,Visa,Debit,02/2020,YES,1,$45222,02/2020,2020,No
321,1122,Visa,Debit,01/2021,YES,1,$32071,01/2013,2013,No
1893,255,Visa,Debit,08/2020,YES,2,$16783,02/2020,2020,No
1894,765,Visa,Debit,10/2023,YES,2,$13524,02/2020,2020,No
1895,765,Visa,Credit,04/2021,YES,2,$15000,02/2020,2020,No
5008,703,Mastercard,Debit,06/2005,YES,1,$20062,10/2004,2010,No
161,703,Mastercard,Credit,02/2021,YES,2,$8100,01/2008,2009,No
4640,703,Mastercard,Debit,09/2021,NO,2,$4335,09/2007,2007,No
4777,703,Mastercard,Credit,04/2024,YES,2,$2000,09/2010,2010,No
4302,1919,Visa,Debit,03/2022,YES,1,$25445,08/2009,2009,No
1215,1919,Mastercard,Credit,07/2024,YES,1,$17400,02/2010,2010,No
5430,1919,Mastercard,Debit,11/2019,YES,2,$34684,11/2005,2008,No
5709,1919,Mastercard,Debit,03/2022,YES,2,$28125,11/2015,2015,No
1624,1919,Mastercard,Debit,08/2020,YES,2,$49705,02/2020,2020,No
3908,791,Visa,Debit,09/2014,NO,2,$31424,07/2009,2010,No
2295,791,Amex,Credit,03/2023,YES,2,$7900,03/2012,2012,No
1089,791,Mastercard,Debit,06/2006,YES,1,$19097,02/2006,2011,No
5228,791,Amex,Credit,09/2021,YES,1,$10100,10/2011,2015,No
2306,199,Visa,Debit,12/2023,YES,1,$32423,03/2012,2012,No
5661,199,Visa,Credit,07/2015,YES,1,$16900,11/2011,2011,No
1031,199,Mastercard,Debit,06/2021,YES,1,$17686,02/2004,2007,No
4229,282,Visa,Credit,01/2020,NO,1,$8100,08/2007,2009,No
3290,282,Mastercard,Debit,03/2020,NO,1,$10059,06/2005,2014,No
4822,282,Visa,Debit,02/2022,NO,1,$4302,09/2011,2015,No
1287,282,Visa,Credit,11/2020,YES,1,$7300,02/2011,2011,No
5154,908,Mastercard,Debit,01/2024,YES,1,$13123,10/2009,2014,No
3252,908,Mastercard,Debit,01/2023,YES,1,$3630,06/2003,2009,No
4230,908,Visa,Debit,09/2022,YES,1,$20173,08/2007,2012,No
3462,880,Amex,Credit,09/2013,YES,1,$9500,06/2010,2014,No
1625,880,Mastercard,Debit,05/2021,YES,2,$10141,02/2020,2020,No
3533,770,Visa,Credit,04/2013,YES,1,$16800,06/2011,2011,No
5745,770,Visa,Credit,11/2020,NO,1,$15900,11/2019,2019,No
5725,770,Mastercard,Debit,11/2018,YES,1,$24080,11/2016,2016,No
5510,770,Visa,Credit,12/2023,YES,1,$20400,11/2007,2007,No
2534,1169,Mastercard,Credit,04/2009,YES,1,$22000,04/2007,2013,No
5763,1169,Visa,Credit,09/2020,YES,2,$28300,12/1999,2008,No
4778,1169,Mastercard,Debit,01/2021,YES,1,$27761,09/2010,2010,No
2485,1169,Mastercard,Credit,03/2023,YES,1,$21200,04/2005,2012,No
5174,1169,Visa,Debit,03/2024,YES,1,$20560,10/2009,2009,No
3389,1169,Mastercard,Debit,01/2013,YES,2,$3095,06/2008,2012,No
4179,1169,Mastercard,Debit,06/2021,YES,2,$43879,08/2006,2015,No
594,522,Mastercard,Debit,09/2022,YES,2,$21359,01/2020,2020,No
1626,522,Mastercard,Credit,10/2024,YES,1,$10200,02/2020,2020,No
4399,1736,Visa,Debit,08/2022,YES,2,$16332,08/2012,2012,No
2647,1736,Mastercard,Credit,12/2022,YES,1,$9100,04/2010,2019,No
2687,1736,Visa,Debit,03/2024,YES,1,$2289,04/2011,2011,No
113,1736,Visa,Debit,06/2021,YES,1,$23631,01/2006,2014,No
3133,506,Mastercard,Debit,06/2024,YES,1,$17995,05/2013,2013,No
4513,506,Mastercard,Credit,01/2024,YES,1,$14900,09/2001,2008,No
1032,506,Mastercard,Debit,02/2023,YES,2,$26830,02/2004,2004,No
2060,506,Mastercard,Debit,03/2023,YES,1,$202,03/2004,2013,No
2486,506,Mastercard,Debit,04/2023,NO,2,$11460,04/2005,2012,No
1627,131,Mastercard,Debit,02/2020,YES,1,$11934,02/2020,2020,No
595,131,Mastercard,Debit,01/2020,YES,1,$12427,01/2020,2020,No
596,131,Mastercard,Debit,02/2020,YES,1,$24432,01/2020,2020,No
1896,76,Visa,Debit,08/2024,YES,2,$6513,02/2020,2020,No
840,76,Visa,Credit,06/2021,YES,2,$1500,01/2020,2020,No
4292,249,Mastercard,Credit,12/2024,YES,2,$1500,08/2009,2009,No
3909,249,Visa,Credit,10/2009,YES,2,$8300,07/2009,2011,No
132,249,Mastercard,Credit,07/2024,YES,2,$9300,01/2007,2010,No
1897,249,Visa,Debit (Prepaid),02/2020,YES,2,$87,02/2020,2020,No
5239,249,Mastercard,Debit,10/2012,YES,1,$14104,10/2011,2011,No
3520,249,Mastercard,Debit,05/2022,YES,2,$14725,06/2011,2011,No
5134,249,Visa,Debit,03/2020,YES,2,$12016,10/2008,2011,No
4252,1279,Mastercard,Debit,08/2022,YES,2,$22567,08/2008,2009,No
5472,1279,Visa,Debit,03/2022,YES,2,$26743,11/2006,2013,No
3220,1279,Visa,Debit,02/2021,YES,1,$16722,06/2000,2005,No
4188,1279,Visa,Debit,09/2023,YES,2,$9521,08/2006,2007,No
4428,1652,Mastercard,Debit,12/2021,YES,1,$14253,08/2014,2014,No
597,1652,Mastercard,Debit (Prepaid),12/2024,YES,1,$78,01/2020,2020,No
313,1652,Mastercard,Debit,10/2024,YES,1,$26678,01/2013,2013,No
2688,1652,Visa,Debit,05/2023,YES,2,$15652,04/2011,2011,No
4658,739,Discover,Credit,07/2009,YES,2,$6900,09/2008,2011,No
1177,1475,Mastercard,Debit,05/2024,YES,1,$13378,02/2009,2009,No
4496,1475,Visa,Debit,10/2020,YES,2,$15516,09/1998,2014,No
3746,1475,Visa,Debit,05/2024,YES,2,$9956,07/2005,2010,No
5155,1475,Mastercard,Debit,08/2020,YES,1,$3614,10/2009,2009,No
5631,1475,Visa,Debit,02/2020,YES,2,$5992,11/2010,2011,No
1628,1251,Mastercard,Debit,11/2023,YES,2,$31219,02/2020,2020,No
4069,1251,Mastercard,Debit,11/2021,YES,1,$20619,07/2018,2018,No
5156,1251,Mastercard,Debit (Prepaid),04/2019,YES,1,$74,10/2009,2009,No
1898,1119,Visa,Debit,06/2022,YES,1,$22768,02/2020,2020,No
1899,1119,Visa,Credit,01/2021,NO,1,$3000,02/2020,2020,No
598,1119,Mastercard,Credit,01/2020,YES,2,$11500,01/2020,2020,No
1629,1119,Mastercard,Debit,01/2024,YES,2,$7458,02/2020,2020,No
3109,592,Visa,Debit,04/2023,YES,1,$15504,05/2011,2012,No
4133,592,Mastercard,Credit,02/2020,YES,1,$5600,08/2004,2019,No
2022,592,Mastercard,Debit,04/2024,YES,2,$3117,03/2001,2006,No
3659,592,Visa,Debit,03/2022,YES,1,$14007,07/2000,2015,No
5946,592,Visa,Debit,04/2021,YES,2,$13390,12/2008,2010,No
3332,692,Visa,Debit,10/2021,YES,2,$35649,06/2006,2011,No
2073,692,Visa,Debit,10/2012,YES,2,$18979,03/2004,2008,No
5860,692,Mastercard,Credit,02/2023,NO,2,$10000,12/2006,2012,No
4303,692,Visa,Debit (Prepaid),08/2018,YES,2,$63,08/2009,2014,No
4253,1065,Mastercard,Debit,01/2021,YES,2,$24878,08/2008,2011,No
2630,1065,Amex,Credit,05/2023,YES,2,$23900,04/2010,2012,No
4160,1065,Mastercard,Debit,02/2022,YES,2,$9213,08/2005,2009,No
4381,1764,Visa,Debit,07/2024,YES,2,$23538,08/2011,2011,No
4900,1764,Visa,Debit,09/2017,YES,2,$15658,09/2016,2016,No
2118,1764,Mastercard,Credit,05/2021,YES,1,$8900,03/2006,2011,No
599,1830,Mastercard,Debit (Prepaid),02/2020,YES,1,$58,01/2020,2020,No
1272,1830,Mastercard,Debit,04/2022,YES,1,$12782,02/2011,2011,No
5217,1830,Visa,Debit,03/2016,YES,1,$17297,10/2010,2010,No
4083,1830,Mastercard,Credit,10/2024,YES,1,$10600,08/1994,2011,No
1052,157,Mastercard,Debit,11/2020,YES,1,$10644,02/2005,2011,No
4867,157,Visa,Debit,01/2015,YES,1,$13438,09/2013,2013,No
969,157,Mastercard,Debit,05/2023,YES,1,$14269,02/1999,2011,No
1250,676,Visa,Credit,06/2023,YES,2,$9300,02/2010,2010,No
3910,676,Visa,Debit,12/2017,YES,2,$34175,07/2009,2011,No
5871,1481,Visa,Debit,08/2024,YES,2,$367,12/2006,2010,No
4720,1481,Mastercard,Debit,06/2022,YES,2,$441,09/2009,2014,No
3056,1902,Mastercard,Debit,06/2021,YES,2,$11087,05/2010,2011,No
4286,1902,Amex,Credit,09/2020,YES,2,$12200,08/2009,2011,No
227,123,Mastercard,Debit,11/2020,YES,2,$12102,01/2010,2010,No
197,123,Mastercard,Debit,06/2020,YES,1,$24068,01/2009,2009,No
3192,123,Mastercard,Debit,10/2024,YES,2,$15305,05/2017,2017,No
1196,1995,Visa,Debit,10/2024,YES,2,$11268,02/2009,2013,No
4180,1995,Mastercard,Debit,01/2020,YES,2,$5997,08/2006,2012,No
2439,1995,Amex,Credit,07/2021,YES,2,$4000,04/2003,2011,No
190,1995,Amex,Credit,08/2023,NO,2,$9700,01/2009,2009,No
4916,1688,Mastercard,Debit,02/2024,YES,2,$21502,09/2018,2018,No
2119,1895,Mastercard,Debit,01/2022,YES,2,$2042,03/2006,2013,No
1090,1895,Mastercard,Debit,09/2023,YES,1,$13922,02/2006,2012,No
5047,1891,Discover,Credit,03/2023,YES,2,$13100,10/2006,2006,No
1161,1891,Visa,Debit,11/2016,YES,2,$15227,02/2008,2015,No
1251,1891,Visa,Credit,01/2023,YES,2,$3300,02/2010,2010,No
5440,1891,Visa,Debit,10/2021,YES,1,$19829,11/2005,2010,No
600,453,Mastercard,Debit,01/2020,NO,1,$23996,01/2020,2020,No
4552,341,Mastercard,Debit (Prepaid),11/2024,YES,1,$55,09/2004,2010,No
1900,341,Visa,Debit,08/2020,YES,1,$37941,02/2020,2020,No
5417,341,Visa,Credit,06/2008,YES,1,$37600,11/2004,2006,No
45,1571,Visa,Debit,04/2023,YES,2,$33390,01/2003,2007,No
4392,1571,Mastercard,Debit,12/2021,YES,2,$22532,08/2012,2012,No
6109,1571,Mastercard,Debit,04/2024,YES,2,$16325,12/2015,2015,No
2487,1571,Mastercard,Debit,06/2023,YES,1,$17885,04/2005,2010,No
5397,1571,Visa,Debit,12/2023,YES,1,$24827,11/2003,2008,No
3165,1571,Mastercard,Debit,10/2015,YES,1,$30704,05/2015,2015,No
3499,1615,Visa,Debit,02/2020,YES,2,$13637,06/2010,2012,No
5157,1615,Mastercard,Debit,05/2024,YES,1,$2504,10/2009,2016,No
5473,1615,Visa,Debit,03/2023,YES,1,$15535,11/2006,2015,No
4254,1615,Mastercard,Debit,09/2022,YES,1,$14898,08/2008,2008,No
1147,1615,Mastercard,Debit,07/2023,YES,2,$9696,02/2008,2014,No
4738,1615,Visa,Debit,05/2023,YES,1,$22310,09/2009,2011,No
841,1647,Visa,Debit (Prepaid),01/2020,NO,1,$76,01/2020,2020,No
402,1647,Amex,Credit,03/2024,YES,2,$8000,01/2020,2020,No
1630,1647,Mastercard,Credit,11/2024,YES,2,$9200,02/2020,2020,No
1631,1647,Mastercard,Debit,06/2020,YES,1,$21244,02/2020,2020,No
1901,1647,Visa,Debit,06/2022,NO,2,$20751,02/2020,2020,No
2061,680,Mastercard,Debit,03/2019,YES,2,$16347,03/2004,2010,No
3951,52,Visa,Debit,10/2023,YES,1,$23404,07/2010,2012,No
4976,52,Visa,Debit,04/2022,YES,2,$20930,10/2002,2008,No
2322,52,Visa,Debit,08/2013,YES,2,$23014,03/2013,2013,No
842,1387,Visa,Credit,12/2022,YES,2,$9500,01/2020,2020,No
962,1034,Mastercard,Debit,06/2020,YES,1,$2778,02/1998,2005,No
2741,1034,Amex,Credit,02/2020,YES,2,$11800,04/2015,2015,No
2853,1034,Discover,Credit,10/2020,YES,1,$11500,05/2004,2007,No
1137,1034,Discover,Credit,02/2009,YES,2,$13000,02/2008,2009,No
2765,1034,Visa,Debit,12/2024,YES,1,$21102,04/2016,2016,No
4622,1034,Visa,Debit (Prepaid),03/2021,YES,1,$60,09/2006,2009,No
179,677,Visa,Credit,06/2020,YES,2,$23100,01/2008,2010,No
4449,677,Mastercard,Debit,03/2021,YES,1,$34826,08/2015,2015,No
5317,677,Visa,Debit,12/2023,NO,1,$25429,10/2016,2016,No
989,440,Mastercard,Debit,12/2022,YES,1,$79717,02/2001,2013,No
3274,440,Mastercard,Debit,04/2023,YES,2,$5307,06/2004,2010,No
3736,440,Mastercard,Debit,04/2019,YES,2,$47131,07/2005,2008,No
71,440,Mastercard,Debit,10/2021,YES,2,$36724,01/2005,2010,No
1216,440,Mastercard,Debit,10/2024,YES,1,$6875,02/2010,2012,No
5671,338,Mastercard,Debit,04/2024,YES,1,$17229,11/2012,2012,No
1356,338,Mastercard,Debit,05/2022,YES,1,$31747,02/2015,2015,No
1317,338,Mastercard,Debit,01/2023,YES,2,$50127,02/2013,2013,No
1205,1120,Discover,Credit,10/2022,YES,2,$21400,02/2010,2010,No
4641,1127,Mastercard,Debit,01/2022,YES,2,$24614,09/2007,2012,No
4605,1127,Mastercard,Debit,12/2023,YES,2,$2809,09/2006,2011,No
3694,1127,Mastercard,Debit,03/2007,NO,2,$15076,07/2003,2015,No
3869,1127,Visa,Debit,09/2020,YES,1,$27646,07/2008,2009,No
360,1662,Mastercard,Debit,01/2021,YES,1,$20447,01/2017,2017,No
2675,1662,Mastercard,Debit,10/2021,YES,1,$29948,04/2011,2011,No
4541,1662,Visa,Debit,09/2020,YES,2,$28021,09/2003,2011,No
6087,1662,Mastercard,Debit (Prepaid),12/2013,NO,1,$58,12/2013,2013,No
601,1462,Mastercard,Debit (Prepaid),08/2020,YES,2,$44,01/2020,2020,No
1632,1848,Mastercard,Debit,02/2022,YES,2,$19880,02/2020,2020,No
602,1848,Mastercard,Credit,04/2021,YES,1,$12700,01/2020,2020,No
1308,1444,Visa,Debit,03/2024,YES,1,$42670,02/2012,2012,No
603,1444,Mastercard,Debit,02/2020,NO,1,$21611,01/2020,2020,No
3631,1444,Mastercard,Debit,07/2021,YES,2,$50521,06/2018,2018,No
2648,1444,Mastercard,Debit,03/2024,YES,2,$27982,04/2010,2010,No
5965,1444,Mastercard,Debit,10/2023,YES,1,$22886,12/2009,2009,No
2882,1444,Mastercard,Debit,11/2020,YES,2,$32049,05/2005,2005,No
5118,1444,Mastercard,Debit,06/2023,NO,1,$45141,10/2008,2010,No
5009,45,Mastercard,Debit (Prepaid),11/2023,YES,1,$44,10/2004,2014,No
2822,1102,Amex,Credit,07/2023,YES,1,$26900,05/2002,2019,No
5651,1102,Mastercard,Debit,06/2023,YES,2,$5414,11/2011,2012,No
5010,1102,Mastercard,Debit,07/2018,YES,2,$17846,10/2004,2011,No
3952,1102,Visa,Debit (Prepaid),11/2022,YES,2,$51,07/2010,2014,No
979,1102,Mastercard,Debit,01/2019,YES,2,$39080,02/2000,2017,No
3390,1636,Mastercard,Credit,05/2024,YES,1,$5600,06/2008,2011,No
2930,1636,Mastercard,Debit,02/2020,YES,2,$7090,05/2007,2017,No
3992,1636,Amex,Credit,04/2023,YES,1,$4600,07/2012,2012,No
3338,1636,Amex,Credit,04/2020,YES,1,$6900,06/2007,2008,No
2018,502,Discover,Credit,03/2020,YES,2,$7900,03/2001,2004,No
3521,502,Mastercard,Debit,07/2023,NO,1,$415,06/2011,2013,No
1412,1630,Amex,Credit,06/2021,YES,1,$11800,02/2020,2020,No
4479,266,Mastercard,Debit,04/2020,YES,1,$10107,08/2019,2019,No
3283,5,Visa,Debit,10/2024,NO,2,$12286,06/2004,2013,No
1178,5,Mastercard,Debit,01/2022,YES,2,$18894,02/2009,2015,No
4407,1712,Mastercard,Debit,11/2017,YES,1,$35175,08/2013,2013,No
3291,1712,Mastercard,Debit,10/2021,YES,1,$21205,06/2005,2010,No
4056,1712,Mastercard,Debit,11/2021,NO,1,$25985,07/2017,2017,No
3711,1712,Mastercard,Debit,06/2024,NO,1,$39431,07/2004,2008,No
4342,1712,Visa,Debit,03/2024,YES,2,$18288,08/2010,2012,No
143,1360,Visa,Credit,08/2020,YES,1,$9000,01/2007,2007,No
2184,1360,Mastercard,Debit,10/2021,YES,2,$12367,03/2008,2008,No
3609,1360,Mastercard,Debit,09/2021,YES,2,$19619,06/2016,2016,No
403,1013,Amex,Credit,06/2020,YES,1,$12800,01/2020,2020,No
1349,993,Visa,Credit,06/2022,YES,1,$9500,02/2014,2014,No
162,642,Mastercard,Debit,09/2024,YES,2,$3966,01/2008,2013,No
4721,642,Mastercard,Debit,11/2009,YES,2,$8812,09/2009,2009,No
2051,642,Visa,Debit,10/2022,YES,2,$13434,03/2003,2003,No
5934,642,Mastercard,Debit,11/2020,YES,1,$13104,12/2008,2017,No
2430,1871,Mastercard,Debit,09/2021,YES,1,$9454,04/2002,2007,No
5672,1871,Mastercard,Debit,01/2020,YES,1,$13764,11/2012,2012,No
4470,1871,Mastercard,Debit,05/2024,YES,1,$14639,08/2018,2018,No
4429,1871,Mastercard,Debit,08/2024,NO,2,$20277,08/2014,2014,No
1633,1871,Mastercard,Debit,02/2020,YES,1,$11166,02/2020,2020,No
5491,1721,Mastercard,Credit,06/2024,YES,2,$7200,11/2007,2010,No
3610,1721,Mastercard,Debit,11/2022,YES,1,$12389,06/2016,2016,No
84,868,Visa,Debit,02/2023,YES,2,$2121,01/2005,2009,No
5372,868,Visa,Debit,11/2024,YES,2,$13455,11/2001,2011,No
2233,868,Visa,Debit (Prepaid),08/2023,YES,2,$48,03/2009,2013,No
5565,868,Mastercard,Debit (Prepaid),02/2022,YES,2,$49,11/2009,2009,No
322,868,Visa,Credit,07/2022,YES,2,$5000,01/2013,2013,No
3292,868,Mastercard,Credit,06/2010,NO,1,$6800,06/2005,2009,No
2985,1517,Visa,Credit,06/2021,YES,2,$24900,05/2008,2013,No
72,1517,Mastercard,Debit,01/2024,YES,2,$19670,01/2005,2009,No
1634,1517,Mastercard,Debit,07/2024,YES,2,$23231,02/2020,2020,No
2131,1517,Visa,Debit (Prepaid),03/2022,YES,2,$18,03/2006,2013,No
5340,364,Mastercard,Debit,07/2021,YES,1,$13699,10/2019,2019,No
4623,364,Visa,Credit,05/2017,NO,2,$11700,09/2006,2010,No
5611,364,Mastercard,Credit,11/2010,YES,1,$1800,11/2010,2010,No
5673,364,Mastercard,Debit,10/2023,YES,1,$15612,11/2012,2012,No
4642,686,Mastercard,Debit,08/2024,YES,1,$4699,09/2007,2018,No
1635,696,Mastercard,Debit,02/2021,YES,1,$77778,02/2020,2020,No
3870,696,Visa,Debit,10/2023,NO,1,$31755,07/2008,2008,No
2695,696,Mastercard,Debit,11/2024,YES,1,$28601,04/2012,2012,No
2488,696,Mastercard,Credit,03/2010,YES,2,$25900,04/2005,2011,No
4953,696,Mastercard,Debit (Prepaid),06/2009,YES,2,$97,10/2001,2010,No
4207,696,Mastercard,Debit,05/2023,NO,2,$22553,08/2007,2010,No
5612,696,Mastercard,Debit (Prepaid),05/2022,YES,2,$65,11/2010,2015,No
39,696,Mastercard,Debit,10/2024,YES,2,$21225,01/2003,2012,No
604,962,Mastercard,Credit,12/2021,YES,2,$13300,01/2020,2020,No
1217,962,Mastercard,Debit,07/2022,YES,2,$9141,02/2010,2011,No
5966,1407,Mastercard,Debit,05/2021,YES,2,$14733,12/2009,2011,No
5384,1407,Visa,Debit,08/2023,YES,1,$15814,11/2002,2010,No
2313,1407,Mastercard,Debit,05/2021,YES,1,$20816,03/2013,2013,No
4695,1407,Visa,Credit,02/2014,YES,2,$8500,09/2008,2010,No
4471,1015,Mastercard,Debit,07/2021,YES,1,$35493,08/2018,2018,No
5271,1015,Mastercard,Debit,07/2020,YES,2,$58311,10/2013,2013,No
1636,1015,Mastercard,Credit,09/2023,YES,1,$24700,02/2020,2020,No
198,1015,Mastercard,Debit,10/2024,YES,2,$66779,01/2009,2011,No
1113,1015,Mastercard,Debit (Prepaid),02/2024,YES,1,$58,02/2007,2012,No
2211,1456,Discover,Credit,08/2023,YES,2,$7400,03/2009,2017,No
5935,1456,Mastercard,Debit,10/2020,YES,2,$11310,12/2008,2012,No
1273,1456,Mastercard,Credit,08/2019,NO,2,$7200,02/2011,2011,No
2251,1861,Mastercard,Debit,04/2022,NO,1,$28352,03/2010,2012,No
2993,1861,Amex,Credit,06/2016,YES,2,$10000,05/2009,2011,No
4898,1861,Mastercard,Debit,02/2024,YES,1,$32325,09/2016,2016,No
4025,1861,Mastercard,Debit,05/2018,YES,2,$22405,07/2014,2014,No
3374,1861,Amex,Credit,01/2021,YES,1,$17300,06/2008,2013,No
605,161,Mastercard,Debit,07/2020,YES,1,$11163,01/2020,2020,No
3096,161,Mastercard,Debit,02/2024,YES,1,$13612,05/2011,2011,No
5588,161,Visa,Debit,12/2016,YES,1,$11168,11/2009,2009,No
843,263,Visa,Credit,03/2020,NO,2,$6200,01/2020,2020,No
2567,263,Mastercard,Debit (Prepaid),05/2019,YES,1,$61,04/2008,2009,No
1392,263,Mastercard,Debit,02/2020,YES,1,$12103,02/2019,2019,No
2994,1389,Discover,Credit,08/2022,YES,2,$7900,05/2009,2010,No
2301,1389,Mastercard,Debit,06/2016,YES,1,$11408,03/2012,2012,No
4779,1707,Mastercard,Debit,07/2021,YES,1,$22362,09/2010,2014,No
1902,1374,Visa,Debit,09/2020,YES,1,$14993,02/2020,2020,No
1413,1374,Amex,Credit,04/2024,NO,2,$8300,02/2020,2020,No
5967,1855,Mastercard,Debit,12/2021,YES,1,$29716,12/2009,2011,No
4304,1855,Visa,Debit,10/2009,YES,1,$19258,08/2009,2011,No
3021,1855,Visa,Credit,08/2020,YES,3,$13400,05/2009,2011,No
1903,1855,Visa,Credit,09/2022,YES,2,$17100,02/2020,2020,No
1904,867,Visa,Debit,09/2022,YES,2,$16736,02/2020,2020,No
606,867,Mastercard,Debit,09/2021,YES,1,$10196,01/2020,2020,No
4564,274,Visa,Debit,09/2014,YES,1,$20961,09/2004,2010,No
2841,274,Mastercard,Credit,02/2023,YES,2,$10500,05/2003,2016,No
309,274,Amex,Credit,10/2023,YES,2,$16500,01/2013,2013,No
3184,1552,Visa,Credit,08/2016,YES,2,$11300,05/2016,2016,No
1380,1552,Mastercard,Debit,12/2021,YES,1,$13866,02/2018,2018,No
1218,1552,Mastercard,Debit,05/2021,YES,2,$14913,02/2010,2010,No
1448,635,Discover,Credit,10/2022,YES,1,$6100,02/2020,2020,No
5218,1526,Visa,Debit,11/2012,NO,1,$3728,10/2010,2010,No
3664,1526,Discover,Credit,10/2024,YES,1,$7400,07/2001,2007,No
4722,1526,Mastercard,Debit (Prepaid),10/2020,YES,1,$77,09/2009,2009,No
2100,1526,Visa,Debit,02/2021,YES,1,$12299,03/2005,2007,No
248,319,Visa,Credit,03/2021,YES,2,$6800,01/2010,2010,No
844,319,Visa,Debit (Prepaid),02/2022,YES,1,$77,01/2020,2020,No
3425,740,Mastercard,Debit,01/2017,YES,2,$2172,06/2009,2017,No
607,740,Mastercard,Debit,04/2021,YES,1,$8661,01/2020,2020,No
845,740,Visa,Debit,03/2023,YES,2,$4009,01/2020,2020,No
1414,965,Amex,Credit,12/2020,YES,1,$11200,02/2020,2020,No
846,965,Visa,Debit,12/2021,YES,2,$16479,01/2020,2020,No
5674,1421,Mastercard,Debit (Prepaid),06/2022,YES,1,$65,11/2012,2012,No
3550,1421,Mastercard,Debit,07/2021,YES,1,$17993,06/2012,2012,No
5833,1538,Mastercard,Debit,04/2011,YES,2,$16398,12/2005,2005,No
3206,1538,Mastercard,Debit,10/2021,YES,2,$21284,06/1998,2016,No
3599,1101,Visa,Debit,09/2021,NO,2,$13022,06/2015,2015,No
1905,1101,Visa,Credit,11/2020,YES,1,$8500,02/2020,2020,No
3448,92,Visa,Debit,06/2024,YES,1,$34123,06/2009,2009,No
2802,92,Mastercard,Debit,10/2013,YES,1,$25670,05/1999,2010,No
2803,92,Mastercard,Credit,07/2020,YES,1,$9000,05/1999,2012,No
5947,92,Visa,Debit,09/2023,YES,2,$8280,12/2008,2017,No
5183,125,Amex,Credit,01/2021,YES,2,$6400,10/2010,2011,No
5770,125,Mastercard,Debit,08/2022,YES,2,$9741,12/2001,2010,No
2023,125,Mastercard,Debit,06/2023,YES,2,$1326,03/2001,2011,No
4931,125,Discover,Credit,10/2022,YES,2,$3600,10/1998,2005,No
2120,125,Mastercard,Credit,05/2022,YES,1,$5500,03/2006,2012,No
2225,449,Mastercard,Debit,10/2020,YES,2,$16675,03/2009,2009,No
351,449,Visa,Debit,05/2021,YES,2,$21594,01/2015,2015,No
3559,449,Visa,Debit,02/2020,YES,1,$14277,06/2012,2012,No
2738,449,Visa,Debit,09/2021,YES,2,$13368,04/2014,2014,No
5894,449,Mastercard,Credit,05/2020,YES,1,$12700,12/2007,2016,No
3214,1173,Amex,Credit,05/2015,YES,1,$11200,06/2000,2013,No
4696,1173,Visa,Debit,06/2024,YES,1,$1342,09/2008,2008,No
2986,1173,Visa,Credit,05/2024,YES,2,$8700,05/2008,2009,No
2388,1173,Visa,Debit (Prepaid),06/2019,YES,2,$75,03/2019,2019,No
1033,1173,Mastercard,Debit,10/2021,YES,1,$35062,02/2004,2011,No
4480,1173,Mastercard,Debit,02/2020,YES,2,$17503,08/2019,2019,No
5662,1173,Visa,Credit,10/2021,YES,1,$16900,11/2011,2011,No
5197,1810,Mastercard,Credit,01/2023,NO,2,$9000,10/2010,2010,No
4839,1810,Visa,Credit,04/2024,YES,2,$9800,09/2012,2012,No
5936,1810,Mastercard,Credit,12/2023,YES,1,$10600,12/2008,2009,No
2323,1810,Visa,Credit,08/2020,YES,1,$7200,03/2013,2013,No
3339,1810,Amex,Credit,11/2023,YES,2,$7900,06/2007,2017,No
3522,1843,Mastercard,Debit,02/2020,YES,2,$12189,06/2011,2011,No
5752,1843,Amex,Credit,09/2021,NO,1,$12300,12/1997,2009,No
249,1843,Visa,Debit,06/2022,YES,2,$8702,01/2010,2014,No
4553,1843,Mastercard,Debit,12/2022,YES,2,$10638,09/2004,2010,No
961,1843,Amex,Credit,11/2020,YES,2,$5800,02/1998,2010,No
2033,1843,Mastercard,Credit,09/2020,YES,1,$13200,03/2002,2018,No
5834,1843,Mastercard,Credit,10/2021,YES,2,$4800,12/2005,2009,No
4408,1578,Mastercard,Credit,11/2020,YES,2,$6800,08/2013,2013,No
5331,1578,Visa,Debit (Prepaid),04/2020,YES,2,$64,10/2018,2018,No
4343,658,Visa,Credit,09/2011,YES,1,$5800,08/2010,2010,No
199,658,Mastercard,Debit,08/2024,YES,2,$22742,01/2009,2009,No
1010,658,Amex,Credit,04/2020,YES,1,$19300,02/2003,2013,No
5548,658,Visa,Credit,03/2024,YES,1,$13800,11/2008,2008,No
2146,1858,Mastercard,Credit,12/2022,YES,2,$8200,03/2007,2010,No
847,1663,Visa,Debit,08/2021,YES,2,$840,01/2020,2020,No
5350,1503,Visa,Credit,02/2023,YES,2,$12600,11/1996,2014,No
3476,1503,Mastercard,Debit,09/2023,YES,2,$15552,06/2010,2014,No
4274,1503,Visa,Debit,08/2022,YES,1,$5133,08/2008,2008,No
3772,1503,Mastercard,Debit,11/2020,YES,2,$24049,07/2006,2013,No
1906,725,Visa,Debit,10/2020,YES,1,$17382,02/2020,2020,No
1907,725,Visa,Debit,09/2021,NO,1,$19483,02/2020,2020,No
5785,1671,Visa,Debit,07/2020,YES,2,$2174,12/2002,2010,No
4430,1233,Mastercard,Debit,08/2017,YES,2,$25301,08/2014,2014,No
4823,1233,Visa,Credit,09/2012,YES,2,$11000,09/2011,2013,No
1449,1233,Discover,Credit,11/2022,YES,1,$7100,02/2020,2020,No
4255,1271,Mastercard,Debit (Prepaid),10/2008,YES,2,$57,08/2008,2008,No
3316,1271,Mastercard,Debit (Prepaid),11/2016,YES,2,$33,06/2006,2013,No
1908,1271,Visa,Credit,03/2024,NO,1,$10900,02/2020,2020,No
5099,473,Visa,Credit,10/2021,YES,2,$7100,10/2007,2007,No
2696,473,Mastercard,Debit,02/2022,YES,1,$10005,04/2012,2012,No
5663,1541,Visa,Debit,09/2023,YES,1,$10627,11/2011,2011,No
228,1541,Mastercard,Debit,09/2024,NO,2,$12157,01/2010,2019,No
4554,1541,Mastercard,Debit,03/2008,YES,1,$60,09/2004,2009,No
3253,1541,Mastercard,Credit,12/2020,YES,2,$10600,06/2003,2008,No
2307,1541,Visa,Debit,11/2023,YES,1,$17383,03/2012,2012,No
3590,149,Mastercard,Credit,07/2022,YES,1,$14200,06/2015,2015,No
1219,560,Mastercard,Debit,12/2021,NO,2,$11620,02/2010,2010,No
144,560,Visa,Debit,01/2020,YES,2,$16642,01/2007,2012,No
1371,560,Mastercard,Credit,05/2020,YES,1,$6900,02/2017,2017,No
5065,560,Visa,Credit,09/2007,NO,2,$12500,10/2006,2012,No
2185,1006,Mastercard,Debit,09/2024,YES,2,$14814,03/2008,2008,No
3509,1006,Amex,Credit,09/2021,YES,1,$10900,06/2011,2011,No
4723,1006,Mastercard,Debit,01/2023,YES,2,$17253,09/2009,2011,No
4305,368,Visa,Debit,09/2009,YES,2,$20756,08/2009,2009,No
371,368,Mastercard,Debit,02/2020,YES,2,$22132,01/2018,2018,No
5566,368,Mastercard,Debit (Prepaid),07/2010,YES,2,$63,11/2009,2009,No
2226,368,Mastercard,Credit,11/2024,YES,1,$12100,03/2009,2010,No
3822,368,Visa,Debit (Prepaid),03/2024,YES,2,$71,07/2007,2014,No
4463,368,Mastercard,Credit,06/2020,YES,2,$13000,08/2017,2017,No
2408,1696,Mastercard,Debit,05/2018,YES,2,$12047,04/2000,2008,No
180,416,Visa,Credit,10/2020,NO,2,$14900,01/2008,2011,No
1220,416,Mastercard,Debit,11/2022,YES,2,$14066,02/2010,2012,No
2883,416,Mastercard,Debit (Prepaid),09/2021,NO,2,$60,05/2005,2013,No
2445,416,Mastercard,Debit,12/2024,YES,3,$18242,04/2003,2011,No
2399,416,Mastercard,Debit,09/2023,YES,2,$2041,04/1997,2012,No
4724,416,Mastercard,Debit (Prepaid),12/2022,YES,2,$46,09/2009,2016,No
6031,51,Visa,Credit,07/2020,YES,1,$12700,12/2010,2011,No
1637,51,Mastercard,Debit,02/2020,YES,1,$27124,02/2020,2020,No
1450,51,Discover,Credit,05/2023,YES,2,$6400,02/2020,2020,No
285,196,Visa,Credit,10/2021,YES,2,$4300,01/2011,2011,No
5085,690,Mastercard,Debit,09/2020,YES,1,$1993,10/2007,2015,No
2727,1477,Mastercard,Debit,02/2020,YES,2,$18171,04/2014,2014,No
3747,1477,Visa,Debit,07/2024,YES,1,$44314,07/2005,2008,No
4947,1477,Discover,Credit,11/2022,NO,1,$12700,10/2001,2009,No
2676,260,Mastercard,Debit,07/2019,YES,1,$21007,04/2011,2011,No
5119,260,Mastercard,Debit (Prepaid),07/2017,NO,1,$65,10/2008,2009,No
323,260,Visa,Debit,12/2021,YES,1,$13342,01/2013,2013,No
5895,857,Mastercard,Debit,09/2021,YES,2,$10405,12/2007,2011,No
4739,1167,Visa,Credit,10/2015,YES,1,$12500,09/2009,2009,No
2159,1167,Visa,Debit,01/2022,YES,2,$19070,03/2007,2007,No
3666,1167,Mastercard,Debit,10/2024,YES,2,$30950,07/2001,2006,No
3426,1358,Mastercard,Debit (Prepaid),05/2020,YES,1,$80,06/2009,2012,No
1909,1358,Visa,Debit,10/2023,YES,1,$26394,02/2020,2020,No
5736,1358,Mastercard,Debit (Prepaid),01/2020,YES,1,$71,11/2018,2018,No
5135,1358,Visa,Debit (Prepaid),01/2024,YES,1,$83,10/2008,2008,No
5368,1611,Mastercard,Debit,02/2016,YES,2,$12132,11/2001,2014,No
1318,1611,Mastercard,Credit,11/2015,YES,2,$1900,02/2013,2013,No
1252,734,Visa,Debit,11/2021,YES,2,$5507,02/2010,2010,No
4990,734,Mastercard,Credit,07/2020,YES,2,$6300,10/2003,2010,No
4671,1507,Mastercard,Debit,07/2021,YES,2,$19573,09/2008,2015,No
5589,1507,Visa,Debit,01/2021,YES,2,$29543,11/2009,2011,No
3449,1507,Visa,Debit,05/2020,NO,2,$19171,06/2009,2013,No
4393,504,Mastercard,Debit (Prepaid),02/2020,YES,1,$72,08/2012,2012,No
5280,504,Visa,Debit,04/2014,YES,1,$11710,10/2013,2013,No
2263,524,Visa,Debit,12/2024,NO,2,$24089,03/2010,2010,No
5240,525,Mastercard,Debit,12/2024,YES,1,$15900,10/2011,2011,No
6004,525,Mastercard,Debit,01/2024,YES,1,$11595,12/2010,2010,No
4811,525,Mastercard,Debit,02/2020,YES,2,$13257,09/2011,2011,No
4740,250,Visa,Credit,02/2014,NO,2,$7200,09/2009,2009,No
2793,250,Mastercard,Credit,04/2017,YES,1,$8200,05/1997,2007,No
5136,250,Visa,Debit,04/2024,YES,2,$11678,10/2008,2014,No
4940,250,Mastercard,Debit (Prepaid),12/2020,YES,1,$57,10/1999,2017,No
3971,250,Mastercard,Debit,11/2011,YES,1,$10412,07/2011,2017,No
2914,250,Visa,Debit,01/2023,YES,1,$7808,05/2006,2009,No
1332,479,Visa,Debit,10/2022,YES,2,$43767,02/2013,2013,No
2186,479,Mastercard,Credit,09/2021,YES,1,$16600,03/2008,2014,No
2436,479,Visa,Debit,01/2021,YES,2,$3058,04/2002,2013,No
4189,343,Visa,Credit,08/2024,YES,1,$11000,08/2006,2017,No
3582,343,Mastercard,Credit,07/2018,YES,1,$10800,06/2014,2014,No
1288,343,Visa,Debit,04/2014,YES,2,$38385,02/2011,2011,No
994,343,Visa,Debit,03/2008,NO,1,$15277,02/2001,2011,No
3953,343,Visa,Debit,06/2024,YES,1,$14625,07/2010,2010,No
2410,343,Visa,Credit,10/2010,NO,2,$12400,04/2000,2007,No
1091,343,Mastercard,Debit,10/2010,YES,2,$24943,02/2006,2012,No
3523,343,Mastercard,Credit,10/2021,YES,2,$12300,06/2011,2011,No
1415,1196,Amex,Credit,02/2020,YES,2,$10900,02/2020,2020,No
3637,1196,Visa,Debit,04/2024,YES,1,$14623,06/2018,2018,No
4000,1196,Mastercard,Debit,06/2021,YES,2,$15017,07/2012,2012,No
4542,1196,Visa,Credit,06/2020,YES,1,$11100,09/2003,2011,No
2453,1530,Amex,Credit,04/2023,YES,1,$400,04/2004,2009,No
52,1530,Mastercard,Credit,01/2021,YES,2,$500,01/2004,2008,No
1179,1530,Mastercard,Credit,11/2024,YES,1,$600,02/2009,2013,No
5322,1963,Mastercard,Debit,10/2020,YES,1,$17220,10/2017,2017,No
5418,1963,Visa,Debit,06/2020,YES,1,$29041,11/2004,2008,No
3317,1963,Mastercard,Debit,02/2024,YES,1,$25297,06/2006,2006,No
1638,1963,Mastercard,Debit (Prepaid),05/2020,YES,1,$71,02/2020,2020,No
6058,1963,Visa,Debit,02/2023,YES,1,$21692,12/2011,2012,No
3364,1963,Visa,Debit,11/2024,YES,1,$18384,06/2007,2009,No
4565,1963,Visa,Credit,12/2023,YES,1,$20700,09/2004,2012,No
1381,764,Mastercard,Debit,11/2021,YES,1,$20467,02/2018,2018,No
286,764,Visa,Debit,04/2020,YES,1,$16109,01/2011,2011,No
3727,764,Amex,Credit,12/2024,YES,1,$13900,07/2005,2012,No
1910,764,Visa,Credit,01/2022,YES,1,$4400,02/2020,2020,No
2136,213,Amex,Credit,02/2024,YES,2,$20400,03/2007,2010,No
5291,213,Mastercard,Debit,05/2023,YES,2,$18074,10/2014,2014,No
1639,213,Mastercard,Debit,05/2024,YES,1,$37778,02/2020,2020,No
4954,410,Mastercard,Debit,01/2015,YES,2,$26822,10/2001,2007,No
2801,410,Visa,Credit,10/2006,YES,2,$15000,05/1998,2008,No
1221,1685,Mastercard,Debit,02/2023,YES,1,$8451,02/2010,2010,No
5613,1685,Mastercard,Debit (Prepaid),07/2021,YES,2,$26,11/2010,2017,No
1253,225,Visa,Debit,12/2020,YES,1,$20661,02/2010,2010,No
4382,225,Visa,Debit,08/2018,YES,2,$16523,08/2011,2011,No
432,225,Discover,Credit,09/2023,YES,2,$16600,01/2020,2020,No
4780,225,Mastercard,Credit,09/2023,YES,2,$14300,09/2010,2010,No
608,1210,Mastercard,Debit,01/2020,YES,2,$6824,01/2020,2020,No
4606,1210,Mastercard,Debit,07/2023,YES,1,$10589,09/2006,2015,No
4846,1210,Amex,Credit,10/2020,YES,2,$8600,09/2013,2013,No
3403,1210,Visa,Debit,12/2020,YES,1,$26982,06/2008,2008,No
1911,1336,Visa,Credit,02/2020,YES,2,$15000,02/2020,2020,No
5400,576,Amex,Credit,04/2023,YES,2,$8100,11/2004,2011,No
5664,576,Visa,Debit,02/2022,YES,1,$26471,11/2011,2011,No
4624,576,Visa,Debit,08/2022,NO,1,$37656,09/2006,2010,No
5968,576,Mastercard,Debit,08/2022,YES,2,$27947,12/2009,2011,No
3057,576,Mastercard,Debit,01/2024,YES,1,$29465,05/2010,2010,No
3600,576,Visa,Debit,07/2020,YES,1,$21070,06/2015,2015,No
2384,576,Mastercard,Debit,01/2021,YES,2,$27537,03/2019,2019,No
4969,1677,Mastercard,Debit,04/2022,YES,2,$13404,10/2002,2018,No
324,1677,Visa,Credit,10/2024,YES,2,$2400,01/2013,2013,No
3080,1969,Visa,Debit,02/2015,YES,1,$3016,05/2010,2011,No
5549,1969,Visa,Debit,10/2020,YES,2,$32809,11/2008,2010,No
4934,1969,Mastercard,Debit,08/2024,YES,2,$16519,10/1998,2015,No
4231,1969,Visa,Debit,12/2016,NO,2,$28759,08/2007,2014,No
4981,1969,Discover,Credit,01/2022,YES,1,$12300,10/2003,2010,No
4142,1431,Visa,Credit,03/2012,YES,2,$4900,08/2004,2010,No
1912,558,Visa,Debit,07/2024,YES,1,$8980,02/2020,2020,No
1640,558,Mastercard,Debit,02/2020,YES,1,$3402,02/2020,2020,No
848,558,Visa,Credit,12/2022,YES,2,$8800,01/2020,2020,No
1254,1482,Visa,Debit,10/2021,YES,2,$34877,02/2010,2012,No
5017,1295,Visa,Credit,02/2024,YES,1,$9900,10/2004,2014,No
3318,1295,Mastercard,Debit,05/2020,YES,2,$11382,06/2006,2009,No
2949,1295,Visa,Credit,08/2023,YES,1,$7500,05/2007,2009,No
609,1295,Mastercard,Debit (Prepaid),02/2020,YES,1,$72,01/2020,2020,No
5567,1468,Mastercard,Debit,12/2020,YES,1,$26764,11/2009,2014,No
3058,1468,Mastercard,Debit,10/2010,YES,1,$32035,05/2010,2014,No
4854,538,Mastercard,Debit,12/2014,YES,1,$11906,09/2013,2013,No
5441,538,Visa,Credit,06/2020,YES,2,$7000,11/2005,2018,No
4161,538,Mastercard,Debit,12/2014,YES,2,$6993,08/2005,2016,No
2396,538,Visa,Debit,03/2013,YES,2,$1513,04/1994,2019,No
1319,748,Mastercard,Debit,06/2022,YES,1,$18204,02/2013,2013,No
2763,748,Mastercard,Debit,01/2017,YES,1,$20067,04/2016,2016,No
1067,748,Visa,Credit,12/2020,YES,1,$14400,02/2005,2012,No
1641,1068,Mastercard,Debit,02/2020,YES,1,$11355,02/2020,2020,No
5343,1068,Visa,Debit,07/2023,YES,1,$10448,10/2019,2019,No
849,1068,Visa,Debit,12/2024,YES,1,$11573,01/2020,2020,No
2967,41,Mastercard,Debit (Prepaid),05/2021,YES,1,$83,05/2008,2011,No
3213,807,Visa,Debit,03/2023,NO,1,$30903,06/1999,2008,No
4889,807,Visa,Debit (Prepaid),06/2021,YES,1,$91,09/2015,2015,No
5299,807,Visa,Debit (Prepaid),06/2020,YES,1,$62,10/2014,2014,No
2813,1430,Mastercard,Debit,12/2024,YES,2,$1936,05/2001,2010,No
2074,1430,Visa,Credit,01/2022,YES,1,$9100,03/2004,2010,No
4383,1430,Visa,Debit,01/2021,NO,2,$25726,08/2011,2011,No
66,1430,Discover,Credit,03/2020,YES,1,$12200,01/2005,2013,No
3987,1430,Visa,Credit,10/2022,YES,2,$400,07/2011,2011,No
4110,1873,Mastercard,Debit,02/2021,YES,2,$20042,08/2002,2006,No
4741,1873,Visa,Credit,07/2016,YES,1,$7700,09/2009,2009,No
306,1873,Visa,Debit (Prepaid),12/2024,NO,2,$60,01/2012,2012,No
1642,204,Mastercard,Debit,02/2020,YES,2,$18725,02/2020,2020,No
1913,424,Visa,Credit,05/2021,YES,1,$11100,02/2020,2020,No
610,424,Mastercard,Debit,06/2022,YES,2,$38,01/2020,2020,No
5052,980,Mastercard,Debit,04/2020,YES,1,$14185,10/2006,2006,No
181,980,Visa,Debit,08/2011,YES,1,$16094,01/2008,2010,No
1643,980,Mastercard,Debit,07/2021,YES,1,$26819,02/2020,2020,No
2454,980,Amex,Credit,10/2021,YES,2,$14600,04/2004,2013,No
6059,980,Visa,Credit,02/2021,YES,2,$5800,12/2011,2011,No
4855,980,Mastercard,Debit,04/2016,YES,1,$16789,09/2013,2013,No
4409,980,Mastercard,Debit,09/2020,YES,1,$14213,08/2013,2013,No
4919,1415,Visa,Credit,01/2021,YES,2,$6400,09/2018,2018,No
850,600,Visa,Debit,04/2020,YES,1,$18373,01/2020,2020,No
4328,652,Mastercard,Debit,12/2024,YES,1,$16203,08/2010,2010,No
2502,652,Amex,Credit,12/2023,YES,2,$16500,04/2006,2016,No
4293,652,Mastercard,Debit,07/2023,YES,1,$19962,08/2009,2012,No
4607,652,Mastercard,Debit (Prepaid),02/2020,YES,2,$52,09/2006,2011,No
1197,652,Visa,Debit,02/2020,YES,2,$2045,02/2009,2014,No
1255,652,Visa,Debit,02/2023,YES,2,$21607,02/2010,2018,No
5492,1129,Mastercard,Debit,01/2015,YES,2,$18109,11/2007,2010,No
102,1129,Mastercard,Debit,05/2020,YES,1,$14802,01/2006,2008,No
2677,1129,Mastercard,Credit,06/2022,YES,1,$7600,04/2011,2011,No
5852,885,Discover,Credit,06/2021,YES,1,$9000,12/2006,2006,No
5086,885,Mastercard,Debit (Prepaid),05/2023,YES,1,$63,10/2007,2013,No
6005,885,Mastercard,Debit,11/2022,YES,2,$7784,12/2010,2014,No
4256,1899,Mastercard,Debit,11/2009,YES,1,$29761,08/2008,2010,No
5969,1899,Mastercard,Debit (Prepaid),04/2023,YES,1,$64,12/2009,2011,No
3365,1369,Visa,Credit,11/2020,YES,2,$9000,06/2007,2009,No
5792,1369,Mastercard,Debit,10/2024,YES,2,$14716,12/2003,2012,No
3059,1057,Mastercard,Debit,09/2015,YES,1,$23395,05/2010,2020,No
5464,1302,Mastercard,Debit,02/2024,YES,1,$9883,11/2006,2010,No
3203,1302,Mastercard,Debit,02/2020,NO,1,$8993,05/2019,2019,No
5632,1302,Visa,Credit,04/2020,YES,2,$7900,11/2010,2015,No
3972,1302,Mastercard,Debit (Prepaid),10/2022,YES,2,$13,07/2011,2014,No
3871,415,Visa,Credit,05/2023,YES,1,$9400,07/2008,2012,No
5344,415,Visa,Credit,11/2024,YES,2,$8000,10/2019,2019,No
3225,415,Mastercard,Debit,01/2021,YES,1,$17527,06/2001,2005,No
6088,415,Mastercard,Debit,02/2022,YES,1,$11818,12/2013,2013,No
2348,83,Visa,Credit,12/2023,YES,2,$11600,03/2015,2015,No
851,1093,Visa,Credit,09/2021,YES,1,$12600,01/2020,2020,No
5198,28,Mastercard,Debit,01/2021,NO,1,$13896,10/2010,2010,No
2678,28,Mastercard,Credit,01/2024,YES,1,$16400,04/2011,2011,No
2568,28,Mastercard,Debit,03/2015,YES,2,$29717,04/2008,2008,No
852,28,Visa,Debit,04/2024,YES,1,$17431,01/2020,2020,No
5529,33,Mastercard,Debit,03/2022,YES,2,$11584,11/2008,2012,No
1357,33,Mastercard,Credit,07/2016,YES,2,$9000,02/2015,2015,No
5120,33,Mastercard,Credit,02/2020,YES,1,$7400,10/2008,2009,No
2252,33,Mastercard,Debit,09/2017,YES,2,$13829,03/2010,2016,No
2404,33,Mastercard,Debit,04/2024,YES,2,$4589,04/1999,2011,No
4742,1646,Visa,Credit,03/2022,YES,2,$9000,09/2009,2011,No
5652,1646,Mastercard,Credit,05/2022,YES,2,$9900,11/2011,2011,No
2276,1646,Mastercard,Debit,08/2021,YES,1,$11153,03/2011,2011,No
5314,1646,Mastercard,Debit,04/2018,NO,1,$10671,10/2016,2016,No
4045,1646,Mastercard,Debit,10/2024,NO,1,$12470,07/2016,2016,No
1644,1847,Mastercard,Credit,03/2023,YES,2,$8700,02/2020,2020,No
310,1152,Discover,Credit,04/2024,YES,1,$7200,01/2013,2013,No
6080,134,Amex,Credit,04/2021,YES,2,$4700,12/2013,2013,No
5991,134,Amex,Credit,07/2012,YES,2,$10400,12/2010,2013,No
6120,134,Mastercard,Credit,08/2022,YES,1,$9400,12/2016,2016,No
611,134,Mastercard,Debit,02/2020,YES,1,$27290,01/2020,2020,No
853,188,Visa,Debit (Prepaid),01/2020,YES,1,$68,01/2020,2020,No
854,188,Visa,Debit,05/2020,YES,2,$41713,01/2020,2020,No
2242,220,Amex,Credit,03/2023,YES,1,$17200,03/2010,2015,No
3954,220,Visa,Debit,05/2020,YES,1,$23018,07/2010,2018,No
1645,220,Mastercard,Debit (Prepaid),04/2022,YES,1,$2,02/2020,2020,No
2697,220,Mastercard,Credit,12/2024,YES,3,$23500,04/2012,2012,No
4043,1343,Amex,Credit,02/2022,YES,1,$5300,07/2016,2016,No
612,1343,Mastercard,Debit,12/2022,NO,2,$12738,01/2020,2020,No
855,1343,Visa,Credit,06/2022,YES,1,$8700,01/2020,2020,No
856,1343,Visa,Debit,05/2021,YES,2,$5752,01/2020,2020,No
2329,1930,Mastercard,Debit,11/2020,YES,1,$15416,03/2014,2014,No
613,1930,Mastercard,Debit (Prepaid),05/2023,YES,1,$73,01/2020,2020,No
614,1930,Mastercard,Credit,10/2022,YES,1,$15700,01/2020,2020,No
1646,1260,Mastercard,Credit,05/2021,YES,1,$10100,02/2020,2020,No
6081,1260,Amex,Credit,07/2024,YES,2,$0,12/2013,2013,No
857,1260,Visa,Credit,07/2022,YES,1,$11000,01/2020,2020,No
3773,96,Mastercard,Credit,12/2024,YES,1,$18300,07/2006,2008,No
3695,96,Mastercard,Debit,04/2023,YES,2,$19959,07/2003,2013,No
361,96,Visa,Credit,10/2020,YES,2,$24300,01/2017,2017,No
5175,96,Visa,Credit,07/2021,NO,2,$18900,10/2009,2013,No
4878,1166,Visa,Debit,11/2014,YES,1,$14574,09/2014,2014,No
1222,1166,Mastercard,Credit,08/2021,YES,2,$14100,02/2010,2010,No
5822,1166,Visa,Debit,12/2012,YES,2,$23737,12/2004,2010,No
2649,1533,Mastercard,Credit,04/2021,YES,1,$11800,04/2010,2013,No
3097,1533,Mastercard,Debit,06/2022,YES,2,$27594,05/2011,2011,No
4625,1533,Visa,Credit,03/2023,YES,2,$15300,09/2006,2010,No
858,88,Visa,Credit,04/2024,YES,1,$4800,01/2020,2020,No
3226,1451,Mastercard,Debit,06/2024,YES,1,$34319,06/2001,2013,No
3790,1451,Visa,Debit,04/2013,YES,2,$10831,07/2006,2011,No
250,1451,Visa,Debit,03/2023,YES,1,$20475,01/2010,2015,No
5530,1451,Mastercard,Credit,03/2015,NO,2,$6500,11/2008,2011,No
6006,57,Mastercard,Debit,02/2020,YES,2,$17614,12/2010,2013,No
6069,1335,Mastercard,Debit,12/2020,YES,2,$51133,12/2012,2012,No
615,1335,Mastercard,Debit (Prepaid),07/2024,YES,1,$115,01/2020,2020,No
2330,1335,Mastercard,Debit (Prepaid),09/2020,YES,1,$54,03/2014,2014,No
3583,1335,Mastercard,Debit,08/2023,YES,2,$32036,06/2014,2014,No
5066,816,Visa,Debit,06/2020,YES,2,$13593,10/2006,2006,No
2968,816,Mastercard,Debit,02/2022,YES,2,$13343,05/2008,2011,No
3774,816,Mastercard,Debit,05/2024,YES,2,$6103,07/2006,2008,No
3891,816,Mastercard,Debit,06/2016,YES,1,$2646,07/2009,2015,No
4468,816,Amex,Credit,08/2021,YES,1,$9200,08/2018,2018,No
404,1081,Amex,Credit,06/2021,YES,2,$21200,01/2020,2020,No
3427,1081,Mastercard,Credit,01/2024,YES,1,$10400,06/2009,2010,No
3892,1081,Mastercard,Debit,07/2022,YES,1,$27377,07/2009,2016,No
5568,1385,Mastercard,Credit,10/2024,YES,1,$20900,11/2009,2010,No
3807,1385,Mastercard,Debit,04/2024,YES,2,$39632,07/2007,2013,No
4955,1385,Mastercard,Debit (Prepaid),01/2020,YES,2,$44,10/2001,2013,No
4344,1385,Visa,Debit,01/2021,YES,1,$48489,08/2010,2014,No
4190,1385,Visa,Debit,01/2008,YES,2,$32725,08/2006,2013,No
1256,1385,Visa,Debit,12/2022,YES,2,$36940,02/2010,2010,No
405,1125,Amex,Credit,09/2020,YES,1,$23100,01/2020,2020,No
616,1125,Mastercard,Debit,12/2022,YES,1,$41040,01/2020,2020,No
4881,1125,Amex,Credit,12/2021,YES,2,$13200,09/2015,2015,No
3601,1125,Visa,Debit,05/2021,YES,2,$29200,06/2015,2015,No
617,1952,Mastercard,Debit,10/2022,YES,3,$13831,01/2020,2020,No
1647,1870,Mastercard,Credit,03/2024,NO,1,$18900,02/2020,2020,No
1914,1870,Visa,Debit,02/2020,YES,1,$39850,02/2020,2020,No
5984,1345,Visa,Credit,09/2020,YES,1,$13900,12/2009,2011,No
2497,1345,Visa,Debit,12/2020,YES,2,$17470,04/2005,2008,No
2187,1345,Mastercard,Debit,09/2021,YES,1,$2267,03/2008,2014,No
2234,1345,Visa,Debit,04/2014,YES,2,$4031,03/2009,2014,No
4208,1345,Mastercard,Debit,11/2023,YES,2,$21833,08/2007,2011,No
287,1345,Visa,Debit,05/2021,YES,2,$16857,01/2011,2017,No
5633,1345,Visa,Debit,05/2023,NO,1,$2518,11/2010,2010,No
3775,1345,Mastercard,Debit,03/2020,YES,2,$12863,07/2006,2010,No
3060,1695,Mastercard,Credit,07/2022,YES,2,$12700,05/2010,2015,No
114,1695,Visa,Debit,12/2021,YES,3,$2851,01/2006,2007,No
48,1695,Amex,Credit,06/2020,YES,2,$4100,01/2004,2004,No
274,1695,Mastercard,Debit,01/2016,YES,2,$20838,01/2011,2011,No
1648,1906,Mastercard,Debit,10/2020,YES,2,$2721,02/2020,2020,No
2834,1985,Visa,Credit,07/2023,YES,1,$400,05/2002,2018,No
4781,1985,Mastercard,Debit,03/2020,YES,2,$416,09/2010,2010,No
4085,1985,Mastercard,Debit,12/2024,YES,2,$625,08/1996,2014,No
1095,1604,Visa,Debit,09/2022,YES,2,$20858,02/2006,2011,No
5653,1604,Mastercard,Credit,11/2011,YES,2,$11200,11/2011,2013,No
2950,1604,Visa,Credit,02/2023,YES,2,$8800,05/2007,2009,No
2207,1604,Visa,Debit,12/2024,YES,1,$10360,03/2008,2009,No
6077,1604,Visa,Debit,07/2013,YES,1,$11578,12/2012,2012,No
2188,1604,Mastercard,Debit,07/2020,YES,2,$13016,03/2008,2008,No
3185,1604,Visa,Debit,07/2021,YES,1,$13754,05/2016,2016,No
1649,1933,Mastercard,Debit (Prepaid),12/2021,YES,1,$91,02/2020,2020,No
1915,1933,Visa,Debit,02/2020,YES,2,$2094,02/2020,2020,No
2766,649,Visa,Debit,07/2020,YES,1,$14558,04/2016,2016,No
1376,649,Visa,Debit,03/2023,YES,2,$46342,02/2017,2017,No
3737,649,Mastercard,Credit,12/2023,YES,1,$17400,07/2005,2016,No
1223,649,Mastercard,Debit,06/2024,YES,2,$11401,02/2010,2016,No
251,649,Visa,Debit,03/2024,YES,1,$8280,01/2010,2010,No
2105,649,Discover,Credit,12/2012,YES,1,$0,03/2006,2008,No
4191,649,Visa,Debit (Prepaid),02/2007,YES,1,$72,08/2006,2011,No
4345,1486,Visa,Credit,06/2020,YES,1,$9600,08/2010,2011,No
1138,1744,Discover,Credit,11/2024,YES,2,$10000,02/2008,2011,No
4209,1744,Mastercard,Debit,03/2024,YES,1,$10025,08/2007,2010,No
133,1744,Mastercard,Debit,12/2022,YES,1,$9777,01/2007,2009,No
1650,1272,Mastercard,Debit,04/2021,YES,1,$8807,02/2020,2020,No
3776,400,Mastercard,Debit (Prepaid),06/2018,YES,1,$92,07/2006,2008,No
3852,400,Mastercard,Credit,05/2011,YES,1,$11400,07/2008,2014,No
3973,400,Mastercard,Debit,11/2011,YES,2,$16687,07/2011,2011,No
2507,400,Mastercard,Debit,05/2009,YES,2,$3974,04/2006,2011,No
5241,1994,Mastercard,Debit,09/2016,YES,1,$23768,10/2011,2011,No
3974,1994,Mastercard,Debit (Prepaid),08/2022,YES,1,$63,07/2011,2011,No
6032,1994,Visa,Credit,12/2023,YES,1,$21600,12/2010,2010,No
2349,572,Visa,Debit,03/2024,YES,1,$23157,03/2015,2015,No
1916,572,Visa,Debit (Prepaid),02/2020,YES,2,$54,02/2020,2020,No
2650,1442,Mastercard,Debit,06/2021,YES,2,$11986,04/2010,2015,No
5814,1853,Mastercard,Credit,05/2022,YES,1,$12600,12/2004,2009,No
6043,1853,Mastercard,Debit,02/2021,YES,2,$4340,12/2011,2012,No
1034,1853,Mastercard,Debit,01/2024,NO,2,$8149,02/2004,2007,No
5654,556,Mastercard,Debit,01/2023,YES,1,$23688,11/2011,2011,No
2,556,Mastercard,Debit,09/2021,YES,1,$19948,01/1995,2011,No
1917,1960,Visa,Debit (Prepaid),04/2021,NO,2,$69,02/2020,2020,No
4527,321,Visa,Credit,05/2005,YES,1,$9400,09/2002,2006,No
293,321,Amex,Credit,08/2018,YES,1,$3300,01/2012,2012,No
35,321,Discover,Credit,05/2011,YES,2,$11100,01/2003,2004,No
5755,321,Mastercard,Debit,01/2024,YES,2,$23792,12/1998,2012,No
4364,483,Mastercard,Debit,09/2020,YES,2,$13224,08/2011,2011,No
5369,483,Mastercard,Credit,12/2004,YES,1,$10700,11/2001,2009,No
2121,483,Mastercard,Credit,04/2024,YES,2,$13100,03/2006,2009,No
5219,404,Visa,Credit,07/2024,YES,1,$10900,10/2010,2010,No
4346,1510,Visa,Credit,11/2013,YES,1,$6600,08/2010,2011,No
1257,1510,Visa,Credit,11/2011,YES,1,$11400,02/2010,2012,No
859,916,Visa,Debit,03/2023,YES,1,$15847,01/2020,2020,No
860,916,Visa,Debit,05/2020,YES,1,$13006,01/2020,2020,No
40,1635,Mastercard,Debit,10/2008,YES,2,$5029,01/2003,2009,No
1309,1635,Visa,Credit,09/2023,YES,2,$15000,02/2012,2012,No
6044,1635,Mastercard,Debit,02/2021,YES,2,$14348,12/2011,2011,No
115,1635,Visa,Debit,10/2022,YES,2,$24876,01/2006,2009,No
618,1635,Mastercard,Debit,06/2024,YES,2,$13523,01/2020,2020,No
381,1635,Mastercard,Debit,04/2023,YES,1,$21434,01/2019,2019,No
2535,1384,Mastercard,Debit,05/2016,YES,1,$19206,04/2007,2011,No
5229,1384,Discover,Credit,03/2014,YES,2,$15000,10/2011,2011,No
3723,1384,Visa,Debit,02/2020,YES,2,$24617,07/2004,2006,No
3171,943,Discover,Credit,02/2023,YES,2,$6600,05/2016,2016,No
5351,1236,Mastercard,Debit,01/2024,YES,1,$4304,11/1997,2012,No
85,1236,Visa,Debit,03/2019,YES,2,$1269,01/2005,2013,No
5815,1236,Mastercard,Debit,06/2023,YES,1,$3458,12/2004,2013,No
4101,1236,Mastercard,Debit,09/2022,NO,2,$6775,08/2001,2012,No
2369,1236,Visa,Credit,01/2021,YES,1,$8800,03/2017,2017,No
6142,1236,Mastercard,Debit,11/2024,YES,1,$12223,12/2019,2019,No
1918,969,Visa,Debit,12/2020,YES,2,$13478,02/2020,2020,No
619,969,Mastercard,Debit,11/2020,YES,1,$19578,01/2020,2020,No
861,969,Visa,Debit,04/2024,YES,2,$2944,01/2020,2020,No
1651,508,Mastercard,Debit,03/2023,YES,1,$20773,02/2020,2020,No
1652,508,Mastercard,Debit,01/2022,YES,2,$24203,02/2020,2020,No
620,508,Mastercard,Debit (Prepaid),07/2020,YES,2,$98,01/2020,2020,No
3428,496,Mastercard,Debit,11/2020,YES,2,$2727,06/2009,2014,No
4517,496,Amex,Credit,03/2023,YES,2,$6800,09/2002,2002,No
3186,496,Visa,Debit,03/2019,YES,1,$22516,05/2016,2016,No
5806,496,Discover,Credit,12/2021,YES,2,$11500,12/2004,2009,No
5176,450,Visa,Debit,12/2021,NO,2,$15214,10/2009,2010,No
862,450,Visa,Debit,12/2024,YES,2,$23687,01/2020,2020,No
4192,450,Visa,Debit,11/2021,YES,1,$18048,08/2006,2007,No
5634,1753,Visa,Debit,03/2020,YES,1,$25102,11/2010,2014,No
2987,304,Visa,Debit,01/2022,YES,2,$13773,05/2008,2008,No
4365,304,Mastercard,Debit,05/2021,YES,1,$12892,08/2011,2011,No
5667,839,Amex,Credit,05/2019,YES,2,$6600,11/2012,2012,No
3187,839,Visa,Debit,04/2024,YES,2,$25650,05/2016,2016,No
4725,839,Mastercard,Debit,06/2020,YES,2,$37192,09/2009,2010,No
4608,138,Mastercard,Debit,04/2021,YES,1,$5779,09/2006,2014,No
2820,138,Visa,Debit,08/2023,YES,1,$13325,05/2001,2011,No
5422,138,Amex,Credit,01/2023,YES,1,$4000,11/2005,2009,No
2807,138,Amex,Credit,02/2023,YES,1,$6900,05/2000,2012,No
4912,43,Mastercard,Debit,10/2023,YES,1,$35702,09/2017,2017,No
1416,43,Amex,Credit,08/2024,YES,1,$13200,02/2020,2020,No
5740,43,Visa,Credit,03/2020,YES,2,$21700,11/2018,2018,No
863,43,Visa,Credit,08/2020,NO,1,$13700,01/2020,2020,No
864,1187,Visa,Debit,10/2020,YES,1,$24389,01/2020,2020,No
2385,1187,Mastercard,Debit (Prepaid),02/2020,YES,2,$74,03/2019,2019,No
91,1187,Amex,Credit,12/2020,YES,1,$12100,01/2006,2011,No
5121,849,Mastercard,Debit,11/2022,YES,1,$16640,10/2008,2009,No
3477,849,Mastercard,Debit,09/2013,YES,1,$14889,06/2010,2011,No
3823,849,Visa,Debit,06/2021,YES,1,$19080,07/2007,2010,No
3169,654,Visa,Credit,10/2023,NO,2,$7600,05/2015,2015,No
5352,1898,Mastercard,Debit,03/2023,YES,2,$14525,11/1997,2014,No
1068,1898,Visa,Debit,02/2020,YES,1,$15636,02/2005,2014,No
5122,1898,Mastercard,Debit,08/2023,YES,2,$13296,10/2008,2016,No
4543,1898,Visa,Credit,03/2023,NO,2,$10100,09/2003,2011,No
2423,1898,Visa,Debit,09/2024,NO,1,$36412,04/2001,2007,No
4566,1971,Visa,Debit,11/2023,YES,1,$4589,09/2004,2012,No
3293,1971,Mastercard,Debit,02/2020,YES,1,$17474,06/2005,2015,No
406,1020,Amex,Credit,05/2024,YES,1,$12000,01/2020,2020,No
1417,1020,Amex,Credit,02/2020,YES,1,$16900,02/2020,2020,No
1224,1020,Mastercard,Debit,07/2023,YES,1,$26277,02/2010,2010,No
2728,1020,Mastercard,Debit,02/2020,YES,1,$26317,04/2014,2014,No
4062,22,Visa,Credit,01/2022,YES,2,$13600,07/2017,2017,No
1653,436,Mastercard,Debit,08/2024,NO,2,$21540,02/2020,2020,No
1342,1823,Mastercard,Debit,03/2020,YES,1,$37468,02/2014,2014,No
5177,1823,Visa,Debit,04/2021,NO,1,$27864,10/2009,2012,No
3638,1823,Visa,Debit (Prepaid),02/2020,NO,1,$65,06/2018,2018,No
4048,1823,Visa,Debit,03/2020,YES,1,$31842,07/2016,2016,No
3244,1823,Visa,Credit,03/2020,YES,2,$14900,06/2002,2011,No
3201,1823,Visa,Credit,08/2024,YES,2,$12400,05/2018,2018,No
5242,589,Mastercard,Debit,12/2020,YES,2,$14094,10/2011,2018,No
4497,589,Mastercard,Debit,01/2021,YES,1,$8962,09/1999,2011,No
2277,49,Mastercard,Debit,02/2018,YES,1,$15510,03/2011,2011,No
3061,49,Mastercard,Debit,06/2024,YES,1,$20311,05/2010,2012,No
3955,49,Visa,Debit,09/2023,YES,1,$13492,07/2010,2010,No
1654,1350,Mastercard,Debit,02/2022,YES,2,$10015,02/2020,2020,No
4257,1525,Mastercard,Debit (Prepaid),12/2023,YES,1,$77,08/2008,2009,No
1077,1525,Amex,Credit,05/2022,YES,1,$8200,02/2006,2016,No
3853,1525,Mastercard,Debit (Prepaid),10/2019,YES,2,$50,07/2008,2008,No
4726,1525,Mastercard,Debit,09/2010,YES,1,$297,09/2009,2009,No
5493,69,Mastercard,Credit,12/2022,YES,1,$9300,11/2007,2014,No
2062,69,Mastercard,Debit,06/2023,YES,2,$24425,03/2004,2006,No
252,69,Visa,Credit,09/2021,YES,2,$3900,01/2010,2010,No
2514,69,Visa,Debit,04/2020,YES,1,$21098,04/2006,2009,No
5253,69,Visa,Credit,01/2020,YES,1,$10800,10/2011,2013,No
3294,69,Mastercard,Debit,06/2024,YES,2,$6817,06/2005,2016,No
62,234,Visa,Credit,02/2024,YES,1,$12600,01/2004,2011,No
5370,234,Mastercard,Debit (Prepaid),11/2010,NO,1,$42,11/2001,2004,No
5861,234,Mastercard,Credit,12/2009,YES,2,$6400,12/2006,2009,No
4799,234,Visa,Credit,07/2020,YES,1,$9800,09/2010,2011,No
2052,234,Visa,Debit,07/2023,YES,1,$4750,03/2003,2011,No
5178,234,Visa,Debit,08/2021,NO,2,$6532,10/2009,2009,No
2355,608,Mastercard,Debit,11/2022,YES,1,$1044,03/2016,2016,No
2278,608,Mastercard,Debit,09/2018,YES,1,$746,03/2011,2011,No
1655,608,Mastercard,Debit (Prepaid),02/2020,YES,1,$61,02/2020,2020,No
5494,1064,Mastercard,Debit (Prepaid),10/2008,YES,2,$58,11/2007,2015,No
4567,374,Visa,Debit,05/2022,YES,1,$18771,09/2004,2009,No
5100,374,Visa,Debit,01/2023,YES,1,$17108,10/2007,2007,No
1919,374,Visa,Debit,10/2023,YES,1,$12446,02/2020,2020,No
3791,374,Visa,Credit,01/2021,YES,1,$8200,07/2006,2013,No
2569,374,Mastercard,Debit,05/2022,YES,2,$7081,04/2008,2010,No
1358,286,Mastercard,Debit,02/2024,YES,1,$23009,02/2015,2015,No
6092,286,Visa,Debit,11/2017,YES,2,$17973,12/2013,2013,No
4450,286,Mastercard,Debit,10/2023,YES,1,$12254,08/2015,2015,No
4782,286,Mastercard,Debit,08/2022,YES,1,$20799,09/2010,2010,No
2463,1419,Mastercard,Debit,03/2021,YES,2,$27320,04/2004,2008,No
4840,1435,Visa,Debit,09/2023,YES,2,$34818,09/2012,2012,No
2360,1435,Visa,Debit,10/2020,YES,2,$38837,03/2016,2016,No
4294,1435,Mastercard,Credit,03/2024,YES,2,$23500,08/2009,2020,No
1343,1683,Mastercard,Debit,06/2020,YES,1,$13014,02/2014,2014,No
5044,1683,Amex,Credit,05/2023,YES,2,$5500,10/2006,2017,No
4697,1683,Visa,Debit,03/2020,YES,2,$5949,09/2008,2008,No
4698,727,Visa,Credit,11/2023,YES,2,$10700,09/2008,2010,No
3808,727,Mastercard,Debit,04/2022,YES,1,$12451,07/2007,2008,No
1920,727,Visa,Credit,04/2024,YES,2,$6700,02/2020,2020,No
4295,727,Mastercard,Debit,04/2018,YES,1,$19086,08/2009,2011,No
2665,727,Visa,Credit,05/2021,YES,2,$9700,04/2010,2016,No
5896,1150,Mastercard,Credit,09/2008,YES,2,$17200,12/2007,2010,No
4672,1150,Mastercard,Debit,06/2015,YES,2,$29486,09/2008,2008,No
1225,1150,Mastercard,Credit,04/2023,YES,2,$9700,02/2010,2011,No
4856,1150,Mastercard,Debit,07/2022,YES,2,$20111,09/2013,2013,No
2551,1150,Visa,Credit,10/2021,YES,1,$13200,04/2007,2014,No
4484,332,Visa,Debit,07/2020,YES,1,$29728,08/2019,2019,No
5816,332,Mastercard,Credit,10/2024,NO,1,$7900,12/2004,2012,No
1198,332,Visa,Debit,07/2023,YES,2,$12106,02/2009,2009,No
253,332,Visa,Debit,01/2013,YES,1,$7452,01/2010,2018,No
1656,487,Mastercard,Debit,07/2021,YES,1,$28281,02/2020,2020,No
2835,487,Visa,Credit,11/2013,YES,2,$11400,05/2002,2014,No
2024,487,Mastercard,Debit,08/2024,YES,1,$28790,03/2001,2009,No
2007,735,Visa,Credit,03/2010,YES,1,$15700,03/1997,2013,No
5431,735,Mastercard,Debit,09/2023,YES,1,$34075,11/2005,2008,No
4651,735,Visa,Credit,04/2012,YES,2,$18600,09/2007,2008,No
1335,137,Amex,Credit,05/2024,YES,2,$9700,02/2014,2014,No
5442,137,Visa,Debit,09/2022,YES,2,$13352,11/2005,2012,No
6114,137,Visa,Debit,03/2024,YES,1,$28179,12/2015,2015,No
5897,570,Mastercard,Debit,01/2024,YES,1,$19132,12/2007,2014,No
4063,1121,Visa,Debit,10/2019,YES,1,$31535,07/2017,2017,No
1372,1121,Mastercard,Debit,01/2018,YES,1,$51951,02/2017,2017,No
5511,1121,Visa,Credit,09/2020,YES,1,$23400,11/2007,2008,No
5817,1121,Mastercard,Debit,08/2020,YES,2,$4130,12/2004,2015,No
3777,1121,Mastercard,Credit,10/2011,YES,1,$11500,07/2006,2010,No
4920,860,Visa,Credit,09/2020,YES,2,$22100,09/2018,2018,No
5412,860,Mastercard,Debit,11/2010,YES,1,$34722,11/2004,2010,No
3534,860,Visa,Debit,12/2011,YES,1,$21885,06/2011,2011,No
5782,860,Mastercard,Debit,07/2020,YES,2,$39870,12/2002,2003,No
5733,518,Visa,Credit,07/2021,YES,2,$5900,11/2017,2017,No
3429,1203,Mastercard,Debit (Prepaid),03/2023,YES,2,$70,06/2009,2009,No
2302,944,Mastercard,Debit,03/2023,YES,2,$66930,03/2012,2012,No
372,944,Mastercard,Debit,05/2020,YES,2,$72274,01/2018,2018,No
2828,944,Mastercard,Debit,09/2020,YES,2,$130971,05/2002,2010,No
1921,944,Visa,Debit,11/2024,YES,1,$52717,02/2020,2020,No
3500,944,Visa,Credit,12/2021,NO,1,$25500,06/2010,2012,No
5550,944,Visa,Debit,10/2017,YES,2,$42541,11/2008,2012,No
1657,388,Mastercard,Debit,04/2022,NO,1,$5456,02/2020,2020,No
5692,388,Visa,Debit,04/2014,NO,1,$12606,11/2013,2013,No
3975,741,Mastercard,Debit,08/2020,YES,2,$20174,07/2011,2011,No
6007,1737,Mastercard,Debit,01/2023,YES,1,$20090,12/2010,2011,No
1096,1737,Visa,Debit,03/2021,YES,1,$11906,02/2006,2009,No
3618,1737,Mastercard,Debit,01/2022,YES,1,$27888,06/2017,2017,No
5756,1737,Mastercard,Debit,04/2024,YES,1,$24132,12/1998,2008,No
3319,1709,Mastercard,Debit,12/2023,YES,2,$13461,06/2006,2010,No
5478,1018,Amex,Credit,08/2009,NO,1,$9900,11/2007,2009,No
2393,1018,Mastercard,Debit,11/2009,YES,2,$4252,04/1994,2019,No
3022,1018,Visa,Credit,12/2020,YES,2,$9800,05/2009,2011,No
4077,1018,Mastercard,Debit,07/2019,YES,2,$16732,07/2019,2019,No
1922,1018,Visa,Debit,01/2023,YES,1,$13609,02/2020,2020,No
5970,1018,Mastercard,Debit,05/2013,YES,2,$17804,12/2009,2009,No
3911,275,Visa,Credit,05/2023,YES,2,$6200,07/2009,2010,No
63,275,Visa,Debit,04/2023,YES,1,$30891,01/2004,2011,No
2769,275,Mastercard,Debit,01/2024,YES,1,$31873,04/2017,2017,No
3036,275,Amex,Credit,07/2024,YES,2,$15600,05/2010,2019,No
3893,1367,Mastercard,Debit (Prepaid),12/2022,YES,1,$110,07/2009,2012,No
2053,1367,Visa,Debit,05/2024,YES,2,$17405,03/2003,2003,No
865,1367,Visa,Debit (Prepaid),12/2022,YES,2,$58,01/2020,2020,No
4643,1367,Mastercard,Credit,10/2011,YES,1,$9200,09/2007,2007,No
1923,1965,Visa,Credit,02/2020,YES,2,$11200,02/2020,2020,No
4917,284,Mastercard,Debit,12/2018,YES,1,$23206,09/2018,2018,No
4347,284,Visa,Debit,04/2020,YES,2,$35684,08/2010,2012,No
5726,284,Mastercard,Debit (Prepaid),11/2016,NO,1,$76,11/2016,2016,No
86,284,Visa,Debit,07/2023,YES,2,$18270,01/2005,2011,No
2931,79,Mastercard,Debit,12/2020,YES,2,$6588,05/2007,2011,No
2671,79,Amex,Credit,03/2021,YES,2,$12200,04/2011,2011,No
1924,79,Visa,Debit,09/2022,YES,1,$23083,02/2020,2020,No
5569,79,Mastercard,Debit,02/2022,YES,1,$21497,11/2009,2009,No
3320,1515,Mastercard,Debit (Prepaid),02/2021,YES,3,$29,06/2006,2012,No
5199,1515,Mastercard,Debit,07/2022,YES,2,$20165,10/2010,2012,No
5557,1515,Discover,Credit,05/2022,YES,2,$16300,11/2009,2011,No
5558,1515,Discover,Credit,03/2020,YES,1,$11100,11/2009,2010,No
2336,1515,Visa,Credit,08/2023,YES,2,$7700,03/2014,2014,No
3712,1934,Mastercard,Credit,01/2023,YES,2,$6000,07/2004,2010,No
1658,9,Mastercard,Debit,04/2023,YES,1,$2049,02/2020,2020,No
1418,9,Amex,Credit,12/2022,NO,1,$7600,02/2020,2020,No
621,9,Mastercard,Debit,01/2024,YES,1,$14670,01/2020,2020,No
4431,1964,Mastercard,Credit,01/2017,YES,2,$11600,08/2014,2014,No
2752,1964,Visa,Debit,04/2016,YES,1,$14960,04/2015,2015,No
2508,1964,Mastercard,Credit,09/2021,YES,2,$9600,04/2006,2015,No
5898,1964,Mastercard,Debit,10/2020,YES,2,$17367,12/2007,2007,No
3321,982,Mastercard,Debit,04/2013,YES,1,$21358,06/2006,2010,No
3824,982,Visa,Credit,09/2022,YES,1,$16900,07/2007,2010,No
3713,982,Mastercard,Credit,09/2022,YES,2,$8500,07/2004,2009,No
4699,982,Visa,Debit,04/2013,YES,1,$28431,09/2008,2008,No
1148,1676,Mastercard,Debit,07/2020,YES,2,$77,02/2008,2016,No
134,1676,Mastercard,Debit,08/2024,YES,1,$17360,01/2007,2010,No
5158,1676,Mastercard,Debit,09/2021,YES,2,$4055,10/2009,2017,No
1020,1519,Mastercard,Debit,09/2023,YES,2,$14216,02/2003,2010,No
2452,1519,Visa,Debit,12/2023,NO,2,$19037,04/2003,2011,No
4210,1519,Mastercard,Debit,01/2020,YES,1,$16028,08/2007,2011,No
2476,1519,Discover,Credit,08/2010,YES,1,$14200,04/2005,2011,No
4626,1098,Visa,Debit,07/2023,YES,1,$12640,09/2006,2009,No
2253,1098,Mastercard,Debit,02/2020,YES,2,$16868,03/2010,2010,No
1320,1098,Mastercard,Debit,11/2022,YES,1,$11121,02/2013,2013,No
5179,1098,Visa,Credit,10/2020,YES,1,$10000,10/2009,2010,No
2424,554,Visa,Debit (Prepaid),07/2020,YES,2,$56,04/2001,2011,No
2308,554,Visa,Debit,01/2021,YES,2,$27376,03/2012,2012,No
6070,554,Mastercard,Debit,07/2019,YES,2,$32676,12/2012,2012,No
3912,554,Visa,Debit,04/2021,NO,1,$25658,07/2009,2009,No
4275,554,Visa,Credit,05/2018,NO,2,$22800,08/2008,2011,No
1659,596,Mastercard,Credit,06/2023,YES,2,$10700,02/2020,2020,No
2753,596,Visa,Credit,02/2021,YES,2,$5100,04/2015,2015,No
1925,596,Visa,Credit,01/2022,NO,1,$7200,02/2020,2020,No
5985,170,Visa,Debit,03/2020,YES,1,$16740,12/2009,2011,No
866,170,Visa,Debit,02/2020,YES,1,$13841,01/2020,2020,No
4841,170,Visa,Debit,12/2022,YES,1,$15638,09/2012,2012,No
3340,170,Amex,Credit,05/2022,YES,1,$11400,06/2007,2007,No
1344,794,Mastercard,Debit,09/2022,YES,1,$12501,02/2014,2014,No
4432,794,Mastercard,Debit (Prepaid),01/2023,YES,1,$71,08/2014,2014,No
3430,794,Mastercard,Debit,01/2011,YES,2,$11164,06/2009,2010,No
4306,1697,Visa,Debit,09/2021,YES,2,$8365,08/2009,2009,No
3023,1697,Visa,Debit,12/2021,YES,2,$17104,05/2009,2010,No
1101,1697,Amex,Credit,12/2013,YES,1,$2100,02/2007,2009,No
73,1697,Mastercard,Debit,04/2006,YES,1,$13634,01/2005,2011,No
2746,1697,Mastercard,Debit (Prepaid),09/2020,YES,1,$63,04/2015,2015,No
3295,1697,Mastercard,Debit,01/2023,YES,2,$18721,06/2005,2009,No
3268,573,Amex,Credit,09/2023,YES,2,$3400,06/2004,2008,No
1660,1715,Mastercard,Debit,11/2021,NO,1,$6824,02/2020,2020,No
1926,1607,Visa,Credit,10/2022,YES,1,$20700,02/2020,2020,No
2891,1026,Visa,Credit,05/2018,NO,1,$6200,05/2005,2013,No
983,1026,Visa,Debit (Prepaid),04/2021,YES,2,$31,02/2000,2014,No
5398,1026,Visa,Credit,08/2021,YES,1,$1000,11/2003,2009,No
2870,1026,Visa,Debit (Prepaid),10/2023,YES,2,$77,05/2004,2007,No
622,1892,Mastercard,Debit (Prepaid),06/2023,YES,2,$31,01/2020,2020,No
867,1892,Visa,Debit,06/2020,YES,1,$318,01/2020,2020,No
1927,402,Visa,Debit,04/2023,NO,1,$20709,02/2020,2020,No
2536,402,Mastercard,Debit,10/2022,YES,2,$20230,04/2007,2010,No
2698,402,Mastercard,Debit,10/2023,YES,2,$14749,04/2012,2012,No
970,1628,Mastercard,Debit,09/2022,YES,3,$9171,02/1999,2005,No
6082,1628,Amex,Credit,05/2018,YES,2,$17400,12/2013,2013,No
3349,553,Mastercard,Debit,10/2023,NO,2,$14475,06/2007,2009,No
1114,1551,Mastercard,Debit,12/2020,YES,2,$15967,02/2007,2009,No
2389,1551,Visa,Debit,08/2024,YES,1,$12250,03/2019,2019,No
5590,1551,Visa,Debit (Prepaid),04/2024,YES,2,$63,11/2009,2009,No
2537,1551,Mastercard,Debit (Prepaid),08/2023,YES,2,$66,04/2007,2010,No
2988,1551,Visa,Credit,09/2022,YES,1,$8500,05/2008,2014,No
4001,1672,Mastercard,Debit (Prepaid),01/2024,NO,1,$65,07/2012,2012,No
1451,1672,Discover,Credit,02/2020,YES,2,$16100,02/2020,2020,No
623,1672,Mastercard,Debit,12/2020,YES,1,$3313,01/2020,2020,No
868,426,Visa,Credit,01/2020,YES,1,$10400,01/2020,2020,No
1661,426,Mastercard,Debit,06/2021,NO,2,$2117,02/2020,2020,No
869,426,Visa,Debit,02/2020,YES,1,$11265,01/2020,2020,No
624,426,Mastercard,Debit,02/2021,YES,3,$5618,01/2020,2020,No
5184,1135,Amex,Credit,06/2022,YES,2,$20800,10/2010,2013,No
1419,1135,Amex,Credit,11/2020,YES,3,$11700,02/2020,2020,No
870,1135,Visa,Debit,06/2022,YES,1,$33028,01/2020,2020,No
6093,1135,Visa,Debit,04/2024,YES,1,$19830,12/2013,2013,No
4037,1135,Mastercard,Debit,02/2019,YES,1,$22482,07/2015,2015,No
4977,1135,Visa,Credit,08/2023,YES,1,$22400,10/2002,2010,No
3081,1135,Visa,Debit (Prepaid),10/2024,YES,1,$62,05/2010,2012,No
3809,1420,Mastercard,Debit,01/2008,YES,2,$27723,07/2007,2010,No
4258,1420,Mastercard,Credit,03/2023,NO,1,$31800,08/2008,2012,No
1180,1420,Mastercard,Debit,03/2018,YES,1,$16028,02/2009,2009,No
3676,1420,Mastercard,Debit,01/2021,YES,2,$25411,07/2002,2013,No
337,1589,Visa,Debit,10/2023,NO,1,$11912,01/2014,2014,No
4913,1589,Mastercard,Debit,12/2024,YES,2,$13064,09/2017,2017,No
5306,1589,Mastercard,Debit,10/2016,YES,2,$8912,10/2015,2015,No
1149,1002,Mastercard,Debit,01/2020,YES,2,$15962,02/2008,2013,No
1069,1411,Visa,Credit,11/2020,YES,1,$18200,02/2005,2014,No
3778,1411,Mastercard,Debit,08/2016,YES,2,$3450,07/2006,2014,No
4700,1411,Visa,Debit,05/2021,YES,1,$3450,09/2008,2016,No
5761,1411,Mastercard,Debit,11/2023,YES,1,$39598,12/1999,2006,No
1368,1654,Mastercard,Debit,01/2022,YES,1,$36502,02/2016,2016,No
2915,1654,Visa,Credit,10/2023,YES,1,$14900,05/2006,2014,No
5257,1654,Mastercard,Credit,09/2020,YES,1,$11800,10/2012,2012,No
1200,1654,Amex,Credit,06/2024,YES,1,$14000,02/2010,2012,No
4276,1654,Visa,Credit,05/2022,YES,2,$16000,08/2008,2009,No
2189,1330,Mastercard,Debit,10/2022,YES,2,$32557,03/2008,2008,No
6045,1330,Mastercard,Debit,02/2021,NO,1,$21820,12/2011,2011,No
4579,1330,Mastercard,Debit,06/2024,YES,2,$14448,09/2005,2011,No
5123,790,Mastercard,Debit,08/2022,YES,2,$19038,10/2008,2010,No
3350,790,Mastercard,Debit,03/2012,YES,1,$23632,06/2007,2009,No
3275,552,Mastercard,Debit,12/2022,YES,2,$18627,06/2004,2010,No
3641,139,Mastercard,Debit (Prepaid),08/2021,YES,1,$86,06/2019,2019,No
5705,139,Visa,Debit,12/2014,YES,1,$18944,11/2014,2014,No
87,139,Visa,Debit,08/2022,YES,1,$20962,01/2005,2011,No
3276,139,Mastercard,Debit (Prepaid),02/2016,YES,1,$86,06/2004,2006,No
6104,1280,Amex,Credit,10/2021,NO,2,$6000,12/2015,2015,No
3604,883,Amex,Credit,02/2020,YES,1,$12500,06/2016,2016,No
5302,359,Amex,Credit,04/2020,YES,1,$17200,10/2015,2015,No
2331,359,Mastercard,Debit,01/2015,YES,1,$31163,03/2014,2014,No
3567,359,Mastercard,Debit (Prepaid),05/2024,YES,1,$59,06/2013,2013,No
2489,359,Mastercard,Credit,06/2024,NO,1,$13500,04/2005,2009,No
3024,1921,Visa,Credit,05/2022,YES,2,$8900,05/2009,2010,No
3810,1921,Mastercard,Credit,12/2024,YES,1,$2900,07/2007,2012,No
1181,1921,Mastercard,Debit (Prepaid),04/2020,YES,2,$89,02/2009,2009,No
5137,651,Visa,Credit,09/2023,YES,2,$5200,10/2008,2009,No
5570,557,Mastercard,Debit,04/2022,YES,2,$6090,11/2009,2011,No
338,1071,Visa,Debit,11/2020,YES,1,$31072,01/2014,2014,No
1420,1071,Amex,Credit,06/2023,YES,2,$11200,02/2020,2020,No
1662,1071,Mastercard,Debit (Prepaid),02/2020,YES,1,$38,02/2020,2020,No
74,1175,Mastercard,Debit,11/2010,YES,2,$10670,01/2005,2009,No
5067,1175,Visa,Credit,02/2024,YES,2,$5900,10/2006,2014,No
4904,1175,Amex,Credit,09/2017,YES,2,$7600,09/2017,2017,No
5341,1175,Mastercard,Debit (Prepaid),05/2022,YES,1,$95,10/2019,2019,No
2132,1175,Visa,Credit,04/2023,NO,1,$5100,03/2006,2006,No
4627,1175,Visa,Debit,12/2020,YES,1,$1753,09/2006,2012,No
116,1175,Visa,Debit,03/2024,YES,2,$8427,01/2006,2014,No
5914,1936,Visa,Debit,09/2014,YES,1,$27006,12/2007,2007,No
3006,1936,Mastercard,Debit,08/2023,YES,1,$34348,05/2009,2010,No
5531,1936,Mastercard,Debit,12/2008,YES,1,$25659,11/2008,2011,No
2264,1936,Visa,Credit,08/2020,YES,2,$14500,03/2010,2010,No
5551,1936,Visa,Credit,09/2024,YES,1,$16400,11/2008,2008,No
3825,182,Visa,Debit,09/2020,YES,2,$9418,07/2007,2007,No
980,182,Mastercard,Debit,07/2000,YES,1,$20677,02/2000,2011,No
5532,468,Mastercard,Debit,08/2021,YES,1,$21900,11/2008,2011,No
4705,468,Amex,Credit,08/2024,NO,2,$13100,09/2009,2009,No
3450,1651,Visa,Credit,06/2022,YES,2,$25400,06/2009,2012,No
4181,1651,Mastercard,Debit,02/2011,YES,2,$21177,08/2006,2007,No
1663,1714,Mastercard,Credit,06/2022,YES,1,$20700,02/2020,2020,No
1421,1714,Amex,Credit,04/2024,YES,2,$12600,02/2020,2020,No
5533,1839,Mastercard,Debit,12/2008,NO,2,$15122,11/2008,2010,No
339,1585,Visa,Debit,08/2023,NO,1,$14708,01/2014,2014,No
2721,1585,Visa,Debit,03/2022,YES,2,$19197,04/2013,2013,No
6103,1585,Mastercard,Debit,04/2022,YES,1,$14830,12/2014,2014,No
4498,1245,Mastercard,Debit,10/2021,YES,1,$6631,09/1999,2012,No
6008,1245,Mastercard,Debit,08/2024,YES,1,$13910,12/2010,2016,No
4873,1245,Mastercard,Credit,05/2024,YES,2,$6900,09/2014,2014,No
5347,1245,Mastercard,Debit,10/2020,YES,1,$19955,11/1994,2007,No
5675,1245,Mastercard,Debit (Prepaid),08/2024,YES,2,$66,11/2012,2012,No
3451,1245,Visa,Credit,04/2024,YES,1,$9900,06/2009,2009,No
4759,732,Discover,Credit,01/2012,YES,1,$9200,09/2010,2010,No
5200,732,Mastercard,Debit,05/2022,YES,1,$9420,10/2010,2012,No
1115,732,Mastercard,Debit (Prepaid),05/2021,NO,2,$49,02/2007,2011,No
5948,732,Visa,Debit,04/2020,YES,2,$18535,12/2008,2008,No
5220,732,Visa,Debit,09/2023,YES,1,$10104,10/2010,2015,No
46,732,Visa,Debit (Prepaid),11/2022,YES,2,$63,01/2003,2010,No
625,342,Mastercard,Debit,09/2022,YES,1,$61407,01/2020,2020,No
2303,476,Mastercard,Credit,12/2014,YES,3,$10100,03/2012,2012,No
1070,476,Visa,Debit,06/2024,YES,2,$31535,02/2005,2009,No
5684,476,Mastercard,Debit,08/2015,YES,1,$21282,11/2013,2013,No
2666,164,Visa,Credit,03/2022,YES,1,$5100,04/2010,2011,No
3210,164,Mastercard,Debit,02/2020,YES,1,$14103,06/1999,2008,No
3748,164,Visa,Debit,07/2022,YES,2,$21847,07/2005,2011,No
5272,164,Mastercard,Debit,09/2020,YES,1,$28425,10/2013,2013,No
871,539,Visa,Debit,02/2020,YES,1,$4087,01/2020,2020,No
3648,40,Amex,Credit,09/2023,YES,2,$8200,07/1998,2011,No
2437,40,Visa,Debit,09/2021,YES,2,$1462,04/2002,2013,No
1289,40,Visa,Debit (Prepaid),07/2021,YES,2,$58,02/2011,2011,No
2011,40,Mastercard,Debit,03/2011,YES,2,$142,03/1999,2014,No
4400,1,Visa,Debit,01/2017,YES,1,$18105,08/2012,2012,No
3682,1,Visa,Credit,04/2014,YES,1,$10900,07/2002,2013,No
4652,1,Visa,Credit,12/2021,NO,1,$12800,09/2007,2011,No
288,272,Visa,Debit,03/2020,YES,1,$2670,01/2011,2011,No
3120,272,Mastercard,Credit,10/2018,YES,2,$14700,05/2012,2012,No
626,272,Mastercard,Debit (Prepaid),07/2023,YES,1,$100,01/2020,2020,No
627,521,Mastercard,Debit,12/2021,YES,2,$1680,01/2020,2020,No
4890,988,Visa,Debit,08/2016,YES,1,$18579,09/2015,2015,No
3935,988,Mastercard,Credit,09/2021,YES,1,$13200,07/2010,2010,No
1422,988,Amex,Credit,04/2023,YES,2,$1900,02/2020,2020,No
4384,988,Visa,Credit,07/2024,YES,2,$17100,08/2011,2011,No
3158,660,Visa,Debit,10/2015,NO,1,$16820,05/2014,2014,No
5185,660,Amex,Credit,02/2022,YES,1,$12000,10/2010,2014,No
2343,1381,Mastercard,Debit,10/2018,YES,1,$21357,03/2015,2015,No
3738,1381,Mastercard,Debit,11/2022,YES,1,$22964,07/2005,2011,No
628,1381,Mastercard,Debit,12/2024,YES,1,$16769,01/2020,2020,No
5635,1381,Visa,Credit,06/2016,YES,1,$10100,11/2010,2010,No
2722,184,Visa,Debit,12/2024,YES,1,$20773,04/2013,2013,No
2475,184,Amex,Credit,01/2022,YES,1,$15300,04/2005,2012,No
3936,184,Mastercard,Debit,01/2023,YES,2,$11160,07/2010,2010,No
3211,184,Mastercard,Debit (Prepaid),12/2022,YES,2,$110,06/1999,2017,No
4800,184,Visa,Debit,06/2024,YES,2,$8766,09/2010,2020,No
4935,184,Mastercard,Debit (Prepaid),01/2021,YES,2,$95,10/1998,2012,No
4701,1183,Visa,Credit,11/2020,YES,2,$9100,09/2008,2015,No
4727,1183,Mastercard,Debit,10/2010,YES,2,$15441,09/2009,2009,No
2858,1183,Mastercard,Debit,04/2019,YES,2,$12021,05/2004,2014,No
4211,1183,Mastercard,Debit,05/2023,YES,1,$8887,08/2007,2014,No
2279,905,Mastercard,Debit (Prepaid),05/2023,YES,1,$77,03/2011,2011,No
5053,905,Mastercard,Credit,07/2024,YES,1,$22500,10/2006,2008,No
5087,905,Mastercard,Debit,02/2010,YES,1,$19600,10/2007,2015,No
4329,905,Mastercard,Debit,09/2020,YES,2,$40019,08/2010,2017,No
53,905,Mastercard,Debit,12/2023,NO,2,$64321,01/2004,2007,No
3587,419,Visa,Debit,03/2020,YES,1,$16731,06/2014,2014,No
3854,419,Mastercard,Credit,06/2022,YES,2,$8800,07/2008,2008,No
3792,419,Visa,Debit,07/2019,YES,1,$12764,07/2006,2009,No
4111,419,Visa,Debit,02/2022,NO,1,$7943,08/2002,2005,No
3284,419,Visa,Debit,01/2007,YES,2,$18089,06/2004,2009,No
433,239,Discover,Credit,01/2020,YES,1,$13800,01/2020,2020,No
872,239,Visa,Debit,02/2020,YES,2,$20134,01/2020,2020,No
629,239,Mastercard,Debit (Prepaid),03/2021,YES,2,$55,01/2020,2020,No
630,239,Mastercard,Debit,02/2020,YES,2,$9279,01/2020,2020,No
1664,239,Mastercard,Debit,08/2021,NO,2,$21449,02/2020,2020,No
5230,1241,Discover,Credit,12/2011,YES,1,$16500,10/2011,2011,No
3501,1241,Visa,Debit,03/2023,YES,2,$9335,06/2010,2010,No
3724,1241,Visa,Debit,04/2023,YES,2,$14079,07/2004,2015,No
1928,383,Visa,Debit,02/2020,YES,1,$10367,02/2020,2020,No
3686,383,Amex,Credit,05/2024,YES,1,$8200,07/2003,2012,No
1092,383,Mastercard,Debit,06/2020,YES,2,$13350,02/2006,2011,No
985,1816,Amex,Credit,11/2020,YES,1,$10200,02/2001,2011,No
182,1816,Visa,Debit,04/2015,YES,1,$22648,01/2008,2015,No
275,1501,Mastercard,Debit,03/2020,NO,1,$17717,01/2011,2011,No
3683,1501,Visa,Credit,02/2014,YES,1,$8300,07/2002,2013,No
3872,1501,Visa,Debit,01/2009,YES,2,$25719,07/2008,2010,No
3855,497,Mastercard,Credit,09/2022,YES,1,$13200,07/2008,2017,No
3198,497,Visa,Credit,03/2019,YES,2,$12500,05/2017,2017,No
3879,497,Amex,Credit,10/2019,YES,1,$15400,07/2009,2017,No
1452,497,Discover,Credit,02/2020,YES,2,$13900,02/2020,2020,No
2829,497,Mastercard,Debit,03/2020,YES,1,$16681,05/2002,2011,No
3452,497,Visa,Credit,07/2024,YES,1,$11800,06/2009,2012,No
873,893,Visa,Debit (Prepaid),09/2021,YES,1,$57,01/2020,2020,No
1665,893,Mastercard,Debit,04/2021,YES,2,$10573,02/2020,2020,No
1929,893,Visa,Debit,04/2022,YES,1,$17499,02/2020,2020,No
5862,44,Mastercard,Debit,09/2020,YES,1,$20015,12/2006,2006,No
2932,44,Mastercard,Debit,10/2020,YES,2,$9707,05/2007,2009,No
5748,44,Mastercard,Credit,05/2022,YES,2,$3400,12/1992,2007,No
4401,661,Amex,Credit,07/2023,YES,1,$5300,08/2013,2013,No
5710,661,Mastercard,Debit,03/2018,YES,2,$22789,11/2015,2015,No
1345,661,Mastercard,Debit,03/2024,YES,2,$13193,02/2014,2014,No
3731,939,Discover,Credit,09/2023,YES,1,$1700,07/2005,2010,No
2028,939,Visa,Credit,12/2017,YES,1,$9000,03/2001,2009,No
276,947,Mastercard,Debit (Prepaid),07/2020,YES,2,$79,01/2011,2011,No
5534,947,Mastercard,Debit (Prepaid),01/2019,YES,1,$87,11/2008,2008,No
2620,947,Visa,Debit,11/2017,YES,2,$11254,04/2009,2009,No
2552,947,Visa,Debit,03/2023,NO,1,$11344,04/2007,2007,No
75,1749,Mastercard,Debit (Prepaid),02/2020,NO,1,$50,01/2005,2013,No
229,1749,Mastercard,Debit,06/2019,YES,2,$1213,01/2010,2010,No
3551,385,Mastercard,Debit,08/2023,NO,1,$29219,06/2012,2012,No
1321,385,Mastercard,Debit,03/2020,YES,1,$17907,02/2013,2013,No
2289,385,Visa,Debit,10/2023,YES,2,$24298,03/2011,2011,No
5124,385,Mastercard,Credit,07/2023,YES,1,$11700,10/2008,2011,No
973,385,Visa,Debit,07/2003,YES,2,$16227,02/1999,2015,No
2871,385,Visa,Debit,12/2021,YES,2,$7495,05/2004,2005,No
1290,385,Visa,Debit,03/2020,YES,2,$2210,02/2011,2014,No
874,67,Visa,Credit,06/2022,YES,2,$17300,01/2020,2020,No
1666,67,Mastercard,Debit,08/2021,YES,2,$3334,02/2020,2020,No
1226,1298,Mastercard,Debit,02/2024,NO,2,$10040,02/2010,2010,No
5221,1298,Visa,Credit,06/2024,YES,2,$8500,10/2010,2018,No
2386,913,Mastercard,Debit,09/2020,YES,1,$11646,03/2019,2019,No
3110,913,Visa,Credit,03/2020,YES,1,$6900,05/2011,2011,No
5899,913,Mastercard,Debit,10/2014,YES,2,$8230,12/2007,2014,No
2933,1634,Mastercard,Credit,11/2023,YES,1,$4400,05/2007,2014,No
2464,1634,Mastercard,Debit,07/2020,YES,2,$8638,04/2004,2014,No
2245,1634,Discover,Credit,09/2020,YES,2,$4700,03/2010,2011,No
4743,1634,Visa,Credit,01/2024,YES,2,$4100,09/2009,2009,No
1071,804,Visa,Credit,11/2020,YES,1,$8900,02/2005,2010,No
5986,804,Visa,Debit,04/2017,YES,1,$3905,12/2009,2010,No
17,804,Visa,Debit,07/2022,YES,2,$18744,01/2000,2010,No
213,804,Visa,Credit,08/2012,NO,2,$5400,01/2009,2011,No
2553,804,Visa,Debit,11/2011,NO,1,$14507,04/2007,2010,No
3602,1703,Visa,Credit,02/2020,YES,2,$8700,06/2015,2015,No
2969,1703,Mastercard,Credit,06/2022,YES,2,$10600,05/2008,2019,No
6078,1741,Visa,Debit,10/2023,YES,1,$11510,12/2012,2012,No
5571,1741,Mastercard,Debit,06/2013,YES,1,$15765,11/2009,2009,No
3025,1741,Visa,Debit (Prepaid),02/2023,YES,1,$56,05/2009,2010,No
1097,1741,Visa,Credit,12/2021,YES,1,$7300,02/2006,2013,No
1360,1741,Visa,Credit,12/2022,YES,2,$8500,02/2015,2015,No
3037,1741,Amex,Credit,08/2014,YES,1,$7500,05/2010,2011,No
2595,1741,Amex,Credit,04/2022,YES,2,$5900,04/2009,2009,No
2235,1741,Visa,Credit,11/2021,YES,1,$13600,03/2009,2013,No
5465,1741,Mastercard,Credit,01/2024,YES,2,$10700,11/2006,2010,No
4504,766,Mastercard,Debit,04/2023,NO,1,$6424,09/2000,2012,No
4499,766,Visa,Debit,08/2020,YES,2,$14248,09/1999,2010,No
2356,766,Mastercard,Credit,06/2016,YES,2,$5400,03/2016,2016,No
3811,472,Mastercard,Debit,11/2023,YES,2,$13448,07/2007,2011,No
3007,472,Mastercard,Debit (Prepaid),01/2020,YES,2,$44,05/2009,2013,No
3826,472,Visa,Credit,02/2020,YES,2,$11300,07/2007,2007,No
4307,472,Visa,Debit,11/2012,YES,1,$30622,08/2009,2009,No
2970,366,Mastercard,Debit,08/2009,YES,2,$12241,05/2008,2008,No
5258,366,Mastercard,Credit,08/2018,YES,2,$6200,10/2012,2012,No
986,366,Discover,Credit,08/2023,YES,1,$9500,02/2001,2014,No
4812,366,Mastercard,Debit,06/2012,YES,2,$23042,09/2011,2013,No
2934,366,Mastercard,Debit,02/2021,YES,2,$19019,05/2007,2011,No
5846,366,Visa,Credit,11/2020,NO,2,$2200,12/2005,2008,No
1072,366,Visa,Credit,10/2021,YES,1,$13700,02/2005,2012,No
875,1205,Visa,Credit,03/2023,NO,2,$13500,01/2020,2020,No
631,1205,Mastercard,Credit,03/2021,YES,2,$7800,01/2020,2020,No
1423,1205,Amex,Credit,06/2024,YES,1,$13300,02/2020,2020,No
1667,1205,Mastercard,Debit,09/2020,YES,1,$24665,02/2020,2020,No
1668,1205,Mastercard,Debit,04/2023,YES,2,$28648,02/2020,2020,No
1078,1705,Discover,Credit,06/2024,YES,1,$7000,02/2006,2019,No
4628,1705,Visa,Debit,12/2010,YES,1,$1324,09/2006,2013,No
6009,1705,Mastercard,Debit,11/2017,YES,2,$8950,12/2010,2018,No
876,626,Visa,Debit,01/2020,YES,2,$43186,01/2020,2020,No
1669,626,Mastercard,Debit,12/2022,YES,1,$56434,02/2020,2020,No
3753,1638,Discover,Credit,10/2020,NO,2,$10000,07/2006,2008,No
4956,1638,Mastercard,Credit,07/2024,YES,1,$21300,10/2001,2015,No
4296,1638,Mastercard,Debit,10/2021,YES,1,$18281,08/2009,2009,No
4728,1638,Mastercard,Debit,05/2020,YES,2,$13297,09/2009,2011,No
3856,1638,Mastercard,Debit,10/2024,YES,2,$3485,07/2008,2011,No
5572,1953,Mastercard,Debit (Prepaid),04/2020,YES,2,$54,11/2009,2009,No
1424,1953,Amex,Credit,11/2020,YES,2,$9900,02/2020,2020,No
1670,1953,Mastercard,Debit,07/2020,YES,1,$8257,02/2020,2020,No
5937,1771,Mastercard,Debit,07/2023,YES,1,$29078,12/2008,2009,No
2607,1771,Mastercard,Debit (Prepaid),04/2024,YES,2,$59,04/2009,2009,No
3098,1771,Mastercard,Debit,03/2022,YES,1,$27534,05/2011,2011,No
5847,931,Visa,Debit,05/2022,YES,2,$21652,12/2005,2012,No
2699,1190,Mastercard,Debit,07/2020,YES,2,$19919,04/2012,2012,No
5358,1190,Mastercard,Debit,11/2022,YES,2,$24272,11/1999,2011,No
1671,1190,Mastercard,Debit,08/2024,NO,1,$23805,02/2020,2020,No
1201,1190,Amex,Credit,07/2012,YES,2,$13800,02/2010,2010,No
5771,1190,Mastercard,Debit (Prepaid),10/2020,NO,2,$27,12/2001,2017,No
4508,1190,Visa,Debit,07/2022,YES,2,$4653,09/2000,2007,No
632,1190,Mastercard,Credit,02/2020,YES,2,$9900,01/2020,2020,No
1227,371,Mastercard,Debit (Prepaid),07/2024,YES,2,$34,02/2010,2011,No
5495,371,Mastercard,Debit,01/2016,YES,2,$11861,11/2007,2013,No
3453,371,Visa,Debit,02/2022,YES,2,$27382,06/2009,2014,No
3134,371,Mastercard,Credit,12/2018,YES,2,$27600,05/2013,2013,No
2989,1404,Visa,Debit,02/2020,YES,2,$4906,05/2008,2008,No
4555,1404,Mastercard,Debit,05/2020,YES,2,$1993,09/2004,2014,No
1425,1970,Amex,Credit,02/2020,YES,1,$14800,02/2020,2020,No
1672,1970,Mastercard,Debit,03/2023,YES,2,$2593,02/2020,2020,No
2411,1364,Visa,Credit,09/2021,YES,2,$0,04/2000,2011,No
54,1364,Mastercard,Debit,07/2016,YES,2,$0,01/2004,2008,No
3812,327,Mastercard,Credit,05/2009,YES,1,$14900,07/2007,2008,No
4170,327,Visa,Debit,03/2022,YES,2,$15720,08/2005,2011,No
3062,327,Mastercard,Debit,07/2020,YES,2,$9165,05/2010,2010,No
3063,327,Mastercard,Debit,06/2021,YES,2,$13322,05/2010,2010,No
5512,327,Visa,Debit,07/2023,YES,2,$11528,11/2007,2013,No
407,1337,Amex,Credit,12/2022,YES,1,$9600,01/2020,2020,No
1673,1337,Mastercard,Debit,02/2020,YES,2,$13573,02/2020,2020,No
877,594,Visa,Debit,05/2022,YES,1,$11608,01/2020,2020,No
1674,594,Mastercard,Debit,10/2024,YES,1,$23699,02/2020,2020,No
633,594,Mastercard,Credit,09/2022,YES,1,$7700,01/2020,2020,No
3894,594,Mastercard,Debit,01/2019,NO,2,$6754,07/2009,2010,No
1930,594,Visa,Credit,02/2021,YES,1,$3500,02/2020,2020,No
1931,594,Visa,Debit,03/2020,YES,1,$14793,02/2020,2020,No
4366,1704,Mastercard,Debit,11/2024,YES,2,$44885,08/2011,2020,No
4729,1500,Mastercard,Credit,12/2020,YES,2,$14000,09/2009,2011,No
5034,1500,Visa,Debit,02/2018,YES,2,$18494,10/2005,2007,No
5180,1500,Visa,Credit,03/2024,YES,2,$14700,10/2009,2011,No
3166,1500,Mastercard,Debit (Prepaid),05/2020,YES,1,$69,05/2015,2015,No
634,923,Mastercard,Debit,02/2020,YES,1,$22234,01/2020,2020,No
878,923,Visa,Credit,02/2023,YES,1,$3600,01/2020,2020,No
289,1788,Visa,Debit,03/2023,YES,2,$26255,01/2011,2011,No
2538,1788,Mastercard,Debit,03/2020,YES,2,$5500,04/2007,2013,No
5751,1788,Visa,Debit,12/1997,YES,1,$12323,12/1996,2011,No
2700,1788,Mastercard,Credit,01/2024,YES,2,$7100,04/2012,2012,No
4277,129,Visa,Debit (Prepaid),09/2010,YES,2,$37,08/2008,2009,No
2190,1756,Mastercard,Credit,01/2024,YES,1,$19100,03/2008,2009,No
4259,1756,Mastercard,Credit,01/2021,YES,2,$11600,08/2008,2012,No
6060,197,Visa,Debit,06/2014,YES,2,$8144,12/2011,2012,No
1932,197,Visa,Debit (Prepaid),06/2024,YES,2,$53,02/2020,2020,No
1933,197,Visa,Credit,02/2020,YES,2,$8000,02/2020,2020,No
2357,197,Mastercard,Debit,12/2024,YES,1,$11919,03/2016,2016,No
1302,197,Mastercard,Debit,01/2022,YES,1,$17889,02/2012,2012,No
5853,219,Discover,Credit,10/2022,YES,2,$6300,12/2006,2006,No
4994,219,Visa,Credit,06/2021,YES,2,$7900,10/2003,2006,No
4609,219,Mastercard,Debit,06/2020,YES,2,$7995,09/2006,2006,No
2431,1820,Mastercard,Credit,01/2022,YES,1,$7900,04/2002,2013,No
2339,1820,Amex,Credit,10/2022,YES,1,$5900,03/2015,2015,No
3937,1820,Mastercard,Debit,01/2020,YES,1,$18200,07/2010,2010,No
5201,1820,Mastercard,Debit,01/2022,YES,1,$16502,10/2010,2010,No
3535,1820,Visa,Debit,04/2023,YES,1,$16726,06/2011,2011,No
879,405,Visa,Debit,09/2024,YES,2,$4140,01/2020,2020,No
4171,726,Amex,Credit,10/2014,YES,1,$9000,08/2006,2016,No
3391,726,Mastercard,Debit,12/2022,YES,1,$12868,06/2008,2011,No
3431,726,Mastercard,Debit,02/2020,YES,1,$27773,06/2009,2012,No
5535,20,Mastercard,Credit,01/2014,YES,1,$16400,11/2008,2008,No
376,20,Visa,Credit,02/2022,YES,1,$13000,01/2018,2018,No
1291,20,Visa,Debit,09/2022,YES,1,$16465,02/2011,2011,No
5011,20,Mastercard,Credit,03/2021,YES,2,$9000,10/2004,2011,No
3895,20,Mastercard,Debit,10/2024,YES,2,$14961,07/2009,2015,No
4995,20,Visa,Debit,08/2023,YES,1,$19791,10/2003,2014,No
3857,20,Mastercard,Debit,07/2016,YES,1,$15771,07/2008,2016,No
1228,20,Mastercard,Debit,04/2024,YES,1,$7702,02/2010,2010,No
2063,216,Mastercard,Debit,02/2024,YES,1,$18729,03/2004,2011,No
4367,216,Mastercard,Debit (Prepaid),10/2023,NO,1,$80,08/2011,2011,No
3404,216,Visa,Debit (Prepaid),03/2024,YES,1,$86,06/2008,2010,No
4260,293,Mastercard,Debit,06/2020,NO,2,$20138,08/2008,2011,No
1675,293,Mastercard,Debit,02/2020,NO,1,$21335,02/2020,2020,No
1676,293,Mastercard,Credit,03/2022,YES,1,$9300,02/2020,2020,No
1677,293,Mastercard,Credit,02/2020,YES,1,$12600,02/2020,2020,No
635,293,Mastercard,Debit,06/2023,YES,1,$12899,01/2020,2020,No
1678,1868,Mastercard,Credit,02/2020,YES,2,$13500,02/2020,2020,No
880,1868,Visa,Debit,09/2024,YES,1,$17432,01/2020,2020,No
4744,1996,Visa,Credit,12/2012,NO,2,$9700,09/2009,2017,No
4212,1996,Mastercard,Debit,12/2024,YES,2,$13016,08/2007,2015,No
2008,1996,Visa,Debit,09/2004,YES,2,$24459,03/1997,2009,No
3237,1171,Mastercard,Debit (Prepaid),06/2023,YES,2,$87,06/2002,2007,No
4213,1171,Mastercard,Credit,07/2023,YES,2,$13500,08/2007,2007,No
5354,1171,Visa,Debit (Prepaid),02/2023,YES,2,$89,11/1997,2003,No
4530,1171,Discover,Credit,11/2021,YES,2,$8300,09/2003,2011,No
5614,1171,Mastercard,Debit,01/2021,YES,1,$24481,11/2010,2010,No
5536,1154,Mastercard,Debit,01/2017,NO,1,$2808,11/2008,2013,No
3536,1154,Visa,Debit,11/2014,YES,2,$24835,06/2011,2011,No
4996,1154,Visa,Debit,12/2004,YES,1,$12078,10/2003,2018,No
2064,1154,Mastercard,Debit,05/2022,YES,1,$6257,03/2004,2014,No
3245,819,Visa,Credit,02/2023,YES,1,$8400,06/2002,2010,No
4424,819,Discover,Credit,08/2020,YES,2,$9900,08/2014,2014,No
1322,819,Mastercard,Debit,12/2022,YES,1,$11818,02/2013,2013,No
5303,1554,Discover,Credit,05/2022,YES,2,$11300,10/2015,2015,No
3813,1079,Mastercard,Debit,11/2024,YES,1,$8833,07/2007,2016,No
5826,1079,Amex,Credit,10/2022,YES,1,$13400,12/2005,2010,No
2842,1079,Mastercard,Debit,02/2024,YES,1,$30753,05/2003,2008,No
1679,681,Mastercard,Debit,04/2021,YES,2,$735,02/2020,2020,No
2147,240,Mastercard,Debit,02/2020,YES,1,$17667,03/2007,2011,No
1680,240,Mastercard,Debit,02/2020,YES,1,$14665,02/2020,2020,No
4348,240,Visa,Debit,05/2015,YES,2,$14392,08/2010,2011,No
1323,751,Mastercard,Credit,07/2021,YES,2,$14900,02/2013,2013,No
5711,751,Mastercard,Debit,10/2016,YES,1,$19488,11/2015,2015,No
4745,751,Visa,Debit (Prepaid),10/2009,YES,1,$84,09/2009,2009,No
5552,751,Visa,Credit,01/2016,YES,1,$20100,11/2008,2015,No
6046,773,Mastercard,Debit (Prepaid),03/2020,YES,1,$101,12/2011,2011,No
2570,773,Mastercard,Debit,07/2019,YES,1,$11372,04/2008,2009,No
4011,773,Mastercard,Debit,04/2017,YES,1,$21448,07/2013,2013,No
4629,1294,Visa,Debit,03/2020,YES,2,$19691,09/2006,2011,No
2591,1294,Visa,Debit,05/2024,YES,2,$14477,04/2008,2008,No
2916,1567,Visa,Debit,06/2013,YES,2,$17559,05/2006,2006,No
3956,1567,Visa,Debit,10/2023,YES,1,$24302,07/2010,2010,No
5513,132,Visa,Debit,11/2023,YES,2,$8105,11/2007,2009,No
230,132,Mastercard,Debit (Prepaid),10/2020,YES,2,$59,01/2010,2011,No
2707,132,Visa,Credit,01/2021,YES,2,$0,04/2012,2012,No
2679,132,Mastercard,Debit,01/2022,YES,2,$15022,04/2011,2011,No
2884,512,Mastercard,Debit,12/2021,YES,2,$27677,05/2005,2006,No
1934,501,Visa,Debit,02/2020,YES,1,$11779,02/2020,2020,No
636,501,Mastercard,Credit,01/2022,YES,1,$9400,01/2020,2020,No
4261,178,Mastercard,Debit,01/2023,YES,2,$17206,08/2008,2010,No
4214,178,Mastercard,Debit,06/2024,YES,1,$18235,08/2007,2007,No
1681,178,Mastercard,Debit,12/2020,YES,1,$25376,02/2020,2020,No
2539,1077,Mastercard,Debit,11/2014,YES,2,$17034,04/2007,2007,No
4104,1077,Visa,Debit (Prepaid),05/2020,YES,2,$33,08/2001,2009,No
214,1077,Visa,Debit,04/2020,YES,2,$20114,01/2009,2009,No
2859,914,Mastercard,Debit,09/2024,YES,2,$21074,05/2004,2010,No
1274,914,Mastercard,Debit,12/2016,YES,2,$17522,02/2011,2011,No
5835,914,Mastercard,Debit,05/2021,YES,2,$18547,12/2005,2007,No
2148,914,Mastercard,Credit,07/2022,YES,1,$11700,03/2007,2012,No
5915,1840,Visa,Credit,10/2020,YES,1,$14600,12/2007,2008,No
3660,1840,Visa,Credit,03/2022,YES,1,$4600,07/2000,2011,No
6047,1840,Mastercard,Credit,07/2022,YES,1,$13200,12/2011,2011,No
3322,1840,Mastercard,Debit,05/2023,YES,2,$21701,06/2006,2007,No
4568,1840,Visa,Debit (Prepaid),09/2021,YES,2,$4,09/2004,2008,No
1,550,Mastercard,Credit,06/2024,YES,1,$11600,01/1994,2013,No
3478,550,Mastercard,Debit (Prepaid),01/2021,YES,2,$99,06/2010,2011,No
163,550,Mastercard,Credit,04/2022,YES,2,$4200,01/2008,2008,No
4857,550,Mastercard,Debit,02/2017,YES,2,$21988,09/2013,2013,No
881,1869,Visa,Debit,01/2020,YES,2,$12186,01/2020,2020,No
5045,977,Amex,Credit,12/2020,YES,1,$8900,10/2006,2011,No
4402,977,Amex,Credit,07/2015,YES,2,$4000,08/2013,2013,No
3026,977,Visa,Credit,06/2023,YES,2,$10200,05/2009,2009,No
1150,977,Mastercard,Debit,01/2022,YES,2,$5649,02/2008,2016,No
5101,977,Visa,Debit,08/2020,YES,1,$18934,10/2007,2013,No
2523,933,Amex,Credit,01/2024,YES,1,$11500,04/2007,2010,No
1426,933,Amex,Credit,04/2022,YES,1,$5100,02/2020,2020,No
4997,933,Visa,Debit (Prepaid),02/2021,YES,1,$57,10/2003,2009,No
2254,933,Mastercard,Credit,12/2016,YES,1,$11800,03/2010,2010,No
231,938,Mastercard,Credit,09/2023,YES,1,$12500,01/2010,2012,No
882,938,Visa,Debit (Prepaid),06/2023,YES,2,$116,01/2020,2020,No
1682,938,Mastercard,Debit,02/2020,YES,2,$17447,02/2020,2020,No
1935,622,Visa,Debit (Prepaid),02/2020,YES,1,$126,02/2020,2020,No
4884,622,Mastercard,Debit (Prepaid),10/2015,YES,2,$86,09/2015,2015,No
637,796,Mastercard,Debit,02/2020,YES,2,$12695,01/2020,2020,No
2314,796,Mastercard,Credit,06/2019,YES,2,$11800,03/2013,2013,No
638,796,Mastercard,Debit,11/2022,NO,1,$18800,01/2020,2020,No
4944,621,Mastercard,Debit,11/2021,YES,1,$1368,10/2000,2004,No
408,1038,Amex,Credit,05/2024,YES,1,$8800,01/2020,2020,No
1683,1038,Mastercard,Credit,02/2020,YES,2,$8200,02/2020,2020,No
2509,1687,Mastercard,Debit,09/2022,YES,2,$2450,04/2006,2014,No
3193,1890,Mastercard,Debit,03/2024,YES,2,$10582,05/2017,2017,No
4308,544,Visa,Debit (Prepaid),01/2023,YES,1,$22,08/2009,2019,No
4309,810,Visa,Credit,08/2022,YES,1,$6900,08/2009,2010,No
4262,810,Mastercard,Debit,06/2022,YES,2,$12664,08/2008,2011,No
5517,810,Discover,Credit,12/2008,YES,2,$3700,11/2008,2011,No
2149,810,Mastercard,Debit,02/2020,YES,1,$15620,03/2007,2010,No
2414,810,Amex,Credit,09/2009,YES,2,$10800,04/2001,2011,No
5254,810,Visa,Debit,10/2021,YES,2,$7014,10/2011,2011,No
1324,58,Mastercard,Debit,05/2022,YES,2,$23838,02/2013,2013,No
883,58,Visa,Debit,12/2024,YES,1,$17355,01/2020,2020,No
5496,1986,Mastercard,Debit,02/2020,YES,1,$16249,11/2007,2010,No
5443,1986,Visa,Debit,11/2021,YES,2,$14036,11/2005,2010,No
3064,1084,Mastercard,Debit,04/2021,YES,1,$19807,05/2010,2010,No
3232,1084,Amex,Credit,05/2017,YES,1,$20900,06/2002,2011,No
5987,1084,Visa,Credit,05/2020,YES,1,$7400,12/2009,2009,No
3454,1084,Visa,Debit,07/2023,YES,1,$35268,06/2009,2009,No
3260,1349,Visa,Credit,10/2021,YES,2,$4600,06/2003,2003,No
5920,1349,Amex,Credit,01/2022,YES,1,$6200,12/2008,2014,No
2089,1349,Mastercard,Debit,07/2019,NO,2,$4139,03/2005,2008,No
4310,1825,Visa,Debit,10/2020,YES,1,$23878,08/2009,2011,No
4182,1825,Mastercard,Credit,04/2022,YES,2,$10200,08/2006,2013,No
5636,1825,Visa,Debit (Prepaid),04/2021,YES,2,$48,11/2010,2014,No
5713,1825,Visa,Credit,09/2021,YES,1,$11300,11/2015,2015,No
4237,98,Amex,Credit,11/2024,YES,2,$7700,08/2008,2010,No
4143,98,Visa,Credit,04/2020,YES,1,$8700,08/2004,2006,No
1128,615,Visa,Debit,08/2021,YES,1,$15338,02/2007,2011,No
5479,615,Amex,Credit,04/2021,YES,1,$19900,11/2007,2011,No
4901,1488,Visa,Debit,05/2023,YES,1,$14249,09/2016,2016,No
1098,1488,Visa,Debit,03/2011,YES,1,$22124,02/2006,2010,No
5685,1488,Mastercard,Debit,04/2022,YES,1,$28580,11/2013,2013,No
2995,1488,Discover,Credit,02/2020,YES,1,$11900,05/2009,2011,No
1684,1488,Mastercard,Debit,06/2024,YES,2,$16731,02/2020,2020,No
4874,1488,Mastercard,Credit,04/2021,NO,1,$8500,09/2014,2014,No
3739,211,Mastercard,Debit,12/2020,YES,2,$12757,07/2005,2009,No
4746,211,Visa,Debit,08/2020,YES,2,$17013,09/2009,2009,No
1035,211,Mastercard,Debit,04/2004,YES,2,$11757,02/2004,2011,No
4730,1443,Mastercard,Debit,03/2022,YES,2,$16392,09/2009,2011,No
3749,1443,Visa,Credit,06/2021,YES,1,$8500,07/2005,2009,No
254,1443,Visa,Debit,06/2018,YES,2,$3973,01/2010,2016,No
3194,801,Mastercard,Debit,03/2020,YES,2,$15042,05/2017,2017,No
215,801,Visa,Credit,09/2024,YES,1,$8600,01/2009,2010,No
3366,801,Visa,Credit,07/2022,YES,2,$7100,06/2007,2007,No
3261,801,Visa,Debit,10/2024,YES,2,$9551,06/2003,2009,No
5772,801,Mastercard,Debit,08/2020,YES,1,$10311,12/2001,2006,No
4005,655,Amex,Credit,01/2017,YES,1,$7700,07/2013,2013,No
4134,655,Mastercard,Debit,12/2022,YES,2,$11638,08/2004,2011,No
2133,655,Visa,Debit,09/2023,YES,2,$9285,03/2006,2011,No
1151,669,Mastercard,Debit,06/2020,YES,1,$11164,02/2008,2009,No
3793,669,Visa,Credit,10/2024,YES,1,$9900,07/2006,2011,No
4630,1726,Visa,Debit,09/2011,YES,1,$16750,09/2006,2012,No
1936,444,Visa,Debit (Prepaid),08/2020,YES,1,$80,02/2020,2020,No
1685,444,Mastercard,Debit,01/2023,YES,1,$12233,02/2020,2020,No
2236,418,Visa,Debit,10/2009,YES,2,$5216,03/2009,2009,No
639,418,Mastercard,Debit,09/2024,YES,2,$9082,01/2020,2020,No
434,418,Discover,Credit,03/2024,YES,2,$18100,01/2020,2020,No
1937,418,Visa,Credit,02/2020,YES,1,$11100,02/2020,2020,No
5591,242,Visa,Debit,09/2024,YES,1,$19158,11/2009,2010,No
5737,242,Mastercard,Debit,06/2020,YES,1,$19788,11/2018,2018,No
1229,242,Mastercard,Debit,02/2021,YES,1,$15259,02/2010,2010,No
2315,242,Mastercard,Debit,09/2020,YES,2,$19728,03/2013,2013,No
4144,242,Visa,Debit,08/2009,YES,1,$13530,08/2004,2011,No
2971,168,Mastercard,Debit,08/2019,YES,1,$142,05/2008,2012,No
1377,960,Visa,Debit,09/2021,YES,1,$16210,02/2017,2017,No
884,960,Visa,Credit,02/2020,YES,1,$15200,01/2020,2020,No
640,960,Mastercard,Debit,10/2023,YES,2,$24200,01/2020,2020,No
3351,1911,Mastercard,Debit (Prepaid),03/2008,YES,1,$82,06/2007,2009,No
4801,1911,Visa,Debit,06/2020,YES,1,$21057,09/2010,2010,No
4961,1911,Amex,Credit,04/2021,YES,1,$8900,10/2002,2012,No
964,1911,Visa,Debit,09/2022,NO,2,$17789,02/1998,2019,No
3352,259,Mastercard,Debit,04/2023,YES,2,$14388,06/2007,2007,No
4569,259,Visa,Debit,08/2024,YES,1,$26582,09/2004,2005,No
358,259,Visa,Debit,05/2023,YES,1,$21619,01/2016,2016,No
3814,300,Mastercard,Debit,12/2020,YES,1,$32704,07/2007,2008,No
4494,1967,Mastercard,Debit (Prepaid),01/2014,YES,1,$70,09/1998,2006,No
2243,1967,Amex,Credit,04/2012,NO,1,$23900,03/2010,2017,No
3367,1967,Visa,Debit,09/2020,YES,2,$38120,06/2007,2011,No
5088,1967,Mastercard,Debit,03/2019,YES,1,$5753,10/2007,2009,No
3463,434,Amex,Credit,01/2021,YES,2,$15500,06/2010,2012,No
885,434,Visa,Debit,04/2022,YES,2,$21916,01/2020,2020,No
886,434,Visa,Debit,02/2020,YES,1,$25579,01/2020,2020,No
1021,1076,Mastercard,Debit,07/2023,YES,1,$16144,02/2003,2011,No
5742,1076,Mastercard,Debit,05/2024,NO,1,$12535,11/2019,2019,No
3027,1076,Visa,Credit,06/2020,YES,2,$7600,05/2009,2013,No
3858,1076,Mastercard,Debit,12/2017,YES,1,$14514,07/2008,2008,No
2358,1076,Mastercard,Credit,01/2020,YES,2,$7500,03/2016,2016,No
6033,723,Visa,Credit,12/2022,YES,2,$9700,12/2010,2011,No
6071,723,Mastercard,Debit,02/2021,NO,1,$18450,12/2012,2012,No
3368,723,Visa,Debit (Prepaid),05/2021,YES,1,$65,06/2007,2008,No
232,723,Mastercard,Debit,02/2023,YES,2,$13529,01/2010,2010,No
1206,723,Discover,Credit,12/2023,YES,1,$10300,02/2010,2013,No
3524,1398,Mastercard,Credit,09/2022,NO,1,$20100,06/2011,2012,No
200,1398,Mastercard,Debit (Prepaid),10/2024,NO,2,$61,01/2009,2016,No
5222,1398,Visa,Credit,09/2018,YES,2,$18100,10/2010,2010,No
4930,1398,Mastercard,Debit,12/2024,YES,2,$34731,10/1997,2011,No
216,1398,Visa,Debit,09/2016,YES,1,$23392,01/2009,2011,No
3008,1464,Mastercard,Debit (Prepaid),03/2020,YES,2,$52,05/2009,2012,No
3677,1464,Mastercard,Debit,06/2020,YES,2,$24129,07/2002,2018,No
3432,1505,Mastercard,Debit,02/2021,NO,1,$27847,06/2009,2011,No
1686,1505,Mastercard,Credit,12/2022,YES,1,$12100,02/2020,2020,No
2446,1130,Mastercard,Debit,02/2021,YES,1,$15847,04/2003,2010,No
92,1130,Amex,Credit,01/2024,YES,1,$13500,01/2006,2010,No
4004,1130,Visa,Credit,07/2022,YES,2,$11400,07/2012,2012,No
2667,62,Visa,Debit,08/2022,YES,2,$5520,04/2010,2010,No
3369,62,Visa,Debit,06/2023,NO,1,$1559,06/2007,2010,No
3262,62,Visa,Debit,06/2022,YES,2,$11836,06/2003,2015,No
55,62,Mastercard,Debit,09/2024,YES,1,$19211,01/2004,2015,No
5138,62,Visa,Debit,08/2019,YES,2,$5909,10/2008,2012,No
2425,62,Visa,Debit,04/2018,YES,2,$16410,04/2001,2011,No
5142,1623,Amex,Credit,04/2020,YES,1,$13300,10/2009,2009,No
4417,1623,Visa,Credit,11/2015,YES,2,$9300,08/2013,2013,No
1687,1623,Mastercard,Credit,02/2020,YES,2,$7200,02/2020,2020,No
6061,1416,Visa,Credit,07/2022,YES,1,$11900,12/2011,2011,No
4891,1416,Visa,Credit,04/2023,YES,2,$10500,09/2015,2015,No
2363,1416,Mastercard,Debit,08/2018,YES,1,$14865,03/2017,2017,No
3779,1416,Mastercard,Debit,06/2020,YES,2,$15298,07/2006,2009,No
3204,1416,Mastercard,Debit,06/2020,YES,1,$23481,06/1996,2012,No
2951,1416,Visa,Credit,01/2022,YES,1,$14700,05/2007,2014,No
3254,1416,Mastercard,Debit (Prepaid),07/2024,YES,2,$47,06/2003,2013,No
4644,1416,Mastercard,Debit,08/2023,YES,1,$22625,09/2007,2008,No
2160,1998,Visa,Debit (Prepaid),11/2022,YES,1,$110,03/2007,2007,No
4892,1998,Visa,Debit,06/2021,YES,1,$328,09/2015,2015,No
1258,1998,Visa,Credit,11/2020,YES,2,$100,02/2010,2011,No
3263,1299,Visa,Credit,10/2021,YES,2,$8800,06/2003,2016,No
3913,1299,Visa,Debit,11/2020,YES,1,$3942,07/2009,2016,No
6010,303,Mastercard,Debit,10/2021,YES,1,$32488,12/2010,2010,No
4194,303,Amex,Credit,08/2021,YES,1,$20000,08/2007,2020,No
149,303,Amex,Credit,10/2020,NO,1,$14500,01/2008,2011,No
4783,303,Mastercard,Debit,01/2023,YES,1,$25900,09/2010,2010,No
984,303,Visa,Credit,01/2022,YES,1,$14800,02/2000,2012,No
4824,303,Visa,Credit,02/2023,YES,2,$15600,09/2011,2011,No
2122,1138,Mastercard,Debit (Prepaid),02/2020,YES,2,$51,03/2006,2011,No
3139,1138,Visa,Credit,08/2022,YES,2,$5600,05/2013,2013,No
5292,1138,Mastercard,Debit,01/2021,YES,2,$13235,10/2014,2014,No
5801,1750,Visa,Debit (Prepaid),02/2022,YES,2,$33,12/2003,2010,No
3714,1750,Mastercard,Debit,04/2020,YES,2,$34675,07/2004,2018,No
4476,1117,Visa,Debit,12/2020,YES,1,$19824,08/2018,2018,No
1162,1117,Visa,Debit,02/2020,YES,1,$9827,02/2008,2009,No
3827,1322,Visa,Credit,07/2024,YES,2,$9700,07/2007,2009,No
366,878,Amex,Credit,05/2023,YES,2,$5400,01/2018,2018,No
2770,878,Mastercard,Debit,03/2018,YES,1,$12079,04/2017,2017,No
2290,609,Visa,Debit,07/2020,YES,2,$19436,03/2011,2011,No
2892,609,Visa,Credit,08/2024,YES,2,$10600,05/2005,2005,No
4215,609,Mastercard,Credit,03/2023,YES,1,$9600,08/2007,2011,No
641,761,Mastercard,Debit,04/2020,YES,1,$17500,01/2020,2020,No
1688,761,Mastercard,Debit,03/2020,YES,2,$21797,02/2020,2020,No
1689,761,Mastercard,Credit,06/2022,YES,1,$16700,02/2020,2020,No
409,761,Amex,Credit,12/2022,YES,1,$8800,01/2020,2020,No
4183,1313,Mastercard,Debit (Prepaid),05/2021,YES,2,$87,08/2006,2016,No
4135,1313,Mastercard,Credit,09/2007,YES,2,$6000,08/2004,2010,No
3750,1558,Visa,Debit,07/2021,YES,2,$10182,07/2005,2011,No
4747,1558,Visa,Debit,03/2023,YES,1,$2566,09/2009,2012,No
642,399,Mastercard,Debit,09/2021,YES,1,$25693,01/2020,2020,No
4970,399,Mastercard,Debit,11/2020,YES,1,$43122,10/2002,2011,No
3696,325,Mastercard,Debit,03/2023,YES,2,$5793,07/2003,2013,No
5035,325,Visa,Debit,07/2023,YES,1,$2950,10/2005,2014,No
4019,325,Discover,Credit,03/2015,YES,1,$6600,07/2014,2014,No
2344,325,Mastercard,Debit,01/2021,YES,1,$21378,03/2015,2015,No
2843,689,Mastercard,Debit,12/2007,YES,1,$29283,05/2003,2012,No
4486,1763,Visa,Debit,05/2020,YES,1,$12220,09/1993,2011,No
4297,1763,Mastercard,Debit,03/2021,NO,1,$30096,08/2009,2009,No
643,1763,Mastercard,Debit,02/2020,YES,2,$12068,01/2020,2020,No
644,717,Mastercard,Debit,10/2024,YES,2,$10039,01/2020,2020,No
1690,717,Mastercard,Debit (Prepaid),02/2020,NO,2,$66,02/2020,2020,No
645,717,Mastercard,Debit,02/2020,YES,2,$22043,01/2020,2020,No
887,717,Visa,Debit (Prepaid),06/2022,YES,2,$56,01/2020,2020,No
5738,717,Mastercard,Credit,09/2023,YES,2,$7100,11/2018,2018,No
145,884,Visa,Debit,05/2012,YES,2,$1112,01/2007,2013,No
2237,884,Visa,Debit,07/2023,YES,2,$8643,03/2009,2015,No
4748,884,Visa,Credit,11/2020,YES,1,$8800,09/2009,2012,No
1373,884,Mastercard,Debit (Prepaid),08/2024,YES,2,$68,02/2017,2017,No
1022,1701,Mastercard,Debit,07/2016,YES,1,$6949,02/2003,2008,No
5900,1701,Mastercard,Debit,11/2021,YES,2,$8169,12/2007,2007,No
3009,1701,Mastercard,Credit,12/2022,YES,1,$6400,05/2009,2010,No
646,117,Mastercard,Debit (Prepaid),09/2023,NO,1,$45,01/2020,2020,No
647,117,Mastercard,Debit,01/2020,YES,2,$14759,01/2020,2020,No
1691,117,Mastercard,Debit,03/2021,YES,2,$5372,02/2020,2020,No
5466,126,Mastercard,Debit,12/2023,NO,1,$12059,11/2006,2008,No
2191,126,Mastercard,Debit,11/2013,YES,1,$13823,03/2008,2011,No
5497,126,Mastercard,Debit,04/2023,YES,1,$13555,11/2007,2011,No
5872,126,Visa,Debit,05/2024,YES,2,$7991,12/2006,2009,No
2935,1051,Mastercard,Debit,02/2020,YES,1,$25935,05/2007,2012,No
1692,1051,Mastercard,Credit,10/2021,YES,2,$14100,02/2020,2020,No
5988,462,Visa,Debit,09/2024,YES,1,$18290,12/2009,2015,No
2397,462,Visa,Debit,03/2022,YES,2,$15322,04/1994,2009,No
1259,462,Visa,Debit (Prepaid),01/2016,YES,1,$22,02/2010,2013,No
3957,462,Visa,Credit,11/2024,YES,2,$5700,07/2010,2010,No
76,462,Mastercard,Debit,04/2010,YES,2,$26303,01/2005,2008,No
1938,1454,Visa,Credit,01/2021,YES,2,$12400,02/2020,2020,No
1164,1454,Amex,Credit,11/2023,YES,1,$8200,02/2009,2009,No
4481,467,Mastercard,Debit,01/2021,YES,2,$31741,08/2019,2019,No
4278,467,Visa,Credit,07/2021,YES,2,$14500,08/2008,2010,No
3914,467,Visa,Credit,03/2024,YES,2,$11200,07/2009,2011,No
2324,1802,Visa,Credit,02/2020,YES,2,$8400,03/2013,2013,No
5836,1802,Mastercard,Debit,10/2017,YES,2,$36920,12/2005,2011,No
5125,1563,Mastercard,Debit,11/2024,YES,3,$1129,10/2008,2012,No
3479,1563,Mastercard,Credit,11/2022,YES,1,$2900,06/2010,2010,No
4030,1563,Visa,Debit,04/2017,YES,2,$11902,07/2014,2014,No
2054,1563,Visa,Debit,10/2023,YES,1,$9290,03/2003,2009,No
1427,1235,Amex,Credit,02/2024,YES,2,$11500,02/2020,2020,No
1693,587,Mastercard,Debit (Prepaid),09/2023,YES,1,$28,02/2020,2020,No
1694,587,Mastercard,Debit,05/2023,YES,2,$10365,02/2020,2020,No
5259,709,Mastercard,Debit,12/2022,YES,1,$27123,10/2012,2012,No
6121,709,Mastercard,Debit,07/2021,YES,2,$26564,12/2016,2016,No
2747,709,Mastercard,Debit,10/2021,YES,2,$19915,04/2015,2015,No
888,1036,Visa,Debit,10/2022,YES,1,$17446,01/2020,2020,No
1939,1036,Visa,Debit,08/2021,YES,2,$7330,02/2020,2020,No
1292,372,Visa,Debit,07/2020,YES,2,$10876,02/2011,2011,No
64,929,Amex,Credit,03/2021,YES,2,$36200,01/2005,2007,No
2821,253,Visa,Credit,03/2021,YES,1,$800,05/2001,2008,No
6143,253,Mastercard,Debit,07/2024,NO,1,$24690,12/2019,2019,No
146,1549,Visa,Debit (Prepaid),11/2019,NO,2,$85,01/2007,2018,No
4825,1549,Visa,Credit,08/2024,YES,2,$8800,09/2011,2011,No
3780,1549,Mastercard,Credit,04/2020,YES,1,$14200,07/2006,2009,No
3264,1549,Visa,Debit,06/2020,NO,2,$40920,06/2003,2015,No
4784,1549,Mastercard,Debit,09/2023,YES,1,$29936,09/2010,2011,No
5054,529,Mastercard,Debit (Prepaid),04/2021,YES,1,$73,10/2006,2009,No
5734,529,Visa,Debit,10/2022,YES,1,$18558,11/2017,2017,No
2621,529,Visa,Credit,01/2024,YES,1,$9300,04/2009,2013,No
3114,529,Amex,Credit,06/2024,YES,1,$4500,05/2012,2012,No
183,1306,Visa,Debit,09/2023,YES,2,$17120,01/2008,2017,No
4610,1306,Mastercard,Credit,03/2024,YES,1,$0,09/2006,2010,No
5901,1798,Mastercard,Debit,04/2022,YES,1,$14162,12/2007,2015,No
4656,1798,Amex,Credit,08/2023,YES,1,$9000,09/2008,2008,No
1940,389,Visa,Debit,07/2021,YES,1,$18699,02/2020,2020,No
1695,389,Mastercard,Debit,04/2024,YES,2,$13979,02/2020,2020,No
648,389,Mastercard,Debit,12/2023,YES,1,$22218,01/2020,2020,No
356,1829,Mastercard,Debit,01/2021,NO,1,$19884,01/2016,2016,No
649,1829,Mastercard,Credit,02/2020,YES,1,$10700,01/2020,2020,No
1696,1829,Mastercard,Credit,07/2024,YES,1,$6600,02/2020,2020,No
650,1392,Mastercard,Debit,03/2021,NO,2,$12014,01/2020,2020,No
889,1392,Visa,Debit,06/2023,YES,2,$8227,01/2020,2020,No
651,1392,Mastercard,Credit,07/2022,YES,2,$10100,01/2020,2020,No
1941,1949,Visa,Debit (Prepaid),08/2021,YES,1,$38,02/2020,2020,No
359,1881,Visa,Debit,03/2021,YES,2,$18548,01/2016,2016,No
1036,1881,Mastercard,Debit,03/2004,YES,1,$19030,02/2004,2007,No
2540,1881,Mastercard,Debit (Prepaid),10/2009,YES,1,$94,04/2007,2009,No
5318,1881,Visa,Debit,12/2023,YES,1,$17583,10/2016,2016,No
2554,1881,Visa,Debit,09/2021,YES,1,$20943,04/2007,2008,No
4653,1881,Visa,Credit,04/2020,YES,2,$15800,09/2007,2013,No
410,1706,Amex,Credit,09/2021,YES,1,$7300,01/2020,2020,No
4420,1706,Amex,Credit,01/2016,YES,1,$10600,08/2014,2014,No
3915,848,Visa,Debit,01/2020,YES,1,$19113,07/2009,2014,No
5423,848,Amex,Credit,01/2023,YES,1,$13700,11/2005,2008,No
3938,1044,Mastercard,Debit,05/2020,YES,2,$16317,07/2010,2011,No
3065,1112,Mastercard,Credit,02/2015,YES,1,$6000,05/2010,2016,No
5848,1112,Visa,Debit,05/2020,YES,2,$4909,12/2005,2007,No
4330,1112,Mastercard,Debit,08/2013,YES,2,$14702,08/2010,2010,No
652,1112,Mastercard,Debit,06/2020,YES,1,$10896,01/2020,2020,No
653,1112,Mastercard,Debit,04/2023,YES,1,$3526,01/2020,2020,No
5202,1112,Mastercard,Debit,03/2024,YES,2,$10083,10/2010,2010,No
5432,802,Mastercard,Credit,02/2024,YES,2,$18300,11/2005,2014,No
2291,802,Visa,Credit,05/2021,YES,2,$21400,03/2011,2011,No
5293,802,Mastercard,Debit,10/2024,YES,1,$20886,10/2014,2014,No
5676,802,Mastercard,Debit,07/2024,YES,1,$27701,11/2012,2012,No
233,859,Mastercard,Credit,09/2023,YES,2,$8800,01/2010,2010,No
2304,859,Mastercard,Debit,07/2021,YES,2,$20354,03/2012,2012,No
4014,859,Visa,Debit,10/2020,YES,2,$14695,07/2013,2013,No
3480,859,Mastercard,Debit,03/2024,YES,2,$16783,06/2010,2011,No
5223,441,Visa,Debit,12/2024,YES,1,$21087,10/2010,2016,No
4433,879,Mastercard,Debit,09/2024,YES,1,$10966,08/2014,2014,No
4500,879,Visa,Debit,08/2024,YES,2,$12184,09/1999,2010,No
2192,879,Mastercard,Credit,03/2024,YES,1,$5100,03/2008,2015,No
1942,1437,Visa,Debit,02/2020,YES,2,$30404,02/2020,2020,No
6062,1437,Visa,Debit,04/2022,YES,2,$13193,12/2011,2011,No
4385,1437,Visa,Credit,07/2023,YES,1,$11400,08/2011,2019,No
5818,1437,Mastercard,Debit,05/2021,YES,2,$16959,12/2004,2014,No
3195,1413,Mastercard,Debit,09/2024,YES,1,$14927,05/2017,2017,No
2754,1413,Visa,Debit,12/2024,NO,1,$13760,04/2015,2015,No
2255,1413,Mastercard,Debit,04/2021,YES,2,$17023,03/2010,2011,No
1104,1413,Discover,Credit,10/2020,YES,1,$6500,02/2007,2014,No
4673,1413,Mastercard,Debit,11/2010,YES,2,$15562,09/2008,2016,No
1182,1710,Mastercard,Debit,12/2023,YES,2,$17611,02/2009,2011,No
3502,1710,Visa,Credit,05/2021,YES,1,$11700,06/2010,2014,No
1363,1710,Discover,Credit,11/2020,YES,1,$6600,02/2016,2016,No
3353,1037,Mastercard,Debit,04/2020,YES,2,$4230,06/2007,2008,No
1303,1037,Mastercard,Credit,06/2013,YES,2,$7500,02/2012,2012,No
654,966,Mastercard,Debit,10/2022,YES,2,$1077,01/2020,2020,No
655,107,Mastercard,Debit (Prepaid),09/2021,YES,1,$98,01/2020,2020,No
2150,107,Mastercard,Credit,09/2007,YES,1,$5500,03/2007,2015,No
2708,107,Visa,Credit,04/2015,YES,2,$5500,04/2012,2012,No
5349,107,Mastercard,Debit,10/2022,NO,2,$9898,11/1996,2011,No
255,107,Visa,Debit (Prepaid),03/2022,NO,1,$66,01/2010,2011,No
2065,1247,Mastercard,Debit,10/2022,NO,2,$13095,03/2004,2018,No
1073,1247,Visa,Debit,05/2021,YES,1,$30822,02/2005,2015,No
3370,1247,Visa,Debit,04/2023,YES,2,$16764,06/2007,2007,No
5837,1247,Mastercard,Credit,05/2022,NO,2,$5700,12/2005,2010,No
5686,1247,Mastercard,Debit,07/2023,YES,1,$18482,11/2013,2013,No
890,700,Visa,Debit (Prepaid),10/2020,YES,2,$33,01/2020,2020,No
891,1363,Visa,Debit,01/2020,YES,2,$21692,01/2020,2020,No
656,1363,Mastercard,Credit,04/2023,YES,1,$11200,01/2020,2020,No
657,10,Mastercard,Debit,03/2022,YES,1,$24602,01/2020,2020,No
3405,10,Visa,Debit,10/2016,YES,2,$44390,06/2008,2009,No
3296,1725,Mastercard,Debit,01/2021,YES,2,$30950,06/2005,2020,No
4998,1725,Visa,Debit,06/2023,YES,1,$4723,10/2003,2011,No
2238,1725,Visa,Debit,05/2021,YES,1,$12325,03/2009,2009,No
2814,1725,Mastercard,Debit (Prepaid),02/2010,YES,2,$15,05/2001,2009,No
4999,1725,Visa,Debit,09/2022,YES,2,$28166,10/2003,2015,No
3525,1725,Mastercard,Debit,12/2024,YES,1,$14056,06/2011,2011,No
6011,1145,Mastercard,Debit,11/2024,YES,1,$35169,12/2010,2012,No
4331,1145,Mastercard,Credit,03/2022,YES,1,$17500,08/2010,2011,No
5444,1145,Visa,Debit (Prepaid),03/2012,YES,2,$33,11/2005,2010,No
2844,864,Mastercard,Credit,10/2021,NO,2,$18300,05/2003,2008,No
3526,864,Mastercard,Credit,12/2022,YES,3,$5700,06/2011,2011,No
4802,864,Visa,Credit,09/2024,YES,1,$19100,09/2010,2015,No
3649,1357,Amex,Credit,11/2020,YES,2,$11100,07/1998,2016,No
5615,1357,Mastercard,Debit,02/2021,YES,2,$2833,11/2010,2013,No
2990,1357,Visa,Debit,04/2012,YES,1,$12833,05/2008,2010,No
5105,1357,Amex,Credit,07/2024,YES,2,$7500,10/2008,2008,No
65,1357,Amex,Credit,04/2020,YES,2,$14600,01/2005,2014,No
4611,1357,Mastercard,Debit (Prepaid),08/2017,YES,1,$100,09/2006,2014,No
4488,1357,Amex,Credit,06/2022,YES,1,$8000,09/1995,2003,No
1044,1344,Visa,Credit,05/2021,YES,1,$5300,02/2004,2007,No
1027,1344,Visa,Debit,03/2023,YES,2,$22601,02/2003,2010,No
1697,1252,Mastercard,Debit,02/2020,YES,2,$27556,02/2020,2020,No
1943,1252,Visa,Debit (Prepaid),08/2020,YES,2,$29,02/2020,2020,No
1698,935,Mastercard,Debit,01/2022,YES,1,$19753,02/2020,2020,No
658,935,Mastercard,Debit,11/2020,YES,1,$15527,01/2020,2020,No
892,935,Visa,Debit,09/2020,NO,1,$16056,01/2020,2020,No
4349,1748,Visa,Debit,03/2020,YES,1,$9272,08/2010,2011,No
4971,1123,Mastercard,Credit,07/2020,YES,1,$9000,10/2002,2010,No
3010,1123,Mastercard,Debit (Prepaid),04/2021,YES,2,$83,05/2009,2010,No
4350,1123,Visa,Debit,04/2016,YES,2,$1394,08/2010,2015,No
125,546,Amex,Credit,06/2020,YES,1,$17900,01/2007,2010,No
4813,546,Mastercard,Debit,08/2016,YES,2,$2559,09/2011,2011,No
4495,546,Mastercard,Debit,10/2023,YES,2,$9285,09/1998,2013,No
3433,430,Mastercard,Debit (Prepaid),08/2023,NO,2,$130,06/2009,2009,No
4351,430,Visa,Credit,02/2023,YES,1,$13400,08/2010,2010,No
150,430,Amex,Credit,08/2013,YES,1,$9200,01/2008,2009,No
5768,430,Visa,Credit,08/2022,YES,1,$17700,12/2000,2009,No
2860,430,Mastercard,Debit,10/2024,NO,2,$37634,05/2004,2006,No
2265,61,Visa,Credit,08/2024,YES,1,$25200,03/2010,2020,No
2622,61,Visa,Debit,03/2021,YES,2,$27878,04/2009,2011,No
3503,61,Visa,Debit,12/2021,YES,2,$19264,06/2010,2010,No
5036,1621,Visa,Credit,04/2012,YES,1,$17000,10/2005,2016,No
1053,1621,Mastercard,Debit,12/2008,NO,2,$14681,02/2005,2012,No
2709,1621,Visa,Credit,04/2020,NO,3,$25100,04/2012,2012,No
2316,1621,Mastercard,Debit,02/2023,YES,2,$54842,03/2013,2013,No
1944,413,Visa,Credit,02/2020,YES,2,$16900,02/2020,2020,No
893,413,Visa,Credit,12/2020,YES,1,$12800,01/2020,2020,No
1699,269,Mastercard,Debit (Prepaid),07/2023,YES,1,$86,02/2020,2020,No
5332,269,Visa,Debit (Prepaid),10/2022,YES,1,$61,10/2018,2018,No
1945,269,Visa,Debit (Prepaid),04/2021,YES,1,$55,02/2020,2020,No
265,37,Discover,Credit,02/2024,YES,1,$0,01/2011,2011,No
1230,37,Mastercard,Debit,12/2022,YES,1,$10608,02/2010,2010,No
1183,37,Mastercard,Debit,02/2013,YES,1,$16315,02/2009,2010,No
659,37,Mastercard,Debit,02/2020,YES,1,$20587,01/2020,2020,No
4044,1793,Amex,Credit,09/2020,YES,2,$7300,07/2016,2016,No
290,1793,Visa,Debit (Prepaid),10/2022,YES,2,$60,01/2011,2011,No
4452,1793,Visa,Debit (Prepaid),01/2023,NO,1,$69,08/2015,2015,No
1700,1793,Mastercard,Debit (Prepaid),09/2023,YES,1,$90,02/2020,2020,No
5181,1846,Visa,Debit,10/2012,YES,1,$11714,10/2009,2014,No
1346,1846,Mastercard,Credit,12/2021,NO,2,$6400,02/2014,2014,No
2373,1846,Mastercard,Debit (Prepaid),08/2018,YES,1,$84,03/2018,2018,No
3297,1846,Mastercard,Credit,10/2022,NO,1,$6900,06/2005,2012,No
4899,116,Mastercard,Debit (Prepaid),10/2020,YES,1,$64,09/2016,2016,No
6072,116,Mastercard,Debit,12/2024,YES,2,$37377,12/2012,2012,No
5989,752,Visa,Debit,09/2022,YES,2,$11002,12/2009,2009,No
4105,752,Visa,Debit,07/2020,NO,2,$19765,08/2001,2009,No
2465,752,Mastercard,Credit,02/2018,NO,1,$12900,04/2004,2010,No
1701,1185,Mastercard,Debit,07/2021,YES,1,$22353,02/2020,2020,No
5990,683,Visa,Debit,03/2021,YES,2,$28696,12/2009,2009,No
4731,683,Mastercard,Credit,12/2023,YES,1,$20700,09/2009,2010,No
1054,683,Mastercard,Debit,02/2023,YES,1,$14868,02/2005,2013,No
4279,683,Visa,Debit (Prepaid),12/2012,YES,1,$78,08/2008,2008,No
6012,683,Mastercard,Debit,05/2020,YES,2,$1633,12/2010,2012,No
1428,903,Amex,Credit,11/2024,YES,1,$15700,02/2020,2020,No
1702,903,Mastercard,Debit (Prepaid),04/2023,YES,2,$60,02/2020,2020,No
1946,903,Visa,Debit,08/2023,YES,2,$5222,02/2020,2020,No
1947,903,Visa,Debit,07/2022,YES,1,$14897,02/2020,2020,No
1703,903,Mastercard,Credit,12/2021,YES,2,$10500,02/2020,2020,No
5902,559,Mastercard,Debit,04/2022,YES,1,$17130,12/2007,2011,No
1093,559,Mastercard,Debit,05/2022,YES,2,$9852,02/2006,2012,No
2193,1338,Mastercard,Debit,09/2020,YES,1,$20479,03/2008,2008,No
2194,1338,Mastercard,Debit (Prepaid),09/2011,YES,1,$100,03/2008,2011,No
3099,75,Mastercard,Credit,10/2021,YES,2,$9200,05/2011,2011,No
2227,75,Mastercard,Debit,05/2020,YES,1,$17314,03/2009,2011,No
3781,75,Mastercard,Debit,09/2023,YES,1,$20605,07/2006,2011,No
4113,75,Discover,Credit,05/2024,NO,2,$9500,08/2003,2005,No
1453,861,Discover,Credit,02/2020,YES,2,$10600,02/2020,2020,No
4078,100,Mastercard,Debit,12/2023,YES,1,$34065,07/2019,2019,No
2571,100,Mastercard,Credit,03/2016,YES,1,$16200,04/2008,2013,No
2208,100,Visa,Debit (Prepaid),12/2024,YES,2,$2,03/2008,2010,No
1045,100,Visa,Debit,04/2022,YES,1,$26714,02/2004,2010,No
5000,100,Visa,Debit,01/2020,YES,2,$41084,10/2003,2012,No
3782,100,Mastercard,Debit,05/2008,YES,2,$11392,07/2006,2015,No
5903,100,Mastercard,Debit,10/2022,YES,2,$21205,12/2007,2011,No
3148,1140,Mastercard,Debit,07/2022,YES,2,$22409,05/2014,2014,No
660,1140,Mastercard,Debit,11/2020,YES,1,$26275,01/2020,2020,No
3873,1140,Visa,Debit (Prepaid),08/2020,YES,1,$74,07/2008,2011,No
2845,1140,Mastercard,Debit,07/2023,NO,2,$27298,05/2003,2007,No
2195,1140,Mastercard,Debit (Prepaid),08/2024,YES,1,$61,03/2008,2010,No
41,1140,Mastercard,Credit,07/2022,YES,2,$17000,01/2003,2009,No
411,531,Amex,Credit,09/2023,YES,1,$6700,01/2020,2020,No
1948,531,Visa,Credit,10/2022,YES,1,$9600,02/2020,2020,No
894,531,Visa,Debit,07/2020,YES,1,$16350,01/2020,2020,No
1704,279,Mastercard,Credit,03/2022,NO,2,$8500,02/2020,2020,No
1949,279,Visa,Debit,02/2020,YES,2,$29078,02/2020,2020,No
1129,362,Visa,Debit,09/2024,YES,2,$11868,02/2007,2015,No
5474,362,Visa,Debit,09/2024,YES,1,$9708,11/2006,2013,No
3740,362,Mastercard,Debit,11/2008,YES,2,$16541,07/2005,2011,No
117,1458,Visa,Debit,05/2021,YES,1,$10982,01/2006,2011,No
5243,1458,Mastercard,Debit,06/2020,NO,2,$11094,10/2011,2011,No
895,1458,Visa,Credit,07/2020,YES,2,$8000,01/2020,2020,No
4814,1458,Mastercard,Debit,01/2020,YES,1,$7535,09/2011,2011,No
5741,976,Visa,Debit,07/2022,YES,1,$24296,11/2018,2018,No
6048,976,Mastercard,Debit,05/2023,YES,1,$20816,12/2011,2011,No
2169,976,Discover,Credit,06/2022,YES,2,$14700,03/2008,2019,No
3455,976,Visa,Debit,04/2020,NO,2,$17145,06/2009,2010,No
4501,976,Visa,Debit,08/2022,YES,1,$11391,09/1999,2015,No
5677,71,Mastercard,Debit (Prepaid),07/2022,YES,2,$69,11/2012,2012,No
3481,71,Mastercard,Credit,05/2012,YES,2,$9100,06/2010,2016,No
3354,375,Mastercard,Debit,08/2012,YES,2,$22137,06/2007,2007,No
5537,375,Mastercard,Debit,05/2010,NO,1,$13698,11/2008,2010,No
2608,375,Mastercard,Debit,01/2020,YES,1,$17598,04/2009,2009,No
4580,403,Mastercard,Debit,07/2021,YES,1,$6957,09/2005,2011,No
3988,983,Visa,Debit,11/2021,YES,1,$20839,07/2011,2011,No
5333,983,Visa,Debit,10/2022,YES,1,$28004,10/2018,2018,No
5573,983,Mastercard,Debit,12/2009,YES,1,$19114,11/2009,2010,No
6049,983,Mastercard,Debit,06/2018,YES,2,$13657,12/2011,2011,No
1023,983,Mastercard,Debit,07/2022,YES,1,$23404,02/2003,2010,No
2151,435,Mastercard,Debit,03/2021,YES,2,$4898,03/2007,2015,No
2609,435,Mastercard,Debit,09/2020,NO,1,$10654,04/2009,2010,No
2572,542,Mastercard,Credit,08/2023,YES,2,$6600,04/2008,2016,No
4979,542,Amex,Credit,09/2020,NO,1,$8300,10/2003,2011,No
4195,542,Amex,Credit,11/2020,YES,2,$12300,08/2007,2012,No
2025,542,Mastercard,Credit,03/2024,YES,1,$5500,03/2001,2010,No
4311,542,Visa,Credit,10/2022,YES,1,$5900,08/2009,2010,No
4263,1090,Mastercard,Debit,06/2024,NO,1,$26404,08/2008,2011,No
3619,1090,Mastercard,Debit,08/2023,NO,1,$18773,06/2017,2017,No
4312,1090,Visa,Debit,02/2019,NO,2,$21087,08/2009,2009,No
1293,1090,Visa,Credit,05/2023,YES,2,$14400,02/2011,2011,No
5445,1090,Visa,Credit,08/2024,YES,1,$11400,11/2005,2010,No
2799,60,Mastercard,Debit,02/2020,YES,1,$11159,05/1998,2015,No
4581,60,Mastercard,Debit,04/2017,YES,1,$10233,09/2005,2017,No
5475,60,Visa,Debit (Prepaid),05/2024,YES,3,$45,11/2006,2012,No
4544,60,Visa,Credit,11/2020,YES,2,$6400,09/2003,2010,No
4118,287,Mastercard,Debit,09/2023,YES,1,$14070,08/2003,2014,No
5783,287,Mastercard,Debit,12/2023,NO,2,$2159,12/2002,2006,No
3527,287,Mastercard,Debit,10/2020,YES,1,$26425,06/2011,2011,No
5498,1857,Mastercard,Debit,11/2018,YES,2,$66781,11/2007,2009,No
4418,1857,Visa,Debit,07/2023,YES,1,$47684,08/2013,2013,No
5089,1857,Mastercard,Credit,07/2024,YES,1,$27700,10/2007,2013,No
4015,1857,Visa,Credit,05/2023,YES,2,$10700,07/2013,2013,No
896,1857,Visa,Debit,02/2021,YES,1,$49679,01/2020,2020,No
2473,1291,Visa,Credit,11/2023,YES,2,$1900,04/2004,2011,No
5139,1291,Visa,Debit,01/2021,YES,1,$11885,10/2008,2011,No
4785,408,Mastercard,Debit,02/2015,YES,2,$785,09/2010,2010,No
4960,408,Visa,Credit,03/2022,YES,2,$6900,10/2001,2011,No
2515,408,Visa,Debit,12/2018,YES,1,$22457,04/2006,2010,No
3528,173,Mastercard,Debit,08/2022,YES,2,$14701,06/2011,2011,No
3916,173,Visa,Debit (Prepaid),03/2023,YES,1,$3,07/2009,2020,No
981,173,Mastercard,Debit,02/2002,YES,2,$23502,02/2000,2020,No
3066,173,Mastercard,Debit (Prepaid),12/2021,YES,2,$44,05/2010,2010,No
2228,1787,Mastercard,Debit,06/2022,YES,1,$27590,03/2009,2010,No
4826,1787,Visa,Debit,07/2024,YES,1,$37338,09/2011,2011,No
4645,1787,Mastercard,Credit,04/2023,YES,1,$15500,09/2007,2012,No
5849,1787,Visa,Debit,05/2007,YES,2,$33807,12/2005,2008,No
4978,1787,Visa,Debit,10/2002,YES,2,$24056,10/2002,2009,No
3207,1787,Visa,Credit,10/2003,YES,2,$11400,06/1998,2007,No
990,1800,Mastercard,Debit (Prepaid),10/2011,YES,2,$37,02/2001,2004,No
1130,1800,Visa,Credit,01/2014,YES,1,$11000,02/2007,2010,No
5538,438,Mastercard,Debit,12/2023,YES,2,$2307,11/2008,2010,No
2623,438,Visa,Debit,12/2009,YES,2,$10362,04/2009,2015,No
5265,1988,Visa,Debit,10/2023,YES,1,$37318,10/2012,2012,No
4216,1988,Mastercard,Credit,12/2008,YES,1,$22800,08/2007,2007,No
2161,1988,Visa,Debit,05/2021,YES,1,$57294,03/2007,2010,No
3100,1988,Mastercard,Debit,07/2024,YES,2,$30024,05/2011,2011,No
6063,1988,Visa,Credit,10/2019,YES,2,$37400,12/2011,2011,No
1705,1143,Mastercard,Debit,08/2022,YES,2,$21147,02/2020,2020,No
2610,1250,Mastercard,Debit,02/2024,YES,1,$11857,04/2009,2011,No
5446,1250,Visa,Debit,09/2020,YES,1,$21148,11/2005,2011,No
5419,1250,Visa,Credit,09/2022,YES,1,$7500,11/2004,2016,No
4352,1250,Visa,Debit,04/2021,YES,2,$16261,08/2010,2016,No
2904,1250,Mastercard,Debit,12/2021,YES,2,$14116,05/2006,2015,No
897,1767,Visa,Debit,03/2024,YES,1,$23677,01/2020,2020,No
898,1767,Visa,Debit (Prepaid),12/2020,YES,3,$69,01/2020,2020,No
201,1072,Mastercard,Debit,03/2020,NO,1,$6326,01/2009,2010,No
1706,1841,Mastercard,Debit,07/2020,YES,2,$12461,02/2020,2020,No
1374,1841,Mastercard,Debit,04/2019,YES,2,$17386,02/2017,2017,No
1950,1841,Visa,Credit,01/2024,NO,2,$11300,02/2020,2020,No
314,1202,Mastercard,Debit,10/2014,YES,1,$1,01/2013,2013,No
4438,1202,Visa,Debit,12/2023,NO,2,$1,08/2014,2014,No
2885,1202,Mastercard,Credit,01/2024,YES,2,$0,05/2005,2012,No
1951,235,Visa,Debit,06/2024,YES,1,$23069,02/2020,2020,No
1333,235,Visa,Debit,04/2024,YES,1,$15578,02/2013,2013,No
5126,235,Mastercard,Debit,06/2015,YES,1,$29648,10/2008,2011,No
6064,235,Visa,Credit,10/2018,YES,1,$25300,12/2011,2017,No
4757,1766,Amex,Credit,08/2020,YES,1,$8200,09/2010,2012,No
3011,1766,Mastercard,Debit,05/2023,YES,1,$9257,05/2009,2009,No
3684,1766,Visa,Debit,07/2021,YES,1,$319,07/2002,2016,No
2066,1766,Mastercard,Debit,06/2024,YES,1,$5141,03/2004,2012,No
5665,1702,Visa,Debit,05/2022,YES,2,$23343,11/2011,2011,No
5244,1702,Mastercard,Debit,11/2021,YES,2,$18624,10/2011,2011,No
2755,1702,Visa,Debit,07/2020,YES,1,$15145,04/2015,2015,No
2701,1702,Mastercard,Debit,02/2020,YES,2,$22787,04/2012,2012,No
5749,1702,Visa,Debit (Prepaid),05/2023,YES,1,$94,12/1994,2011,No
4674,1142,Mastercard,Debit,02/2020,YES,2,$43984,09/2008,2013,No
4842,1142,Visa,Credit,09/2022,YES,2,$20600,09/2012,2012,No
4217,1142,Mastercard,Debit,11/2022,YES,2,$29144,08/2007,2010,No
4368,1653,Mastercard,Debit,11/2024,YES,2,$25613,08/2011,2016,No
1707,1982,Mastercard,Debit,02/2020,YES,2,$24954,02/2020,2020,No
3482,1982,Mastercard,Debit,10/2024,YES,1,$24638,06/2010,2010,No
899,1423,Visa,Credit,01/2024,YES,2,$3400,01/2020,2020,No
5863,48,Mastercard,Debit (Prepaid),05/2021,YES,2,$79,12/2006,2020,No
3456,48,Visa,Debit,03/2024,YES,2,$10099,06/2009,2013,No
1294,48,Visa,Debit,12/2022,YES,2,$15018,02/2011,2011,No
6110,1582,Mastercard,Debit,10/2021,YES,2,$31292,12/2015,2015,No
5637,656,Visa,Debit,06/2024,YES,2,$25639,11/2010,2010,No
900,500,Visa,Debit,09/2024,YES,1,$21955,01/2020,2020,No
901,500,Visa,Debit,03/2020,YES,1,$16319,01/2020,2020,No
661,500,Mastercard,Debit,01/2021,YES,2,$14679,01/2020,2020,No
4049,1862,Visa,Credit,09/2023,YES,2,$10200,07/2016,2016,No
1708,1850,Mastercard,Debit,07/2022,YES,2,$8653,02/2020,2020,No
4702,1808,Visa,Credit,08/2021,YES,2,$9100,09/2008,2008,No
1952,1808,Visa,Credit,06/2021,YES,2,$4100,02/2020,2020,No
662,1808,Mastercard,Credit,11/2022,NO,2,$10200,01/2020,2020,No
1184,1808,Mastercard,Debit,04/2022,YES,2,$12736,02/2009,2014,No
4264,277,Mastercard,Debit,12/2023,YES,1,$12930,08/2008,2008,No
4038,277,Mastercard,Debit,04/2024,YES,1,$12457,07/2015,2015,No
2350,277,Visa,Debit (Prepaid),10/2020,YES,1,$145,03/2015,2015,No
5362,277,Discover,Credit,03/2020,YES,1,$8600,11/2000,2014,No
5864,277,Mastercard,Debit,03/2016,NO,2,$14098,12/2006,2009,No
1953,1716,Visa,Credit,07/2021,YES,1,$8400,02/2020,2020,No
3552,516,Mastercard,Debit,11/2021,YES,1,$16679,06/2012,2012,No
2292,516,Visa,Debit,07/2018,YES,1,$13030,03/2011,2011,No
3406,516,Visa,Debit,07/2020,YES,2,$14611,06/2008,2008,No
1709,516,Mastercard,Debit,07/2024,YES,2,$11740,02/2020,2020,No
1710,620,Mastercard,Debit,05/2021,YES,2,$15927,02/2020,2020,No
4084,159,Mastercard,Debit,10/2024,YES,1,$14178,08/1995,2010,No
3223,159,Discover,Credit,08/2014,YES,1,$5900,06/2001,2016,No
3815,159,Mastercard,Debit,07/2021,YES,2,$13955,07/2007,2008,No
1099,478,Visa,Credit,07/2022,YES,1,$15600,02/2006,2011,No
77,478,Mastercard,Debit (Prepaid),11/2023,YES,2,$10,01/2005,2011,No
135,478,Mastercard,Debit,02/2024,NO,3,$19263,01/2007,2011,No
5315,772,Mastercard,Debit,09/2021,YES,1,$38814,10/2016,2016,No
4858,772,Mastercard,Debit,12/2024,YES,1,$15297,09/2013,2013,No
3678,772,Mastercard,Debit (Prepaid),05/2023,YES,2,$62,07/2002,2011,No
3323,1537,Mastercard,Debit (Prepaid),01/2023,YES,2,$51,06/2006,2006,No
3584,1429,Mastercard,Debit,06/2024,YES,1,$13201,06/2014,2014,No
3140,1429,Visa,Debit,03/2015,YES,1,$12353,05/2013,2013,No
3560,1429,Visa,Debit,02/2024,YES,1,$18223,06/2012,2012,No
2378,1429,Visa,Debit,02/2020,YES,1,$18757,03/2018,2018,No
15,1228,Mastercard,Debit,09/2024,YES,1,$5966,01/2000,2020,No
4332,1228,Mastercard,Credit,11/2024,YES,1,$7600,08/2010,2010,No
5273,1228,Mastercard,Debit,10/2022,YES,1,$17832,10/2013,2013,No
3333,1228,Visa,Debit,01/2022,YES,1,$17536,06/2006,2007,No
4419,1228,Visa,Debit,02/2021,NO,1,$30393,08/2013,2013,No
2162,991,Visa,Credit,08/2007,YES,1,$3100,03/2007,2008,No
902,1249,Visa,Credit,02/2020,YES,2,$8700,01/2020,2020,No
4162,1242,Mastercard,Credit,05/2020,YES,1,$6200,08/2005,2010,No
5102,1242,Visa,Credit,09/2024,YES,1,$7400,10/2007,2019,No
4472,1759,Mastercard,Debit,01/2024,YES,2,$14801,08/2018,2018,No
2893,1759,Visa,Credit,10/2024,YES,2,$11000,05/2005,2020,No
4478,1759,Amex,Credit,05/2020,YES,2,$9900,08/2019,2019,No
377,1759,Visa,Debit,06/2023,YES,2,$15773,01/2018,2018,No
4232,1759,Visa,Debit,04/2024,YES,1,$18365,08/2007,2010,No
266,1759,Discover,Credit,10/2023,YES,1,$12300,01/2011,2011,No
4502,1058,Visa,Debit,06/2020,YES,1,$15721,09/1999,2011,No
1102,1058,Amex,Credit,09/2023,YES,1,$7100,02/2007,2009,No
3588,1058,Visa,Credit,08/2014,YES,2,$8000,06/2014,2014,No
4102,1058,Mastercard,Credit,06/2020,YES,1,$7800,08/2001,2013,No
277,1730,Mastercard,Debit,12/2020,YES,1,$25429,01/2011,2011,No
357,1730,Mastercard,Debit,02/2021,YES,1,$16925,01/2016,2016,No
5281,1730,Visa,Debit,06/2023,YES,1,$19450,10/2013,2013,No
1711,1632,Mastercard,Debit,10/2021,YES,2,$2264,02/2020,2020,No
903,1632,Visa,Debit,01/2020,YES,1,$15914,01/2020,2020,No
1954,1632,Visa,Debit (Prepaid),02/2022,YES,1,$58,02/2020,2020,No
904,1632,Visa,Debit,05/2024,NO,1,$22944,01/2020,2020,No
5971,1224,Mastercard,Debit,01/2023,NO,1,$21908,12/2009,2009,No
3874,1224,Visa,Credit,03/2022,YES,2,$15700,07/2008,2011,No
905,1224,Visa,Credit,10/2024,YES,1,$0,01/2020,2020,No
2412,1224,Visa,Credit,05/2024,YES,1,$14800,04/2000,2007,No
2163,1940,Visa,Credit,02/2020,YES,2,$5700,03/2007,2010,No
3859,1940,Mastercard,Credit,02/2020,YES,2,$9100,07/2008,2008,No
4218,1940,Mastercard,Debit,05/2024,YES,2,$8993,08/2007,2010,No
5451,1940,Discover,Credit,06/2023,YES,1,$8000,11/2006,2009,No
3230,1940,Visa,Debit,02/2021,NO,2,$311,06/2001,2011,No
663,1132,Mastercard,Credit,11/2020,YES,2,$9700,01/2020,2020,No
1712,1132,Mastercard,Debit,07/2021,YES,1,$23399,02/2020,2020,No
217,895,Visa,Credit,11/2023,YES,1,$10300,01/2009,2013,No
3483,895,Mastercard,Debit,05/2024,NO,2,$12100,06/2010,2015,No
1116,895,Mastercard,Debit (Prepaid),10/2018,YES,2,$49,02/2007,2017,No
4333,1556,Mastercard,Debit,09/2023,YES,2,$24772,08/2010,2010,No
1955,1556,Visa,Credit,03/2021,YES,2,$15300,02/2020,2020,No
2972,1556,Mastercard,Debit (Prepaid),07/2022,YES,2,$55,05/2008,2008,No
412,1556,Amex,Credit,02/2020,YES,2,$11200,01/2020,2020,No
664,1025,Mastercard,Credit,07/2020,YES,2,$7800,01/2020,2020,No
1713,1025,Mastercard,Debit,02/2020,YES,1,$13558,02/2020,2020,No
906,1025,Visa,Credit,09/2021,YES,1,$8500,01/2020,2020,No
1956,1025,Visa,Debit,02/2022,YES,2,$11237,02/2020,2020,No
2075,1972,Amex,Credit,08/2012,NO,2,$6000,03/2005,2013,No
5539,1972,Mastercard,Debit,09/2022,YES,1,$957,11/2008,2012,No
5321,1972,Amex,Credit,02/2020,YES,2,$4000,10/2017,2017,No
2466,1972,Mastercard,Credit,03/2024,YES,1,$4900,04/2004,2004,No
4041,86,Visa,Debit,04/2022,YES,1,$7967,07/2015,2015,No
3178,86,Mastercard,Debit,06/2019,YES,2,$12490,05/2016,2016,No
907,86,Visa,Debit,07/2020,YES,2,$9043,01/2020,2020,No
1957,344,Visa,Debit,12/2022,YES,2,$1663,02/2020,2020,No
665,344,Mastercard,Debit,06/2022,YES,2,$7283,01/2020,2020,No
666,344,Mastercard,Debit,01/2021,YES,1,$23750,01/2020,2020,No
164,1189,Mastercard,Credit,07/2020,NO,1,$8100,01/2008,2015,No
1958,1189,Visa,Credit,10/2023,YES,2,$11800,02/2020,2020,No
4556,1189,Mastercard,Credit,03/2006,YES,1,$15200,09/2004,2014,No
2067,1189,Mastercard,Debit,10/2024,YES,2,$1633,03/2004,2011,No
6115,921,Visa,Debit,11/2023,YES,1,$22704,12/2015,2015,No
3537,921,Visa,Debit,10/2024,YES,1,$24069,06/2011,2011,No
3457,921,Visa,Debit,05/2020,YES,1,$35073,06/2009,2009,No
4646,921,Mastercard,Debit,07/2023,YES,2,$17731,09/2007,2011,No
2541,921,Mastercard,Debit,04/2021,YES,1,$33980,04/2007,2010,No
3135,921,Mastercard,Debit,03/2024,YES,1,$41714,05/2013,2013,No
2718,921,Mastercard,Debit,06/2024,NO,1,$21466,04/2013,2013,No
4675,921,Mastercard,Debit,02/2024,YES,1,$30547,09/2008,2008,No
5873,393,Visa,Debit,02/2024,YES,2,$9752,12/2006,2008,No
1055,1254,Mastercard,Debit (Prepaid),10/2022,YES,1,$114,02/2005,2009,No
6013,1254,Mastercard,Debit,11/2014,YES,2,$14934,12/2010,2010,No
5616,1254,Mastercard,Debit,11/2024,YES,1,$20294,11/2010,2010,No
1959,1254,Visa,Debit,11/2022,NO,2,$20674,02/2020,2020,No
2510,1254,Mastercard,Credit,05/2021,YES,2,$14000,04/2006,2007,No
4145,212,Visa,Debit,02/2023,YES,2,$9310,08/2004,2009,No
908,212,Visa,Debit (Prepaid),01/2022,YES,1,$60,01/2020,2020,No
1074,212,Visa,Credit,01/2009,YES,1,$10200,02/2005,2008,No
2209,212,Visa,Debit,04/2010,YES,2,$9477,03/2008,2014,No
2418,212,Mastercard,Debit,08/2024,YES,2,$6795,04/2001,2009,No
4052,212,Amex,Credit,07/2023,YES,2,$900,07/2017,2017,No
991,1262,Mastercard,Debit,07/2020,YES,2,$4747,02/2001,2012,No
3324,1262,Mastercard,Debit,04/2022,YES,1,$15702,06/2006,2007,No
2432,1262,Mastercard,Debit,01/2017,YES,1,$3955,04/2002,2013,No
3794,122,Visa,Credit,03/2020,YES,2,$8200,07/2006,2013,No
2447,122,Mastercard,Credit,09/2020,YES,1,$5500,04/2003,2010,No
2034,122,Mastercard,Debit,10/2021,YES,3,$15774,03/2002,2007,No
2134,122,Visa,Credit,10/2023,YES,2,$8800,03/2006,2015,No
1382,1118,Visa,Debit,10/2024,NO,1,$26206,02/2018,2018,No
5274,1118,Mastercard,Debit,04/2021,YES,1,$31113,10/2013,2013,No
667,1118,Mastercard,Credit,02/2020,YES,1,$21100,01/2020,2020,No
362,1118,Visa,Credit,06/2023,YES,1,$17100,01/2017,2017,No
1960,1118,Visa,Debit,06/2020,YES,1,$66287,02/2020,2020,No
329,974,Mastercard,Credit,08/2020,YES,2,$10900,01/2014,2014,No
1131,974,Visa,Debit,07/2007,YES,1,$36271,02/2007,2010,No
2905,1274,Mastercard,Debit,03/2017,YES,2,$5391,05/2006,2013,No
1075,1274,Visa,Debit,12/2020,YES,2,$17537,02/2005,2010,No
3200,1274,Amex,Credit,12/2024,YES,2,$10700,05/2018,2018,No
3149,1274,Mastercard,Debit,09/2023,YES,1,$18573,05/2014,2014,No
1714,1274,Mastercard,Debit,10/2024,YES,1,$18019,02/2020,2020,No
24,1274,Visa,Debit,04/2021,NO,2,$15160,01/2001,2007,No
234,1453,Mastercard,Debit,11/2011,YES,2,$4136,01/2010,2010,No
1117,1453,Mastercard,Debit,11/2024,YES,1,$14561,02/2007,2015,No
668,337,Mastercard,Debit (Prepaid),01/2024,YES,2,$86,01/2020,2020,No
3227,1023,Mastercard,Credit,07/2023,YES,2,$17100,06/2001,2011,No
3603,1903,Visa,Credit,07/2015,YES,2,$12700,06/2015,2015,No
3568,1903,Mastercard,Debit,05/2020,YES,1,$54517,06/2013,2013,No
2973,1903,Mastercard,Credit,05/2021,YES,2,$14900,05/2008,2008,No
3085,604,Amex,Credit,11/2024,YES,1,$16000,05/2011,2011,No
4369,604,Mastercard,Debit,02/2020,NO,2,$30713,08/2011,2016,No
3434,604,Mastercard,Debit,11/2024,YES,2,$33158,06/2009,2013,No
4280,604,Visa,Debit (Prepaid),03/2022,YES,2,$29,08/2008,2014,No
2503,1637,Amex,Credit,05/2022,YES,1,$21700,04/2006,2014,No
5319,1637,Visa,Credit,05/2022,YES,2,$12500,10/2016,2016,No
256,1470,Visa,Debit,07/2020,NO,2,$3365,01/2010,2010,No
2280,1470,Mastercard,Debit,08/2020,YES,1,$14856,03/2011,2011,No
3392,1470,Mastercard,Debit,08/2023,YES,1,$5989,06/2008,2014,No
3896,1470,Mastercard,Debit,01/2024,YES,3,$4394,07/2009,2009,No
4050,1856,Visa,Debit (Prepaid),06/2023,YES,1,$85,07/2016,2016,No
3939,1856,Mastercard,Credit,07/2018,YES,1,$10600,07/2010,2013,No
257,1856,Visa,Debit,03/2016,YES,2,$3909,01/2010,2010,No
5949,1856,Visa,Debit,02/2020,YES,1,$1873,12/2008,2010,No
909,907,Visa,Debit,03/2022,YES,1,$19643,01/2020,2020,No
3783,907,Mastercard,Credit,05/2022,YES,2,$14700,07/2006,2008,No
5203,907,Mastercard,Credit,06/2019,NO,1,$8800,10/2010,2010,No
669,1923,Mastercard,Credit,05/2022,NO,1,$7900,01/2020,2020,No
2152,1923,Mastercard,Debit,05/2014,YES,2,$12653,03/2007,2012,No
2041,1923,Discover,Credit,05/2022,NO,1,$11400,03/2003,2014,No
3255,674,Mastercard,Credit,01/2021,NO,1,$6500,06/2003,2012,No
4786,674,Mastercard,Debit,02/2021,YES,1,$1407,09/2010,2018,No
2680,674,Mastercard,Debit,04/2013,YES,2,$11402,04/2011,2011,No
2405,674,Mastercard,Debit,03/2021,YES,2,$4501,04/1999,2015,No
5574,674,Mastercard,Debit,02/2022,YES,1,$1399,11/2009,2009,No
5348,674,Mastercard,Debit,10/2020,YES,2,$14466,11/1995,2007,No
47,674,Visa,Credit,04/2003,YES,1,$8000,01/2003,2008,No
910,1665,Visa,Debit,02/2020,YES,1,$31916,01/2020,2020,No
1961,548,Visa,Credit,08/2021,YES,3,$7800,02/2020,2020,No
1185,548,Mastercard,Debit,08/2013,NO,1,$570,02/2009,2010,No
6014,548,Mastercard,Debit,06/2023,YES,2,$13187,12/2010,2010,No
1715,548,Mastercard,Debit (Prepaid),02/2020,YES,1,$50,02/2020,2020,No
2651,209,Mastercard,Credit,06/2020,YES,1,$8900,04/2010,2010,No
3795,209,Visa,Debit,07/2021,YES,2,$10681,07/2006,2013,No
3218,209,Mastercard,Credit,11/2023,NO,2,$2500,06/2000,2011,No
258,209,Visa,Credit,05/2020,YES,2,$8700,01/2010,2010,No
5575,209,Mastercard,Debit,02/2024,YES,2,$10227,11/2009,2012,No
4676,209,Mastercard,Debit,12/2021,YES,2,$2507,09/2008,2010,No
2806,730,Visa,Credit,01/2021,YES,2,$19400,05/1999,2011,No
1118,730,Mastercard,Debit,08/2023,NO,1,$29268,02/2007,2010,No
4827,730,Visa,Debit,10/2024,YES,2,$10756,09/2011,2011,No
1716,670,Mastercard,Debit (Prepaid),08/2021,YES,2,$57,02/2020,2020,No
911,670,Visa,Debit,05/2020,YES,2,$10705,01/2020,2020,No
5334,627,Visa,Credit,08/2021,YES,2,$4200,10/2018,2018,No
2210,924,Visa,Credit,09/2017,YES,2,$5800,03/2008,2011,No
2739,894,Visa,Credit,02/2020,YES,3,$9300,04/2014,2014,No
4612,894,Mastercard,Debit (Prepaid),08/2009,YES,1,$56,09/2006,2009,No
2123,894,Mastercard,Credit,12/2020,YES,1,$8200,03/2006,2014,No
1717,1633,Mastercard,Debit (Prepaid),12/2022,NO,2,$78,02/2020,2020,No
3038,1633,Amex,Credit,06/2020,NO,1,$15000,05/2010,2015,No
5012,1633,Mastercard,Debit,09/2022,YES,1,$11495,10/2004,2014,No
670,1633,Mastercard,Debit,08/2024,YES,2,$21982,01/2020,2020,No
671,1593,Mastercard,Debit,05/2021,YES,1,$20278,01/2020,2020,No
1718,1593,Mastercard,Debit,02/2020,NO,2,$13139,02/2020,2020,No
912,1593,Visa,Credit,10/2022,YES,1,$9900,01/2020,2020,No
1962,1593,Visa,Credit,03/2023,YES,1,$8900,02/2020,2020,No
2516,720,Visa,Debit,06/2013,NO,1,$4976,04/2006,2014,No
4136,720,Mastercard,Debit,08/2021,YES,1,$974,08/2004,2008,No
1963,720,Visa,Credit,04/2024,YES,2,$2000,02/2020,2020,No
2239,264,Visa,Credit,03/2022,YES,2,$10600,03/2009,2011,No
2729,827,Mastercard,Credit,05/2024,YES,2,$7100,04/2014,2014,No
2836,827,Visa,Credit,08/2024,YES,1,$6800,05/2002,2012,No
3897,827,Mastercard,Debit,08/2024,YES,2,$4887,07/2009,2015,No
4514,827,Mastercard,Debit,10/2012,YES,2,$8133,09/2001,2012,No
2815,414,Mastercard,Debit,02/2022,YES,1,$62703,05/2001,2007,No
3958,414,Visa,Credit,07/2018,YES,1,$23500,07/2010,2010,No
235,1439,Mastercard,Debit,11/2017,YES,2,$10707,01/2010,2010,No
6094,1439,Visa,Debit,11/2022,YES,1,$18945,12/2013,2013,No
2246,843,Discover,Credit,03/2023,YES,2,$6600,03/2010,2011,No
913,843,Visa,Debit (Prepaid),05/2022,NO,1,$57,01/2020,2020,No
4828,843,Visa,Debit,03/2022,YES,1,$11996,09/2011,2011,No
4370,843,Mastercard,Debit,10/2021,YES,1,$18026,08/2011,2011,No
184,843,Visa,Debit,03/2017,YES,2,$10495,01/2008,2011,No
4081,843,Visa,Debit,05/2021,NO,2,$9946,07/2019,2019,No
2592,1008,Visa,Debit,01/2023,YES,2,$20245,04/2008,2008,No
5850,1008,Visa,Credit,02/2020,NO,1,$5100,12/2005,2010,No
2325,1008,Visa,Debit,05/2022,YES,1,$36515,03/2013,2013,No
382,1008,Mastercard,Debit,12/2024,YES,2,$15306,01/2019,2019,No
4593,1008,Amex,Credit,04/2009,YES,1,$20600,09/2006,2008,No
6036,1834,Amex,Credit,06/2022,YES,1,$7300,12/2011,2011,No
1119,1834,Mastercard,Debit,06/2023,YES,2,$10348,02/2007,2014,No
5617,1834,Mastercard,Credit,03/2016,YES,1,$3300,11/2010,2010,No
1964,1126,Visa,Debit,03/2022,YES,1,$20318,02/2020,2020,No
672,881,Mastercard,Debit,05/2020,YES,1,$28163,01/2020,2020,No
4732,881,Mastercard,Debit (Prepaid),10/2024,YES,2,$63,09/2009,2011,No
4439,881,Visa,Debit,04/2018,YES,1,$31491,08/2014,2014,No
4287,881,Amex,Credit,10/2021,YES,1,$22700,08/2009,2009,No
5714,679,Visa,Debit (Prepaid),11/2016,YES,2,$73,11/2015,2015,No
2894,679,Amex,Credit,11/2017,YES,1,$9900,05/2006,2007,No
5972,679,Mastercard,Debit,04/2021,YES,2,$14713,12/2009,2011,No
3741,679,Mastercard,Debit,05/2023,YES,2,$2290,07/2005,2011,No
673,1333,Mastercard,Debit,01/2020,NO,1,$28203,01/2020,2020,No
674,1333,Mastercard,Credit,01/2020,YES,1,$30200,01/2020,2020,No
1719,1333,Mastercard,Debit,11/2021,YES,2,$3565,02/2020,2020,No
675,1333,Mastercard,Debit,06/2020,YES,1,$3565,01/2020,2020,No
1199,398,Visa,Debit,03/2021,YES,1,$17111,02/2009,2010,No
2012,398,Visa,Debit,08/2021,YES,2,$21264,03/1999,2009,No
5323,398,Mastercard,Debit,02/2020,YES,1,$15125,10/2017,2017,No
2337,398,Visa,Debit,02/2020,YES,2,$16472,03/2014,2014,No
676,151,Mastercard,Credit,11/2021,NO,2,$12800,01/2020,2020,No
1037,106,Mastercard,Debit,11/2020,YES,2,$11154,02/2004,2007,No
4654,106,Visa,Debit,11/2007,YES,1,$19419,09/2007,2010,No
2124,106,Mastercard,Credit,06/2022,YES,2,$9100,03/2006,2011,No
3484,106,Mastercard,Debit,05/2022,YES,1,$9471,06/2010,2011,No
5310,106,Visa,Debit,02/2024,YES,2,$10331,10/2015,2015,No
2794,1784,Mastercard,Credit,11/2004,YES,1,$15900,05/1997,2009,No
5330,1924,Mastercard,Credit,05/2020,YES,1,$5200,10/2018,2018,No
5739,671,Mastercard,Credit,02/2020,YES,1,$8600,11/2018,2018,No
5592,671,Visa,Credit,05/2024,YES,1,$8700,11/2009,2009,No
3485,1472,Mastercard,Debit,03/2018,YES,1,$25236,06/2010,2011,No
2196,1472,Mastercard,Credit,02/2011,YES,2,$10400,03/2008,2008,No
3393,1472,Mastercard,Debit (Prepaid),10/2024,YES,2,$38,06/2008,2013,No
4647,855,Mastercard,Debit (Prepaid),09/2020,YES,1,$106,09/2007,2010,No
3670,855,Visa,Debit,04/2021,YES,1,$15975,07/2001,2011,No
5916,855,Visa,Debit,12/2023,YES,2,$12188,12/2007,2011,No
5715,855,Visa,Debit,03/2022,YES,2,$11928,11/2015,2015,No
2702,855,Mastercard,Debit,08/2021,YES,2,$13841,04/2012,2012,No
4317,981,Amex,Credit,03/2024,YES,1,$7500,08/2010,2011,No
3828,1030,Visa,Debit,09/2013,YES,2,$4269,07/2007,2009,No
2936,1030,Mastercard,Credit,02/2024,YES,2,$12600,05/2007,2011,No
2415,1030,Amex,Credit,09/2003,YES,1,$16500,04/2001,2016,No
4677,1030,Mastercard,Debit,11/2008,YES,1,$19152,09/2008,2009,No
4072,384,Visa,Debit,02/2024,YES,2,$19349,07/2018,2018,No
4492,80,Visa,Debit,09/2022,YES,2,$1703,09/1997,2009,No
307,80,Visa,Credit,06/2017,YES,2,$2800,01/2012,2012,No
2689,80,Visa,Debit,02/2024,YES,1,$13569,04/2011,2011,No
3829,80,Visa,Credit,01/2024,YES,1,$10700,07/2007,2008,No
3917,80,Visa,Credit,06/2022,YES,2,$14500,07/2009,2009,No
5027,1331,Mastercard,Debit (Prepaid),09/2021,YES,1,$26,10/2005,2010,No
6130,205,Visa,Debit,05/2021,YES,2,$25621,12/2016,2016,No
3620,205,Mastercard,Debit,05/2024,YES,1,$12193,06/2017,2017,No
3639,205,Visa,Debit,07/2018,YES,1,$14247,06/2018,2018,No
2861,205,Mastercard,Debit,02/2020,YES,2,$14859,05/2004,2009,No
5037,1048,Visa,Credit,09/2014,NO,2,$13400,10/2005,2011,No
2048,1048,Mastercard,Credit,08/2020,YES,2,$12500,03/2003,2003,No
4509,1048,Amex,Credit,12/2009,YES,2,$3800,09/2001,2009,No
2542,1048,Mastercard,Debit,06/2014,YES,2,$22527,04/2007,2011,No
677,1801,Mastercard,Debit,09/2020,YES,1,$7284,01/2020,2020,No
5266,1490,Visa,Debit,04/2022,YES,1,$22856,10/2012,2012,No
1369,1490,Visa,Debit,01/2021,YES,1,$20225,02/2016,2016,No
1965,1490,Visa,Debit,02/2020,NO,1,$15742,02/2020,2020,No
5950,1490,Visa,Credit,11/2021,NO,1,$11400,12/2008,2008,No
2524,818,Amex,Credit,08/2008,YES,1,$6200,04/2007,2014,No
3728,818,Amex,Credit,10/2005,YES,2,$500,07/2005,2009,No
5540,818,Mastercard,Credit,11/2021,YES,1,$7100,11/2008,2017,No
5874,818,Visa,Debit,03/2022,YES,1,$15522,12/2006,2015,No
992,818,Mastercard,Debit,09/2023,YES,2,$19640,02/2001,2010,No
5499,1463,Mastercard,Debit,06/2020,YES,1,$13930,11/2007,2010,No
3591,1463,Mastercard,Debit,02/2021,YES,2,$22357,06/2015,2015,No
5245,1463,Mastercard,Credit,01/2022,YES,1,$7700,10/2011,2011,No
3542,1463,Amex,Credit,09/2023,NO,1,$5100,06/2012,2012,No
678,1835,Mastercard,Debit,01/2020,YES,2,$12191,01/2020,2020,No
2351,952,Visa,Debit,02/2024,YES,1,$58234,03/2015,2015,No
1275,952,Mastercard,Debit,07/2021,YES,2,$76966,02/2011,2011,No
3611,616,Mastercard,Credit,05/2023,YES,2,$4500,06/2016,2016,No
6050,638,Mastercard,Debit,07/2024,YES,1,$25551,12/2011,2011,No
2068,638,Mastercard,Debit,03/2021,YES,2,$21253,03/2004,2011,No
3394,638,Mastercard,Debit,12/2023,YES,2,$10274,06/2008,2008,No
4445,638,Amex,Credit,11/2015,YES,2,$4800,08/2015,2015,No
914,638,Visa,Debit,12/2023,YES,2,$19934,01/2020,2020,No
1966,1366,Visa,Debit,09/2022,YES,2,$8829,02/2020,2020,No
315,1366,Mastercard,Credit,07/2024,YES,2,$12400,01/2013,2013,No
2374,1366,Mastercard,Debit,02/2020,YES,1,$17691,03/2018,2018,No
2974,443,Mastercard,Debit,05/2013,YES,2,$15317,05/2008,2013,No
6111,336,Mastercard,Debit,06/2020,YES,1,$19612,12/2015,2015,No
679,611,Mastercard,Debit,01/2020,YES,2,$10304,01/2020,2020,No
2364,973,Mastercard,Debit,02/2021,YES,1,$16229,03/2017,2017,No
5716,973,Visa,Debit,11/2024,YES,1,$8366,11/2015,2015,No
5706,973,Visa,Debit,06/2023,YES,2,$7688,11/2014,2014,No
3833,973,Amex,Credit,09/2024,YES,1,$8300,07/2008,2015,No
680,632,Mastercard,Debit,05/2022,YES,1,$16557,01/2020,2020,No
3898,1918,Mastercard,Debit,08/2024,YES,2,$18627,07/2009,2015,No
1967,1827,Visa,Debit,08/2022,YES,1,$23156,02/2020,2020,No
3959,1827,Visa,Debit,02/2024,YES,1,$30041,07/2010,2011,No
5246,1827,Mastercard,Debit,02/2024,YES,1,$29137,10/2011,2011,No
4546,1827,Amex,Credit,07/2021,YES,1,$10400,09/2004,2017,No
3395,1827,Mastercard,Credit,02/2022,YES,2,$13500,06/2008,2008,No
5727,1827,Mastercard,Debit,02/2023,YES,1,$17663,11/2016,2016,No
681,70,Mastercard,Debit,08/2021,NO,2,$30637,01/2020,2020,No
4464,672,Mastercard,Debit,10/2021,NO,1,$8540,08/2017,2017,No
3396,672,Mastercard,Debit,02/2012,YES,1,$9397,06/2008,2010,No
915,672,Visa,Debit,09/2020,YES,1,$12329,01/2020,2020,No
5001,672,Visa,Debit,01/2020,YES,1,$8333,10/2003,2007,No
5345,1461,Visa,Credit,09/2020,YES,2,$5200,10/2019,2019,No
2668,1461,Visa,Debit,08/2010,YES,2,$35757,04/2010,2011,No
2886,1461,Mastercard,Credit,03/2015,NO,1,$16600,05/2005,2015,No
4535,1461,Mastercard,Debit,06/2020,YES,2,$23754,09/2003,2018,No
2090,1461,Mastercard,Debit,10/2024,YES,2,$14480,03/2005,2009,No
103,1461,Mastercard,Debit,10/2023,YES,2,$6237,01/2006,2007,No
916,510,Visa,Credit,02/2023,NO,1,$9200,01/2020,2020,No
917,510,Visa,Debit,01/2020,YES,2,$14797,01/2020,2020,No
5638,256,Visa,Credit,02/2023,YES,1,$9400,11/2010,2013,No
3989,256,Visa,Debit (Prepaid),06/2024,YES,2,$50,07/2011,2011,No
6089,256,Mastercard,Credit,02/2020,YES,2,$1800,12/2013,2013,No
2850,256,Amex,Credit,10/2024,YES,1,$12400,05/2004,2014,No
147,256,Visa,Credit,12/2010,YES,2,$14300,01/2007,2007,No
1276,256,Mastercard,Debit,12/2024,YES,1,$27489,02/2011,2011,No
1968,1410,Visa,Debit,01/2022,YES,2,$7846,02/2020,2020,No
1720,574,Mastercard,Credit,09/2021,YES,2,$12500,02/2020,2020,No
435,574,Discover,Credit,04/2020,NO,2,$10500,01/2020,2020,No
1721,574,Mastercard,Debit (Prepaid),02/2020,YES,1,$72,02/2020,2020,No
1722,574,Mastercard,Credit,05/2020,YES,1,$8800,02/2020,2020,No
6015,1837,Mastercard,Debit,01/2011,YES,1,$11199,12/2010,2010,No
259,1837,Visa,Debit,05/2020,YES,1,$8800,01/2010,2010,No
5275,1837,Mastercard,Debit (Prepaid),09/2021,YES,1,$83,10/2013,2013,No
2256,1837,Mastercard,Debit,11/2024,NO,1,$7217,03/2010,2010,No
5307,1974,Mastercard,Credit,09/2022,YES,2,$9000,10/2015,2015,No
278,1974,Mastercard,Debit,01/2020,YES,1,$15195,01/2011,2011,No
2257,1974,Mastercard,Debit,02/2024,YES,1,$14747,03/2010,2010,No
1723,30,Mastercard,Debit,02/2020,YES,2,$8998,02/2020,2020,No
1429,1270,Amex,Credit,03/2023,YES,2,$20400,02/2020,2020,No
4313,1270,Visa,Debit,09/2022,YES,2,$13653,08/2009,2016,No
222,1815,Amex,Credit,02/2020,YES,2,$17800,01/2010,2011,No
4582,1815,Mastercard,Debit (Prepaid),07/2024,YES,2,$52,09/2005,2015,No
4371,1815,Mastercard,Debit (Prepaid),09/2023,YES,2,$56,08/2011,2011,No
2035,1815,Mastercard,Debit,01/2024,YES,2,$3099,03/2002,2012,No
682,805,Mastercard,Debit,05/2020,YES,1,$11805,01/2020,2020,No
918,805,Visa,Debit,01/2020,YES,1,$17535,01/2020,2020,No
3233,464,Amex,Credit,08/2022,YES,2,$18000,06/2002,2011,No
1724,1042,Mastercard,Debit (Prepaid),11/2024,YES,2,$95,02/2020,2020,No
2170,1579,Discover,Credit,09/2020,YES,1,$8200,03/2008,2014,No
11,1579,Mastercard,Debit,11/2023,YES,2,$2143,01/1999,2013,No
4163,1579,Mastercard,Debit,12/2021,YES,2,$6550,08/2005,2016,No
3976,1579,Mastercard,Credit,04/2024,YES,2,$12800,07/2011,2011,No
3830,1579,Visa,Debit,02/2020,YES,1,$15960,07/2007,2010,No
683,830,Mastercard,Credit,02/2020,YES,2,$19000,01/2020,2020,No
3899,830,Mastercard,Debit,06/2016,YES,1,$26575,07/2009,2011,No
4678,465,Mastercard,Credit,06/2021,YES,2,$5800,09/2008,2008,No
2433,465,Mastercard,Debit,05/2021,YES,2,$16047,04/2002,2011,No
4879,1954,Visa,Credit,04/2024,YES,2,$5900,09/2014,2014,No
2387,1954,Mastercard,Debit,05/2024,YES,2,$22722,03/2019,2019,No
316,1954,Mastercard,Debit,07/2013,YES,2,$21258,01/2013,2013,No
4749,959,Visa,Debit (Prepaid),07/2020,YES,2,$18,09/2009,2009,No
1231,959,Mastercard,Debit (Prepaid),08/2023,YES,2,$8,02/2010,2017,No
5693,1049,Visa,Debit,03/2023,YES,2,$14446,11/2013,2013,No
2816,1049,Mastercard,Credit,08/2016,YES,1,$10500,05/2001,2009,No
5823,1049,Visa,Debit,12/2023,YES,2,$13122,12/2004,2009,No
5553,1049,Visa,Debit,11/2012,YES,1,$24519,11/2008,2014,No
1310,1049,Visa,Credit,05/2015,YES,1,$9400,02/2012,2012,No
4265,1049,Mastercard,Debit,03/2022,YES,2,$12121,08/2008,2010,No
684,1925,Mastercard,Credit,11/2021,NO,2,$1300,01/2020,2020,No
685,1925,Mastercard,Credit,01/2020,YES,1,$17500,01/2020,2020,No
3940,1088,Mastercard,Credit,01/2023,YES,1,$10700,07/2010,2011,No
4574,1088,Amex,Credit,01/2023,YES,2,$7300,09/2005,2010,No
6095,1088,Visa,Debit,06/2016,YES,1,$15194,12/2013,2013,No
4106,14,Visa,Credit,06/2024,YES,1,$5400,08/2001,2008,No
2076,14,Amex,Credit,12/2022,YES,2,$14100,03/2005,2008,No
2164,14,Visa,Debit,04/2018,YES,2,$3899,03/2007,2008,No
5159,14,Mastercard,Debit (Prepaid),05/2020,YES,1,$22,10/2009,2010,No
3082,14,Visa,Debit,04/2022,NO,1,$16464,05/2010,2012,No
4266,162,Mastercard,Debit,05/2022,YES,1,$39591,08/2008,2011,No
5938,162,Mastercard,Debit,12/2022,YES,1,$39452,12/2008,2010,No
5694,162,Visa,Debit,03/2014,YES,2,$27266,11/2013,2013,No
2240,162,Visa,Credit,10/2020,YES,2,$15400,03/2009,2012,No
3569,162,Mastercard,Credit,02/2014,YES,1,$16700,06/2013,2013,No
5371,1692,Mastercard,Debit,03/2020,YES,1,$38048,11/2001,2007,No
5618,1692,Mastercard,Debit,01/2022,YES,2,$7564,11/2010,2013,No
3646,1692,Mastercard,Debit,11/2023,YES,2,$35203,07/1991,2010,No
5838,380,Mastercard,Credit,07/2023,YES,2,$10800,12/2005,2010,No
3538,380,Visa,Credit,05/2023,NO,2,$8000,06/2011,2011,No
4219,141,Mastercard,Debit,02/2024,YES,1,$4729,08/2007,2014,No
3028,141,Visa,Credit,01/2021,YES,2,$6400,05/2009,2009,No
5514,141,Visa,Credit,02/2022,YES,1,$9200,11/2007,2014,No
4073,141,Visa,Credit,08/2018,NO,1,$8000,07/2018,2018,No
2952,141,Visa,Debit,02/2022,YES,2,$17235,05/2007,2007,No
3941,1348,Mastercard,Debit,11/2020,YES,2,$1,07/2010,2010,No
3086,1348,Amex,Credit,10/2021,YES,2,$0,05/2011,2011,No
2669,1348,Visa,Debit,09/2010,YES,1,$1,04/2010,2010,No
4042,1348,Visa,Debit,08/2018,YES,1,$1,07/2015,2015,No
4137,1348,Mastercard,Debit,12/2024,YES,1,$0,08/2004,2009,No
4982,1348,Discover,Credit,04/2023,YES,1,$0,10/2003,2007,No
6137,1256,Mastercard,Debit,10/2021,YES,2,$28850,12/2018,2018,No
5160,1256,Mastercard,Credit,06/2015,YES,1,$15700,10/2009,2010,No
236,1256,Mastercard,Debit (Prepaid),01/2021,YES,2,$79,01/2010,2011,No
6116,1256,Visa,Credit,01/2020,YES,2,$18500,12/2015,2015,No
1969,1690,Visa,Debit,05/2022,YES,2,$14495,02/2020,2020,No
686,1690,Mastercard,Debit,12/2023,YES,2,$15906,01/2020,2020,No
5717,169,Visa,Debit,07/2022,YES,1,$10194,11/2015,2015,No
5655,169,Mastercard,Debit (Prepaid),09/2021,YES,2,$91,11/2011,2011,No
3256,169,Mastercard,Debit,02/2024,YES,1,$12591,06/2003,2010,No
2317,169,Mastercard,Debit,07/2022,NO,1,$10574,03/2013,2013,No
4220,1955,Mastercard,Debit (Prepaid),01/2020,YES,2,$92,08/2007,2009,No
4184,1955,Mastercard,Debit,03/2021,YES,1,$7338,08/2006,2016,No
5712,1807,Mastercard,Debit,03/2022,YES,2,$26838,11/2015,2015,No
4123,1807,Visa,Debit,09/2009,YES,1,$38154,08/2003,2011,No
2823,1807,Amex,Credit,08/2020,YES,2,$13200,05/2002,2014,No
165,1807,Mastercard,Debit (Prepaid),03/2014,YES,1,$89,01/2008,2015,No
2837,1807,Amex,Credit,04/2007,YES,2,$3900,05/2003,2008,No
5875,102,Visa,Debit,07/2024,YES,1,$7676,12/2006,2010,No
3816,257,Mastercard,Debit,03/2022,YES,2,$13345,07/2007,2010,No
4386,257,Visa,Credit,11/2024,YES,1,$8000,08/2011,2011,No
5127,257,Mastercard,Debit (Prepaid),03/2022,YES,2,$87,10/2008,2012,No
104,257,Mastercard,Debit,10/2024,YES,2,$6395,01/2006,2014,No
687,911,Mastercard,Credit,01/2023,YES,1,$8900,01/2020,2020,No
2748,987,Mastercard,Debit (Prepaid),02/2024,YES,1,$69,04/2015,2015,No
4146,987,Visa,Debit,01/2021,YES,1,$18912,08/2004,2008,No
5090,987,Mastercard,Debit,09/2021,YES,1,$23021,10/2007,2011,No
373,987,Mastercard,Debit,08/2021,YES,1,$21985,01/2018,2018,No
919,101,Visa,Credit,12/2023,YES,2,$5300,01/2020,2020,No
237,1141,Mastercard,Debit,07/2020,YES,2,$2397,01/2010,2013,No
3817,1141,Mastercard,Credit,11/2012,YES,2,$2800,07/2007,2010,No
3624,1141,Visa,Debit,02/2020,YES,1,$10466,06/2017,2017,No
3269,1141,Amex,Credit,12/2012,NO,1,$9400,06/2004,2011,No
5224,1141,Visa,Debit,06/2023,YES,2,$20161,10/2010,2010,No
1277,1682,Mastercard,Credit,09/2024,YES,1,$12600,02/2011,2015,No
2517,1682,Visa,Credit,01/2024,NO,1,$14300,04/2006,2007,No
3407,1682,Visa,Debit,03/2022,YES,1,$23452,06/2008,2011,No
238,1682,Mastercard,Credit,10/2021,YES,2,$13200,01/2010,2014,No
3408,1682,Visa,Credit,01/2013,YES,1,$13500,06/2008,2008,No
920,481,Visa,Credit,01/2024,YES,1,$17600,01/2020,2020,No
688,978,Mastercard,Debit,08/2020,YES,2,$16558,01/2020,2020,No
689,1550,Mastercard,Debit,12/2024,YES,1,$44717,01/2020,2020,No
1725,1550,Mastercard,Credit,11/2021,NO,1,$13700,02/2020,2020,No
690,1550,Mastercard,Debit,04/2020,YES,2,$14332,01/2020,2020,No
1970,1162,Visa,Debit,06/2022,YES,1,$15695,02/2020,2020,No
1454,1162,Discover,Credit,02/2020,YES,1,$13700,02/2020,2020,No
2365,172,Mastercard,Debit,10/2020,YES,1,$19600,03/2017,2017,No
3458,172,Visa,Debit,06/2021,YES,1,$17815,06/2009,2010,No
1232,172,Mastercard,Debit,11/2015,YES,1,$16373,02/2010,2010,No
31,892,Visa,Debit,11/2021,YES,2,$14340,01/2002,2009,No
5656,315,Mastercard,Debit (Prepaid),08/2024,YES,1,$109,11/2011,2011,No
1726,315,Mastercard,Debit,03/2023,YES,1,$16218,02/2020,2020,No
3121,315,Mastercard,Debit,05/2024,YES,1,$22115,05/2012,2012,No
3246,1739,Visa,Debit (Prepaid),04/2024,YES,1,$80,06/2002,2011,No
1727,836,Mastercard,Debit,02/2020,NO,2,$18261,02/2020,2020,No
2413,39,Visa,Debit,12/2012,YES,1,$1325,04/2000,2011,No
2039,39,Visa,Credit,01/2023,YES,2,$16900,03/2002,2007,No
413,155,Amex,Credit,02/2023,YES,2,$6500,01/2020,2020,No
279,155,Mastercard,Credit,02/2021,NO,1,$7800,01/2011,2011,No
239,155,Mastercard,Debit,12/2022,NO,1,$9294,01/2010,2011,No
2281,155,Mastercard,Debit,12/2011,YES,2,$12163,03/2011,2011,No
3111,155,Visa,Debit,01/2020,YES,2,$14959,05/2011,2011,No
5793,155,Mastercard,Debit (Prepaid),11/2023,YES,2,$15,12/2003,2010,No
2026,1305,Mastercard,Debit,07/2022,YES,1,$18118,03/2001,2007,No
1260,1305,Visa,Debit,03/2023,YES,2,$22025,02/2010,2010,No
2229,1305,Mastercard,Credit,09/2011,YES,1,$9100,03/2009,2015,No
3409,1504,Visa,Debit,10/2013,YES,2,$16064,06/2008,2011,No
3486,1504,Mastercard,Credit,09/2024,YES,1,$6000,06/2010,2011,No
5373,1504,Visa,Debit,02/2023,YES,2,$7136,11/2001,2014,No
4963,1504,Discover,Credit,04/2021,YES,1,$3900,10/2002,2010,No
3977,1504,Mastercard,Debit,01/2020,YES,1,$8444,07/2011,2011,No
4119,1105,Mastercard,Debit,11/2020,YES,2,$12692,08/2003,2012,No
2036,1105,Mastercard,Debit,04/2020,YES,2,$9027,03/2002,2015,No
218,1105,Visa,Debit,10/2020,YES,1,$4507,01/2009,2019,No
691,1761,Mastercard,Debit,05/2024,YES,1,$17963,01/2020,2020,No
1971,1761,Visa,Credit,02/2020,YES,1,$12200,02/2020,2020,No
1728,1761,Mastercard,Debit,02/2020,YES,2,$1996,02/2020,2020,No
1729,215,Mastercard,Debit,01/2021,YES,2,$19998,02/2020,2020,No
1430,215,Amex,Credit,02/2020,YES,2,$15600,02/2020,2020,No
1325,948,Mastercard,Debit,05/2023,YES,1,$13035,02/2013,2013,No
3083,948,Visa,Credit,06/2023,YES,2,$8300,05/2010,2010,No
1265,948,Amex,Credit,07/2024,YES,2,$6200,02/2011,2011,No
5695,948,Visa,Debit,03/2024,YES,2,$11795,11/2013,2013,No
3376,948,Discover,Credit,05/2011,YES,1,$7900,06/2008,2013,No
1455,862,Discover,Credit,02/2020,YES,1,$12900,02/2020,2020,No
921,862,Visa,Debit,12/2020,YES,2,$6556,01/2020,2020,No
3167,862,Mastercard,Credit,05/2022,NO,1,$3800,05/2015,2015,No
5103,1514,Visa,Credit,10/2021,YES,2,$7800,10/2007,2008,No
3325,1514,Mastercard,Credit,02/2016,YES,2,$10900,06/2006,2012,No
78,1514,Mastercard,Debit,12/2024,YES,1,$1846,01/2005,2005,No
4679,1514,Mastercard,Debit (Prepaid),08/2016,YES,1,$76,09/2008,2015,No
4334,1514,Mastercard,Credit,07/2020,NO,1,$0,08/2010,2010,No
2390,1698,Visa,Credit,01/2022,NO,1,$13400,03/2019,2019,No
922,1698,Visa,Credit,01/2020,YES,1,$15800,01/2020,2020,No
5639,1698,Visa,Debit,06/2011,YES,1,$14744,11/2010,2010,No
436,1316,Discover,Credit,02/2020,YES,1,$8700,01/2020,2020,No
692,1316,Mastercard,Debit,01/2022,YES,1,$12088,01/2020,2020,No
330,1316,Mastercard,Credit,11/2024,YES,2,$4700,01/2014,2014,No
1972,1316,Visa,Debit,01/2024,YES,2,$11983,02/2020,2020,No
1730,1316,Mastercard,Debit,02/2020,YES,1,$11557,02/2020,2020,No
693,1831,Mastercard,Debit,02/2020,YES,1,$12152,01/2020,2020,No
437,1831,Discover,Credit,10/2023,YES,2,$11100,01/2020,2020,No
2293,889,Visa,Credit,09/2022,YES,1,$14700,03/2011,2011,No
4522,526,Mastercard,Debit (Prepaid),06/2021,NO,1,$52,09/2002,2013,No
5204,526,Mastercard,Debit,12/2016,YES,1,$3224,10/2010,2013,No
5917,526,Visa,Debit,11/2020,YES,2,$23001,12/2007,2013,No
2091,526,Mastercard,Debit,01/2022,YES,1,$23652,03/2005,2014,No
5500,526,Mastercard,Debit (Prepaid),09/2020,YES,1,$86,11/2007,2013,No
5091,231,Mastercard,Debit (Prepaid),08/2021,YES,2,$80,10/2007,2011,No
4221,231,Mastercard,Debit,10/2022,YES,1,$26097,08/2007,2011,No
5718,231,Visa,Debit,05/2023,YES,1,$11032,11/2015,2015,No
2474,231,Visa,Credit,01/2020,YES,1,$8900,04/2004,2011,No
414,231,Amex,Credit,02/2020,YES,2,$4700,01/2020,2020,No
5255,910,Visa,Debit,05/2022,YES,1,$10523,10/2011,2011,No
1431,910,Amex,Credit,02/2020,YES,1,$8900,02/2020,2020,No
3918,876,Visa,Debit,05/2021,YES,1,$6489,07/2009,2013,No
5773,876,Mastercard,Debit,09/2020,NO,2,$9146,12/2001,2012,No
5342,1509,Mastercard,Debit (Prepaid),03/2024,YES,1,$66,10/2019,2019,No
2352,1509,Visa,Debit,01/2023,NO,1,$18138,03/2015,2015,No
1347,1509,Mastercard,Debit,02/2021,YES,1,$23238,02/2014,2014,No
5276,1509,Mastercard,Debit,09/2022,YES,1,$20706,10/2013,2013,No
3685,1509,Visa,Credit,08/2022,YES,2,$12100,07/2002,2010,No
5696,1422,Visa,Debit,03/2020,YES,2,$19781,11/2013,2013,No
4983,1422,Discover,Credit,03/2023,YES,2,$9300,10/2003,2012,No
3212,1422,Mastercard,Debit,12/2022,NO,2,$5451,06/1999,2012,No
5515,1422,Visa,Debit,02/2016,YES,2,$6491,11/2007,2013,No
923,1400,Visa,Credit,02/2023,YES,1,$6900,01/2020,2020,No
415,1400,Amex,Credit,05/2024,NO,2,$6100,01/2020,2020,No
3796,492,Visa,Debit,05/2022,YES,1,$16905,07/2006,2008,No
1002,1516,Mastercard,Debit,04/2020,YES,1,$47153,02/2002,2006,No
3960,1516,Visa,Debit,12/2022,YES,2,$25010,07/2010,2010,No
5973,1649,Mastercard,Debit,12/2022,YES,1,$232,12/2009,2010,No
4410,1649,Mastercard,Credit,02/2016,YES,2,$100,08/2013,2013,No
3697,1649,Mastercard,Debit (Prepaid),04/2017,YES,1,$80,07/2003,2011,No
1432,1573,Amex,Credit,12/2022,YES,2,$3300,02/2020,2020,No
3326,583,Mastercard,Debit,01/2021,YES,1,$3483,06/2006,2013,No
343,583,Amex,Credit,02/2024,YES,2,$13900,01/2015,2015,No
3238,1811,Mastercard,Debit,10/2024,YES,1,$70187,06/2002,2011,No
291,1811,Visa,Debit,12/2021,NO,2,$7821,01/2011,2014,No
3355,1811,Mastercard,Debit,10/2024,YES,2,$96637,06/2007,2007,No
4894,1811,Discover,Credit,03/2022,YES,2,$44200,09/2016,2016,No
2165,1811,Visa,Debit (Prepaid),08/2023,NO,1,$68,03/2007,2007,No
331,1811,Mastercard,Debit (Prepaid),01/2021,YES,1,$54,01/2014,2014,No
3978,1811,Mastercard,Debit,05/2022,YES,1,$62519,07/2011,2011,No
3141,1811,Visa,Debit,11/2022,YES,1,$87408,05/2013,2013,No
202,1054,Mastercard,Debit,03/2024,YES,2,$15100,01/2009,2009,No
3860,1054,Mastercard,Debit,05/2024,YES,1,$2303,07/2008,2011,No
924,1054,Visa,Credit,03/2023,YES,2,$9000,01/2020,2020,No
5921,1678,Amex,Credit,10/2021,YES,1,$12600,12/2008,2008,No
3435,1678,Mastercard,Debit,05/2021,YES,1,$25027,06/2009,2009,No
4680,1678,Mastercard,Debit,01/2023,YES,1,$30424,09/2008,2011,No
1731,333,Mastercard,Debit,08/2022,YES,2,$14304,02/2020,2020,No
5311,1412,Visa,Debit,06/2016,YES,2,$19081,10/2015,2015,No
5687,1412,Mastercard,Debit,09/2020,YES,2,$17401,11/2013,2013,No
3067,1412,Mastercard,Credit,07/2021,YES,1,$12800,05/2010,2016,No
3942,1412,Mastercard,Debit (Prepaid),07/2015,YES,1,$42,07/2010,2011,No
3436,1412,Mastercard,Debit,06/2014,NO,2,$10404,06/2009,2010,No
3715,177,Mastercard,Debit,07/2013,YES,1,$39422,07/2004,2009,No
2681,177,Mastercard,Credit,09/2023,YES,1,$11900,04/2011,2011,No
1152,177,Mastercard,Debit,06/2022,YES,2,$4880,02/2008,2010,No
3653,177,Mastercard,Debit,04/2020,YES,2,$25392,07/1998,2014,No
694,390,Mastercard,Credit,02/2020,YES,1,$18500,01/2020,2020,No
695,390,Mastercard,Debit (Prepaid),01/2022,YES,1,$57,01/2020,2020,No
3539,1577,Visa,Credit,11/2022,YES,1,$10100,06/2011,2014,No
3437,1577,Mastercard,Debit,03/2024,YES,1,$2037,06/2009,2013,No
3504,1577,Visa,Debit,01/2021,YES,2,$21999,06/2010,2015,No
2394,1577,Mastercard,Debit,01/2021,YES,2,$15793,04/1994,2012,No
4090,1609,Mastercard,Debit,01/2021,NO,1,$28844,08/1998,2011,No
4681,1609,Mastercard,Debit,08/2023,YES,1,$34023,09/2008,2008,No
5992,1609,Amex,Credit,09/2022,YES,1,$19400,12/2010,2013,No
3510,1609,Amex,Credit,06/2023,YES,1,$16100,06/2011,2011,No
2353,1762,Visa,Credit,08/2022,YES,2,$18400,03/2015,2015,No
3410,917,Visa,Debit,01/2018,YES,2,$17314,06/2008,2014,No
2887,917,Mastercard,Debit,10/2020,YES,1,$20999,05/2005,2007,No
5068,917,Visa,Debit,11/2006,YES,2,$7199,10/2006,2013,No
2652,1717,Mastercard,Debit,08/2020,YES,1,$23956,04/2010,2010,No
6122,1717,Mastercard,Debit,02/2019,YES,2,$17695,12/2016,2016,No
1383,1717,Visa,Debit,08/2022,YES,2,$22765,02/2018,2018,No
363,1717,Visa,Debit,02/2020,YES,1,$15934,01/2017,2017,No
3029,1355,Visa,Debit,10/2017,YES,1,$9295,05/2009,2009,No
3068,1355,Mastercard,Debit,08/2023,YES,2,$7112,05/2010,2014,No
166,1668,Mastercard,Debit,07/2024,YES,2,$23712,01/2008,2009,No
4185,1668,Mastercard,Debit,02/2021,YES,1,$33471,08/2006,2011,No
4893,1668,Visa,Debit,02/2020,YES,1,$23240,09/2015,2015,No
4440,1668,Visa,Debit,07/2022,YES,1,$18828,08/2014,2014,No
4803,1668,Visa,Credit,10/2010,YES,1,$14000,09/2010,2016,No
1153,1668,Mastercard,Debit (Prepaid),07/2022,YES,2,$20,02/2008,2017,No
5260,1293,Mastercard,Debit,05/2021,YES,1,$16339,10/2012,2012,No
696,1293,Mastercard,Debit,07/2021,YES,2,$23902,01/2020,2020,No
925,1597,Visa,Debit,12/2024,YES,2,$38025,01/2020,2020,No
926,1597,Visa,Credit,07/2020,YES,2,$22900,01/2020,2020,No
697,1597,Mastercard,Debit,07/2024,YES,1,$24682,01/2020,2020,No
927,202,Visa,Credit,02/2024,YES,2,$6200,01/2020,2020,No
1973,493,Visa,Debit,10/2024,YES,2,$9241,02/2020,2020,No
1261,361,Visa,Credit,06/2022,NO,2,$11500,02/2010,2010,No
5839,361,Mastercard,Debit,09/2021,NO,1,$14958,12/2005,2009,No
4703,361,Visa,Debit (Prepaid),03/2021,YES,2,$20,09/2008,2008,No
5055,361,Mastercard,Debit,06/2008,NO,1,$4581,10/2006,2009,No
260,1659,Visa,Debit,02/2023,YES,1,$18116,01/2010,2010,No
3438,1659,Mastercard,Debit,03/2020,YES,1,$23082,06/2009,2009,No
185,1659,Visa,Credit,09/2015,YES,2,$19100,01/2008,2008,No
5056,1659,Mastercard,Debit,08/2023,YES,2,$23740,10/2006,2014,No
959,1659,Mastercard,Debit,11/2021,YES,1,$22242,02/1996,2012,No
3540,1659,Visa,Credit,09/2020,YES,2,$12700,06/2011,2011,No
1974,289,Visa,Credit,02/2024,YES,2,$5000,02/2020,2020,No
698,289,Mastercard,Debit,01/2020,YES,1,$7640,01/2020,2020,No
148,737,Visa,Debit,06/2020,NO,1,$6789,01/2007,2009,No
6144,737,Mastercard,Credit,10/2024,YES,1,$6600,12/2019,2019,No
5013,1733,Mastercard,Debit,09/2023,YES,2,$898,10/2004,2007,No
6016,278,Mastercard,Debit,05/2023,NO,1,$137669,12/2010,2010,No
2518,278,Visa,Credit,08/2023,YES,1,$58100,04/2006,2011,No
3919,278,Visa,Credit,06/2020,YES,2,$49300,07/2009,2010,No
6123,278,Mastercard,Debit,01/2023,YES,1,$92828,12/2016,2016,No
5619,278,Mastercard,Credit,10/2022,YES,2,$55300,11/2010,2010,No
699,618,Mastercard,Debit (Prepaid),02/2024,NO,2,$71,01/2020,2020,No
2282,618,Mastercard,Debit,02/2022,YES,1,$11591,03/2011,2011,No
4372,618,Mastercard,Debit,07/2019,YES,1,$8633,08/2011,2011,No
3411,618,Visa,Debit,02/2024,YES,1,$12496,06/2008,2010,No
2937,753,Mastercard,Debit (Prepaid),01/2009,YES,2,$4,05/2007,2009,No
1311,753,Visa,Credit,01/2023,YES,2,$8000,02/2012,2012,No
5644,753,Discover,Credit,05/2022,YES,1,$8600,11/2011,2011,No
5697,489,Visa,Debit (Prepaid),05/2020,YES,1,$71,11/2013,2013,No
5069,489,Visa,Debit,11/2023,YES,2,$11347,10/2006,2009,No
4233,489,Visa,Credit,01/2024,YES,1,$8800,08/2007,2012,No
4051,489,Visa,Credit,07/2023,YES,1,$14700,07/2016,2016,No
2991,90,Visa,Debit,05/2010,YES,2,$9661,05/2008,2015,No
1100,90,Visa,Debit,03/2015,YES,2,$26872,02/2006,2015,No
1233,90,Mastercard,Debit (Prepaid),03/2020,YES,1,$102,02/2010,2010,No
4682,1264,Mastercard,Debit,04/2023,NO,1,$10767,09/2008,2008,No
1732,1264,Mastercard,Debit,11/2024,YES,1,$14393,02/2020,2020,No
1975,18,Visa,Debit (Prepaid),01/2024,YES,2,$62,02/2020,2020,No
118,376,Visa,Credit,10/2020,YES,2,$25300,01/2006,2009,No
1262,376,Visa,Debit,08/2021,NO,1,$28884,02/2010,2015,No
4704,376,Visa,Debit,08/2024,YES,1,$2696,09/2008,2013,No
325,376,Visa,Credit,03/2013,YES,1,$9200,01/2013,2013,No
5576,579,Mastercard,Debit,08/2019,NO,2,$21005,11/2009,2010,No
2197,218,Mastercard,Debit,01/2023,NO,1,$18689,03/2008,2009,No
167,218,Mastercard,Credit,04/2020,YES,1,$9300,01/2008,2008,No
2846,218,Mastercard,Debit,07/2022,YES,2,$9789,05/2003,2013,No
240,218,Mastercard,Debit,03/2024,YES,2,$11694,01/2010,2012,No
4091,218,Visa,Debit,06/2023,YES,1,$11592,08/1998,2015,No
6017,218,Mastercard,Credit,12/2014,YES,1,$8100,12/2010,2010,No
4465,218,Mastercard,Debit,11/2021,YES,1,$11647,08/2017,2017,No
1976,1320,Visa,Debit,04/2022,NO,1,$10693,02/2020,2020,No
4859,42,Mastercard,Debit,09/2020,YES,1,$10776,09/2013,2013,No
2824,42,Discover,Credit,06/2021,YES,1,$6300,05/2002,2011,No
2742,42,Discover,Credit,02/2019,YES,2,$5600,04/2015,2015,No
4592,1170,Visa,Credit,07/2021,YES,1,$7900,09/2005,2009,No
4353,1170,Visa,Debit,11/2021,YES,2,$19442,08/2010,2010,No
2573,1531,Mastercard,Credit,02/2024,YES,2,$7500,04/2008,2008,No
928,1275,Visa,Credit,11/2021,YES,2,$2000,01/2020,2020,No
1977,1275,Visa,Debit,10/2024,YES,1,$10800,02/2020,2020,No
4092,26,Amex,Credit,09/2017,NO,2,$3900,08/1999,2010,No
4868,1937,Visa,Credit,10/2024,YES,2,$5500,09/2013,2013,No
3,1937,Visa,Credit,04/2020,YES,2,$16400,01/1995,2015,No
4193,1937,Visa,Debit (Prepaid),05/2021,YES,2,$53,08/2006,2012,No
1186,1937,Mastercard,Debit,11/2013,NO,1,$17883,02/2009,2017,No
3327,1937,Mastercard,Debit,08/2024,YES,2,$12212,06/2006,2006,No
3030,1177,Visa,Credit,11/2023,YES,1,$15800,05/2009,2015,No
4164,1177,Mastercard,Credit,12/2024,YES,1,$26400,08/2005,2008,No
4860,1177,Mastercard,Debit,09/2021,YES,2,$25993,09/2013,2013,No
4016,1177,Visa,Debit (Prepaid),05/2022,YES,2,$59,07/2013,2013,No
3529,1032,Mastercard,Debit (Prepaid),08/2023,YES,2,$8,06/2011,2011,No
1056,1032,Mastercard,Debit,07/2020,NO,2,$1955,02/2005,2013,No
3961,397,Visa,Debit,09/2022,YES,1,$7159,07/2010,2011,No
3179,397,Mastercard,Debit,10/2021,YES,1,$12172,05/2016,2016,No
2574,397,Mastercard,Debit,01/2021,YES,2,$10889,04/2008,2010,No
2543,566,Mastercard,Credit,02/2020,YES,2,$10800,04/2007,2010,No
3122,566,Mastercard,Debit (Prepaid),12/2013,YES,1,$58,05/2012,2012,No
3439,566,Mastercard,Credit,02/2023,YES,1,$11000,06/2009,2009,No
4547,566,Amex,Credit,11/2024,YES,2,$12700,09/2004,2008,No
5577,566,Mastercard,Credit,09/2012,YES,1,$10100,11/2009,2009,No
3247,1581,Amex,Credit,02/2022,NO,1,$11300,06/2003,2007,No
2519,1581,Visa,Debit,12/2020,YES,1,$26596,04/2006,2015,No
5541,1581,Mastercard,Debit,01/2023,YES,2,$1807,11/2008,2013,No
5374,1581,Discover,Credit,07/2024,YES,1,$9700,11/2002,2005,No
5840,1581,Mastercard,Credit,03/2020,YES,1,$12300,12/2005,2010,No
5666,1332,Visa,Debit,10/2024,YES,1,$40914,11/2011,2011,No
2406,1332,Visa,Debit,09/2021,YES,1,$21749,04/1999,2008,No
4880,1332,Visa,Debit,10/2024,YES,1,$39491,09/2014,2014,No
2166,1648,Visa,Debit,06/2021,YES,2,$97352,03/2007,2019,No
2624,1648,Visa,Debit,04/2021,NO,2,$5921,04/2009,2010,No
5388,1648,Mastercard,Debit,10/2023,YES,2,$54057,11/2003,2012,No
1187,1648,Mastercard,Debit,02/2021,NO,2,$64565,02/2009,2019,No
5282,1648,Visa,Credit,06/2022,YES,1,$36700,10/2013,2013,No
4787,17,Mastercard,Debit,06/2022,YES,1,$7175,09/2010,2017,No
4962,17,Amex,Credit,10/2024,YES,1,$2800,10/2002,2011,No
2520,349,Visa,Credit,08/2023,YES,2,$3600,04/2006,2006,No
4314,349,Visa,Debit,09/2020,YES,1,$30348,08/2009,2010,No
4843,1200,Visa,Credit,06/2022,YES,2,$6000,09/2012,2012,No
3505,228,Visa,Credit,01/2023,YES,1,$1700,06/2010,2010,No
4545,484,Visa,Debit,07/2006,YES,2,$10755,09/2003,2020,No
5794,484,Mastercard,Debit,11/2023,YES,2,$61262,12/2003,2016,No
3662,484,Amex,Credit,01/2013,YES,1,$0,07/2001,2009,No
1733,1099,Mastercard,Credit,06/2023,YES,2,$3500,02/2020,2020,No
3196,1480,Mastercard,Credit,01/2018,YES,2,$7100,05/2017,2017,No
1188,1449,Mastercard,Debit (Prepaid),09/2022,YES,2,$51,02/2009,2013,No
241,1449,Mastercard,Debit,02/2022,YES,2,$11457,01/2010,2016,No
1003,1449,Mastercard,Debit,06/2023,NO,2,$1563,02/2002,2011,No
5707,1417,Visa,Debit,07/2021,YES,2,$37325,11/2014,2014,No
2975,1417,Mastercard,Credit,10/2022,NO,1,$14200,05/2008,2016,No
3397,1417,Mastercard,Debit,09/2021,YES,1,$28815,06/2008,2015,No
1234,1417,Mastercard,Debit (Prepaid),02/2021,YES,2,$85,02/2010,2010,No
3920,1417,Visa,Debit,11/2018,YES,2,$15285,07/2009,2009,No
280,267,Mastercard,Debit,07/2023,YES,2,$10636,01/2011,2011,No
326,267,Visa,Debit,10/2015,YES,1,$12891,01/2013,2013,No
4411,267,Mastercard,Debit,10/2021,YES,1,$11885,08/2013,2013,No
5389,373,Mastercard,Debit,02/2017,YES,2,$2849,11/2003,2012,No
4750,373,Visa,Debit,08/2023,YES,1,$3867,09/2009,2009,No
261,373,Visa,Debit,10/2021,YES,2,$6688,01/2010,2016,No
2817,373,Mastercard,Debit,12/2020,YES,2,$8021,05/2001,2018,No
2283,1772,Mastercard,Debit,05/2022,YES,1,$27201,03/2011,2011,No
5918,1772,Visa,Credit,12/2020,YES,2,$12800,12/2007,2009,No
56,1772,Mastercard,Debit (Prepaid),03/2020,YES,2,$96,01/2004,2011,No
5657,1772,Mastercard,Debit,05/2023,NO,2,$16426,11/2011,2011,No
1978,1418,Visa,Credit,11/2021,YES,1,$9100,02/2020,2020,No
4516,1774,Visa,Debit,01/2023,YES,1,$14546,09/2001,2008,No
2003,1774,Discover,Credit,12/2020,YES,1,$8400,03/1997,2013,No
5578,1774,Mastercard,Debit,10/2020,YES,2,$10815,11/2009,2020,No
5939,1774,Mastercard,Credit,03/2021,NO,1,$4000,12/2008,2012,No
2407,964,Visa,Debit,05/2020,YES,1,$11254,04/1999,2018,No
2593,964,Visa,Debit,09/2020,YES,2,$2271,04/2008,2008,No
2811,964,Visa,Debit,12/2007,YES,2,$6311,05/2000,2013,No
294,964,Amex,Credit,02/2020,YES,1,$13700,01/2012,2012,No
4885,72,Mastercard,Credit,09/2024,YES,1,$14300,09/2015,2015,No
1734,6,Mastercard,Credit,02/2020,YES,2,$14600,02/2020,2020,No
2366,1527,Mastercard,Credit,06/2021,YES,2,$7100,03/2017,2017,No
203,1433,Mastercard,Debit,01/2024,YES,1,$4534,01/2009,2010,No
4485,1433,Visa,Credit,07/2021,YES,2,$4200,08/2019,2019,No
5841,1433,Mastercard,Debit,05/2024,NO,1,$27117,12/2005,2005,No
2544,1785,Mastercard,Debit,04/2023,NO,2,$14404,04/2007,2015,No
2153,1785,Mastercard,Debit,08/2012,YES,2,$6360,03/2007,2016,No
2037,1785,Mastercard,Debit,11/2020,YES,1,$4701,03/2002,2017,No
4079,1476,Mastercard,Debit,05/2024,YES,1,$13793,07/2019,2019,No
3553,1476,Mastercard,Debit,12/2012,YES,1,$27569,06/2012,2012,No
264,1476,Amex,Credit,05/2021,YES,1,$10400,01/2011,2011,No
3990,455,Visa,Debit,02/2021,NO,1,$14959,07/2011,2011,No
4064,455,Visa,Debit,10/2022,YES,2,$19713,07/2017,2017,No
348,455,Mastercard,Debit (Prepaid),03/2022,YES,1,$90,01/2015,2015,No
1433,1553,Amex,Credit,02/2020,YES,2,$15500,02/2020,2020,No
929,1553,Visa,Credit,05/2023,NO,1,$19200,01/2020,2020,No
930,532,Visa,Debit,06/2020,YES,1,$16610,01/2020,2020,No
3142,532,Visa,Debit,06/2023,YES,1,$21793,05/2013,2013,No
931,532,Visa,Debit,07/2022,NO,1,$15261,01/2020,2020,No
292,532,Visa,Debit,04/2024,YES,1,$25919,01/2011,2011,No
57,1092,Mastercard,Debit,01/2016,YES,2,$4546,01/2004,2010,No
1456,1092,Discover,Credit,07/2022,YES,2,$9600,02/2020,2020,No
1979,1819,Visa,Debit,04/2024,YES,1,$9238,02/2020,2020,No
1735,1819,Mastercard,Debit,10/2022,YES,2,$15474,02/2020,2020,No
3834,528,Amex,Credit,07/2022,YES,2,$9500,07/2008,2015,No
25,528,Visa,Debit,04/2003,YES,1,$7030,01/2001,2011,No
5161,528,Mastercard,Debit (Prepaid),05/2020,YES,2,$25,10/2009,2010,No
3150,328,Mastercard,Debit,08/2024,YES,2,$15125,05/2014,2014,No
1263,328,Visa,Credit,06/2020,YES,2,$13200,02/2010,2010,No
4186,328,Mastercard,Debit (Prepaid),09/2006,YES,2,$130,08/2006,2014,No
364,1282,Visa,Debit,11/2023,YES,1,$13193,01/2017,2017,No
4815,1282,Mastercard,Debit,05/2020,YES,1,$16187,09/2011,2011,No
4945,783,Mastercard,Debit,10/2020,YES,2,$1627,10/2000,2013,No
105,783,Mastercard,Credit,10/2007,YES,2,$5600,01/2006,2008,No
5795,783,Mastercard,Credit,09/2024,YES,1,$9600,12/2003,2016,No
1434,1325,Amex,Credit,07/2020,YES,1,$89900,02/2020,2020,No
1435,1325,Amex,Credit,07/2024,YES,2,$44100,02/2020,2020,No
1980,687,Visa,Debit,02/2020,YES,2,$19446,02/2020,2020,No
2266,1693,Visa,Credit,08/2023,NO,2,$29900,03/2010,2017,No
5940,1693,Mastercard,Debit,03/2017,YES,1,$33506,12/2008,2011,No
932,1542,Visa,Debit,07/2023,YES,1,$20971,01/2020,2020,No
2906,1542,Mastercard,Debit (Prepaid),06/2020,YES,2,$65,05/2006,2009,No
4829,36,Visa,Debit,06/2019,YES,2,$18808,09/2011,2013,No
1736,36,Mastercard,Debit,07/2021,NO,2,$8723,02/2020,2020,No
2611,360,Mastercard,Debit,12/2016,YES,2,$28003,04/2009,2009,No
2719,360,Mastercard,Debit,07/2022,YES,2,$15972,04/2013,2013,No
4441,360,Visa,Debit,10/2018,YES,1,$22342,08/2014,2014,No
3592,360,Mastercard,Debit,04/2020,NO,1,$21058,06/2015,2015,No
700,555,Mastercard,Debit (Prepaid),04/2021,YES,2,$26,01/2020,2020,No
1981,136,Visa,Debit,08/2023,NO,1,$24605,02/2020,2020,No
701,136,Mastercard,Debit,11/2021,YES,2,$23529,01/2020,2020,No
1982,136,Visa,Debit,01/2023,YES,2,$20780,02/2020,2020,No
2710,603,Visa,Credit,11/2022,YES,2,$3900,04/2012,2012,No
5205,1794,Mastercard,Debit,07/2024,YES,2,$4392,10/2010,2017,No
3069,329,Mastercard,Credit,10/2020,YES,1,$12300,05/2010,2013,No
1362,329,Amex,Credit,04/2024,YES,2,$11100,02/2016,2016,No
4082,329,Visa,Debit (Prepaid),11/2020,YES,2,$93,07/2019,2019,No
4788,329,Mastercard,Credit,07/2024,YES,1,$9500,09/2010,2015,No
5824,1181,Visa,Credit,11/2022,YES,1,$12000,12/2004,2011,No
136,1181,Mastercard,Debit,07/2020,YES,2,$11999,01/2007,2015,No
3642,1181,Mastercard,Credit,01/2021,YES,2,$0,06/2019,2019,No
5842,1181,Mastercard,Debit,09/2021,YES,2,$18991,12/2005,2011,No
1094,1181,Mastercard,Debit,10/2024,YES,1,$27146,02/2006,2011,No
32,598,Visa,Debit (Prepaid),10/2024,YES,2,$32,01/2002,2009,No
2040,598,Visa,Debit,04/2023,YES,2,$19103,03/2002,2011,No
2361,598,Visa,Credit,10/2021,YES,2,$11400,03/2016,2016,No
5038,990,Visa,Debit (Prepaid),10/2023,YES,1,$75,10/2005,2007,No
2267,1777,Visa,Credit,12/2020,YES,1,$12700,03/2010,2020,No
5014,1777,Mastercard,Debit (Prepaid),05/2023,YES,1,$61,10/2004,2012,No
1207,1777,Discover,Credit,08/2018,YES,2,$24400,02/2010,2011,No
4557,1777,Mastercard,Debit,02/2023,YES,2,$32895,09/2004,2005,No
1057,1777,Mastercard,Credit,09/2006,YES,1,$14300,02/2005,2010,No
702,998,Mastercard,Credit,11/2023,NO,1,$9400,01/2020,2020,No
703,998,Mastercard,Debit,01/2024,YES,1,$11364,01/2020,2020,No
2917,1872,Visa,Debit,07/2023,YES,1,$24308,05/2006,2011,No
5819,1872,Mastercard,Debit,07/2011,YES,1,$26328,12/2004,2005,No
2918,1872,Visa,Debit,06/2018,YES,1,$21655,05/2006,2009,No
308,1872,Visa,Debit,01/2022,YES,1,$23300,01/2012,2012,No
3962,1872,Visa,Credit,05/2023,YES,1,$15900,07/2010,2013,No
4267,1872,Mastercard,Credit,03/2023,YES,2,$8500,08/2008,2011,No
933,1743,Visa,Debit (Prepaid),09/2020,YES,1,$60,01/2020,2020,No
1983,1743,Visa,Debit,02/2021,NO,2,$15234,02/2020,2020,No
934,1743,Visa,Debit,10/2022,YES,2,$30870,01/2020,2020,No
935,1743,Visa,Debit,03/2021,YES,1,$30155,01/2020,2020,No
2781,1000,Mastercard,Debit,03/2020,YES,1,$23088,04/2018,2018,No
1737,1708,Mastercard,Debit,12/2024,YES,2,$23397,02/2020,2020,No
704,1708,Mastercard,Credit,03/2022,YES,2,$9100,01/2020,2020,No
936,799,Visa,Credit,02/2020,YES,2,$6600,01/2020,2020,No
2284,799,Mastercard,Credit,02/2020,YES,2,$7000,03/2011,2011,No
3650,144,Amex,Credit,12/2001,YES,1,$11600,07/1998,2009,No
1436,144,Amex,Credit,12/2022,YES,2,$0,02/2020,2020,No
4457,144,Mastercard,Debit,11/2022,YES,2,$14699,08/2016,2016,No
5247,144,Mastercard,Debit,07/2022,YES,2,$20289,10/2011,2011,No
1235,781,Mastercard,Debit,12/2024,YES,2,$16474,02/2010,2010,No
1984,781,Visa,Debit,02/2020,YES,2,$3356,02/2020,2020,No
937,781,Visa,Debit,02/2020,YES,2,$14679,01/2020,2020,No
4388,781,Discover,Credit,08/2020,YES,2,$4300,08/2012,2012,No
5390,1572,Mastercard,Debit,09/2021,YES,1,$946,11/2003,2015,No
5092,1572,Mastercard,Debit,04/2024,YES,2,$7720,10/2007,2007,No
3151,1572,Mastercard,Credit,08/2015,YES,2,$3500,05/2014,2014,No
2775,793,Visa,Credit,04/2023,YES,1,$13700,04/2017,2017,No
4234,793,Visa,Credit,02/2024,YES,1,$16700,08/2007,2007,No
938,1681,Visa,Credit,08/2021,YES,1,$18800,01/2020,2020,No
2545,1179,Mastercard,Debit,04/2020,YES,2,$15518,04/2007,2011,No
4466,1179,Visa,Debit,10/2024,YES,2,$27313,08/2017,2017,No
2612,1179,Mastercard,Debit,06/2022,YES,1,$21989,04/2009,2009,No
4760,1179,Discover,Credit,02/2020,YES,1,$12900,09/2010,2013,No
5128,1179,Mastercard,Debit,10/2021,YES,2,$20026,10/2008,2010,No
5283,114,Visa,Debit,03/2023,YES,2,$10676,10/2013,2013,No
3398,114,Mastercard,Debit,07/2023,YES,2,$27447,06/2008,2010,No
3070,114,Mastercard,Debit,01/2019,YES,2,$16617,05/2010,2011,No
939,114,Visa,Debit,09/2020,YES,2,$12173,01/2020,2020,No
1738,271,Mastercard,Debit,12/2021,NO,1,$2105,02/2020,2020,No
6112,1107,Mastercard,Debit,04/2023,YES,1,$16678,12/2015,2015,No
3698,1107,Mastercard,Debit,03/2020,YES,1,$14123,07/2003,2006,No
1985,1107,Visa,Debit,07/2023,YES,1,$11281,02/2020,2020,No
8,1107,Mastercard,Credit,09/2021,NO,2,$10300,01/1998,2006,No
2872,1107,Visa,Debit (Prepaid),04/2020,YES,2,$102,05/2004,2011,No
6079,517,Visa,Debit,12/2019,YES,1,$11254,12/2012,2012,No
5335,517,Visa,Debit,05/2023,NO,2,$10703,10/2018,2018,No
106,517,Mastercard,Credit,04/2021,YES,1,$5000,01/2006,2016,No
1739,517,Mastercard,Debit,09/2021,YES,2,$8002,02/2020,2020,No
2268,624,Visa,Debit,01/2012,YES,2,$18969,03/2010,2010,No
1326,624,Mastercard,Debit,04/2019,YES,1,$12931,02/2013,2013,No
2992,1215,Visa,Debit,07/2008,YES,2,$18112,05/2008,2011,No
5476,1992,Visa,Debit,06/2021,YES,1,$13034,11/2006,2006,No
5327,1992,Visa,Debit (Prepaid),04/2021,YES,1,$71,10/2017,2017,No
1132,1992,Visa,Debit,05/2021,YES,1,$10374,02/2007,2007,No
4442,1992,Visa,Debit,09/2016,YES,1,$13382,08/2014,2014,No
3797,1992,Visa,Debit,02/2020,YES,1,$11063,07/2006,2011,No
705,968,Mastercard,Credit,03/2020,YES,2,$700,01/2020,2020,No
5974,19,Mastercard,Debit (Prepaid),02/2023,YES,2,$55,12/2009,2011,No
1133,1605,Visa,Debit,01/2024,YES,1,$18358,02/2007,2010,No
3231,1605,Visa,Credit,10/2022,YES,1,$8700,06/2001,2010,No
5975,1605,Mastercard,Debit,12/2009,YES,2,$1966,12/2009,2011,No
3123,463,Mastercard,Debit,11/2017,YES,1,$13257,05/2012,2012,No
5746,463,Visa,Debit,12/2019,YES,1,$20297,11/2019,2019,No
1986,1365,Visa,Credit,04/2023,YES,2,$7500,02/2020,2020,No
3328,809,Mastercard,Debit,10/2018,YES,1,$31696,06/2006,2015,No
1202,590,Amex,Credit,09/2010,YES,2,$7400,02/2010,2012,No
262,590,Visa,Debit,11/2022,NO,2,$7644,01/2010,2010,No
2555,1904,Visa,Credit,06/2021,NO,1,$13600,04/2007,2011,No
2575,1904,Mastercard,Debit (Prepaid),11/2022,YES,1,$40,04/2008,2011,No
3656,1904,Mastercard,Debit (Prepaid),08/2007,YES,2,$61,07/2000,2013,No
1004,1904,Mastercard,Debit,07/2022,YES,1,$7597,02/2002,2005,No
2498,1904,Visa,Credit,07/2024,NO,2,$9900,04/2005,2006,No
1120,545,Mastercard,Debit,12/2021,YES,2,$7898,02/2007,2014,No
6140,545,Amex,Credit,02/2020,YES,1,$12700,12/2019,2019,No
5802,545,Visa,Debit,04/2018,NO,1,$34329,12/2003,2010,No
2125,789,Mastercard,Debit,08/2021,NO,1,$25206,03/2006,2018,No
4523,789,Mastercard,Debit (Prepaid),10/2021,YES,1,$89,09/2002,2012,No
2269,789,Visa,Debit,04/2024,YES,3,$15143,03/2010,2014,No
3071,742,Mastercard,Credit,10/2010,YES,2,$12700,05/2010,2010,No
4751,742,Visa,Debit (Prepaid),04/2024,YES,2,$53,09/2009,2009,No
3900,742,Mastercard,Debit (Prepaid),07/2023,YES,2,$67,07/2009,2016,No
3943,742,Mastercard,Debit,04/2020,NO,2,$22839,07/2010,2015,No
706,612,Mastercard,Debit,05/2024,YES,1,$17252,01/2020,2020,No
2294,612,Visa,Debit,03/2024,YES,1,$19103,03/2011,2011,No
4031,612,Visa,Debit,05/2020,NO,1,$15619,07/2014,2014,No
2375,612,Mastercard,Debit,02/2020,YES,1,$17512,03/2018,2018,No
186,612,Visa,Credit,11/2020,YES,1,$9300,01/2008,2008,No
3512,612,Discover,Credit,03/2021,YES,2,$9300,06/2011,2011,No
4925,612,Mastercard,Debit,01/2021,YES,1,$13584,09/2019,2019,No
1437,536,Amex,Credit,02/2020,YES,2,$8300,02/2020,2020,No
940,536,Visa,Credit,10/2024,YES,1,$7000,01/2020,2020,No
707,536,Mastercard,Debit (Prepaid),01/2020,YES,1,$80,01/2020,2020,No
941,536,Visa,Debit,02/2020,YES,1,$3678,01/2020,2020,No
708,536,Mastercard,Debit,02/2020,YES,1,$5826,01/2020,2020,No
1438,523,Amex,Credit,03/2024,YES,2,$8200,02/2020,2020,No
2713,523,Discover,Credit,10/2023,YES,1,$13000,04/2013,2013,No
3612,523,Mastercard,Debit,05/2022,YES,2,$20430,06/2016,2016,No
709,523,Mastercard,Credit,02/2020,YES,1,$8300,01/2020,2020,No
2771,928,Mastercard,Debit,07/2019,YES,1,$10882,04/2017,2017,No
3572,928,Visa,Debit,03/2022,YES,1,$19454,06/2013,2013,No
3152,928,Mastercard,Debit,02/2020,YES,1,$19624,05/2014,2014,No
1203,928,Amex,Credit,08/2012,YES,1,$8700,02/2010,2010,No
710,928,Mastercard,Credit,12/2020,YES,1,$8000,01/2020,2020,No
4528,928,Visa,Debit,03/2020,YES,1,$14540,09/2002,2002,No
4335,928,Mastercard,Credit,06/2023,YES,1,$7300,08/2010,2013,No
3506,1642,Visa,Credit,03/2015,YES,2,$12200,06/2010,2010,No
3573,1642,Visa,Credit,01/2021,YES,1,$5000,06/2013,2013,No
5206,1642,Mastercard,Credit,03/2020,YES,1,$11200,10/2010,2010,No
6034,1642,Visa,Credit,07/2016,NO,2,$11200,12/2010,2011,No
4281,1642,Visa,Debit,12/2012,YES,1,$26730,08/2008,2010,No
332,495,Mastercard,Credit,07/2017,YES,2,$11500,01/2014,2014,No
1740,495,Mastercard,Debit,10/2022,YES,2,$16747,02/2020,2020,No
2521,495,Visa,Debit,09/2011,YES,1,$11574,04/2006,2009,No
137,495,Mastercard,Debit,06/2008,NO,1,$13772,01/2007,2009,No
2625,166,Visa,Debit,02/2021,YES,1,$271,04/2009,2012,No
5284,166,Amex,Credit,05/2022,YES,2,$16100,10/2014,2014,No
1741,166,Mastercard,Debit,02/2020,YES,2,$11039,02/2020,2020,No
4836,1277,Mastercard,Credit,08/2017,YES,2,$19800,09/2012,2012,No
2714,718,Discover,Credit,11/2024,YES,2,$5700,04/2013,2013,No
5796,718,Mastercard,Credit,03/2011,NO,1,$7200,12/2003,2012,No
1189,718,Mastercard,Debit (Prepaid),09/2020,YES,2,$11,02/2009,2013,No
711,1962,Mastercard,Debit,10/2021,YES,2,$45373,01/2020,2020,No
3371,1962,Visa,Credit,06/2011,NO,1,$21000,06/2007,2015,No
3798,1962,Visa,Debit,08/2021,YES,1,$43287,07/2006,2013,No
2594,1962,Visa,Debit,07/2021,YES,1,$42176,04/2008,2008,No
2126,1962,Mastercard,Debit,03/2022,YES,2,$19789,03/2006,2010,No
2198,133,Mastercard,Debit,07/2022,YES,1,$24508,03/2008,2009,No
4683,133,Mastercard,Debit,03/2024,YES,1,$25197,09/2008,2011,No
6113,682,Mastercard,Credit,10/2022,YES,2,$9300,12/2015,2015,No
6145,682,Visa,Debit,08/2020,YES,1,$16047,12/2019,2019,No
5162,795,Mastercard,Debit,12/2023,YES,1,$27795,10/2009,2014,No
4357,795,Discover,Credit,04/2020,YES,2,$16100,08/2011,2011,No
5904,1849,Mastercard,Debit,05/2023,YES,2,$14027,12/2007,2014,No
1011,1849,Discover,Credit,08/2024,YES,1,$10600,02/2003,2007,No
3661,1732,Visa,Debit,12/2023,YES,2,$26995,07/2000,2009,No
712,167,Mastercard,Credit,01/2020,YES,1,$10400,01/2020,2020,No
1742,167,Mastercard,Credit,09/2023,YES,2,$11400,02/2020,2020,No
942,167,Visa,Credit,01/2022,YES,2,$11900,01/2020,2020,No
1987,1496,Visa,Debit,09/2021,YES,1,$29065,02/2020,2020,No
713,1496,Mastercard,Debit (Prepaid),07/2023,YES,2,$55,01/2020,2020,No
943,1496,Visa,Debit (Prepaid),01/2020,YES,1,$89,01/2020,2020,No
1743,853,Mastercard,Credit,03/2020,YES,2,$22800,02/2020,2020,No
6096,237,Visa,Credit,04/2021,NO,2,$4300,12/2013,2013,No
3574,237,Visa,Debit,02/2021,NO,1,$38900,06/2013,2013,No
4238,769,Discover,Credit,11/2012,NO,1,$9500,08/2008,2009,No
1744,769,Mastercard,Debit,02/2020,YES,2,$17633,02/2020,2020,No
3298,2,Mastercard,Credit,11/2020,YES,1,$7400,06/2005,2011,No
3593,2,Mastercard,Debit,07/2024,YES,1,$9001,06/2015,2015,No
2576,2,Mastercard,Debit,08/2023,NO,2,$9669,04/2008,2011,No
6073,2,Mastercard,Debit,08/2024,YES,2,$16491,12/2012,2012,No
2919,2,Visa,Credit,12/2013,YES,1,$7800,05/2006,2012,No
3153,313,Mastercard,Debit,02/2023,YES,2,$12183,05/2014,2014,No
4804,313,Visa,Credit,12/2022,YES,1,$8900,09/2010,2016,No
714,1624,Mastercard,Debit,10/2023,NO,1,$13558,01/2020,2020,No
1988,1624,Visa,Credit,06/2023,YES,1,$12600,02/2020,2020,No
1745,958,Mastercard,Debit,10/2023,YES,1,$10742,02/2020,2020,No
944,958,Visa,Credit,02/2020,YES,2,$8100,01/2020,2020,No
945,958,Visa,Debit,10/2024,YES,1,$12240,01/2020,2020,No
2938,989,Mastercard,Credit,02/2024,YES,1,$28000,05/2007,2007,No
4613,989,Mastercard,Debit,06/2020,NO,1,$19843,09/2006,2015,No
4354,989,Visa,Debit,02/2021,YES,2,$4707,08/2010,2010,No
3039,989,Amex,Credit,01/2024,YES,1,$16200,05/2010,2010,No
3643,989,Mastercard,Debit (Prepaid),10/2020,YES,1,$58,06/2019,2019,No
4124,989,Visa,Credit,02/2020,YES,2,$21600,08/2003,2015,No
2511,989,Mastercard,Debit,01/2022,YES,2,$4707,04/2006,2015,No
3979,989,Mastercard,Debit,05/2024,YES,3,$27178,07/2011,2011,No
2976,1562,Mastercard,Credit,03/2023,YES,2,$8100,05/2008,2014,No
168,1562,Mastercard,Debit,02/2024,YES,2,$16815,01/2008,2014,No
3459,1562,Visa,Debit (Prepaid),02/2022,YES,1,$0,06/2009,2012,No
2907,1983,Mastercard,Credit,03/2023,YES,1,$51900,05/2006,2009,No
3399,1983,Mastercard,Credit,02/2020,YES,1,$17700,06/2008,2009,No
2653,1983,Mastercard,Debit,07/2023,YES,1,$47211,04/2010,2010,No
191,1091,Amex,Credit,03/2024,NO,2,$17800,01/2009,2009,No
1384,1091,Visa,Debit,10/2019,YES,1,$29685,02/2018,2018,No
3507,1091,Visa,Credit,08/2024,NO,1,$12700,06/2010,2013,No
3334,1091,Visa,Debit,08/2022,YES,1,$21744,06/2006,2011,No
2013,759,Visa,Credit,05/2002,YES,2,$15500,03/1999,2013,No
3716,759,Mastercard,Debit,05/2022,YES,2,$23154,07/2004,2012,No
2230,759,Mastercard,Debit,03/2012,YES,2,$8747,03/2009,2009,No
3101,759,Mastercard,Debit,09/2024,YES,1,$25059,05/2011,2011,No
2069,779,Mastercard,Credit,04/2018,YES,2,$14200,03/2004,2010,No
119,779,Visa,Debit,01/2024,YES,2,$18888,01/2006,2014,No
1058,779,Mastercard,Debit,10/2023,NO,2,$3099,02/2005,2013,No
4558,779,Mastercard,Debit,11/2021,YES,2,$10656,09/2004,2011,No
3299,779,Mastercard,Debit,06/2012,YES,2,$12698,06/2005,2010,No
4282,105,Visa,Credit,09/2022,YES,1,$10200,08/2008,2012,No
4443,105,Visa,Credit,04/2015,YES,2,$10100,08/2014,2014,No
3460,105,Visa,Credit,01/2021,YES,1,$10700,06/2009,2013,No
1103,105,Amex,Credit,06/2012,YES,2,$6100,02/2007,2008,No
2499,105,Visa,Credit,10/2023,YES,2,$8800,04/2005,2014,No
3632,1618,Mastercard,Debit,01/2020,YES,1,$21280,06/2018,2018,No
5363,1618,Mastercard,Debit (Prepaid),03/2023,YES,1,$111,11/2000,2010,No
3031,1618,Visa,Debit,01/2024,YES,1,$26608,05/2009,2009,No
5729,1618,Visa,Debit,03/2022,YES,2,$37619,11/2016,2016,No
3239,1168,Mastercard,Debit,09/2020,YES,1,$25422,06/2002,2008,No
5300,1237,Visa,Debit,12/2020,YES,2,$16053,10/2014,2014,No
2017,1237,Amex,Credit,07/2022,YES,1,$8400,03/2001,2014,No
3944,1237,Mastercard,Debit,09/2021,YES,1,$14385,07/2010,2012,No
5163,1237,Mastercard,Debit,12/2020,YES,2,$1607,10/2009,2011,No
2092,1237,Mastercard,Debit (Prepaid),12/2015,YES,2,$51,03/2005,2007,No
3372,1237,Visa,Debit,09/2023,YES,2,$5646,06/2007,2019,No
4283,699,Visa,Debit,10/2021,YES,1,$20887,08/2008,2008,No
3285,699,Amex,Credit,08/2022,YES,1,$9500,06/2005,2005,No
3875,699,Visa,Debit,08/2024,YES,2,$8960,07/2008,2014,No
4012,646,Mastercard,Debit,05/2022,YES,2,$15822,07/2013,2013,No
6090,646,Mastercard,Debit,08/2023,YES,1,$17057,12/2013,2013,No
2093,646,Mastercard,Credit,04/2021,YES,2,$14500,03/2005,2019,No
715,499,Mastercard,Debit,01/2023,YES,2,$14146,01/2020,2020,No
716,499,Mastercard,Debit,03/2020,YES,1,$22392,01/2020,2020,No
5976,1403,Mastercard,Debit,09/2013,YES,2,$21084,12/2009,2015,No
2830,1403,Mastercard,Debit,03/2024,YES,2,$11889,05/2002,2014,No
5433,631,Mastercard,Credit,10/2009,YES,1,$8600,11/2005,2006,No
4355,631,Visa,Debit,09/2023,YES,1,$1740,08/2010,2010,No
4515,631,Mastercard,Debit,06/2022,YES,1,$16908,09/2001,2013,No
2818,631,Mastercard,Debit,07/2022,YES,1,$15591,05/2001,2012,No
3784,631,Mastercard,Debit,05/2008,YES,2,$20974,07/2006,2007,No
717,631,Mastercard,Credit,05/2022,YES,1,$7200,01/2020,2020,No
2596,631,Amex,Credit,02/2024,NO,1,$8500,04/2009,2010,No
4138,1070,Mastercard,Debit,08/2022,YES,1,$28666,08/2004,2010,No
718,1070,Mastercard,Debit,02/2022,NO,2,$24334,01/2020,2020,No
2923,1070,Amex,Credit,02/2020,YES,2,$13100,05/2007,2013,No
4684,1070,Mastercard,Debit (Prepaid),01/2011,YES,2,$53,09/2008,2012,No
2908,1070,Mastercard,Debit,11/2021,YES,1,$16898,05/2006,2013,No
5072,1070,Amex,Credit,02/2021,YES,2,$9600,10/2007,2008,No
2455,291,Amex,Credit,04/2005,YES,2,$6800,04/2004,2010,No
3221,291,Amex,Credit,10/2024,YES,2,$9900,06/2001,2006,No
169,291,Mastercard,Debit (Prepaid),08/2018,YES,2,$52,01/2008,2011,No
5774,738,Mastercard,Credit,08/2020,YES,2,$19600,12/2001,2013,No
2270,738,Visa,Credit,10/2022,YES,2,$19300,03/2010,2010,No
1989,738,Visa,Debit,10/2020,YES,1,$42253,02/2020,2020,No
204,738,Mastercard,Debit,06/2023,YES,1,$21997,01/2009,2011,No
5140,142,Visa,Debit,02/2020,YES,2,$20902,10/2008,2015,No
1046,142,Visa,Debit,01/2021,YES,2,$2284,02/2004,2017,No
1990,1375,Visa,Credit,03/2022,YES,1,$19800,02/2020,2020,No
719,1375,Mastercard,Debit,06/2020,YES,1,$18364,01/2020,2020,No
5827,459,Amex,Credit,05/2018,YES,1,$6500,12/2005,2016,No
5620,459,Mastercard,Debit,05/2024,YES,2,$1200,11/2010,2010,No
3170,459,Visa,Credit,07/2022,YES,1,$6300,05/2015,2015,No
1991,459,Visa,Debit,08/2024,YES,1,$13496,02/2020,2020,No
3625,459,Visa,Debit,03/2022,NO,2,$10636,06/2017,2017,No
120,459,Visa,Credit,02/2020,YES,1,$7000,01/2006,2018,No
1457,281,Discover,Credit,10/2022,YES,2,$10000,02/2020,2020,No
4453,281,Visa,Credit,02/2020,YES,2,$5700,08/2015,2015,No
946,498,Visa,Debit,02/2020,YES,1,$9845,01/2020,2020,No
720,498,Mastercard,Debit,01/2024,YES,2,$13597,01/2020,2020,No
3667,55,Mastercard,Credit,10/2015,YES,1,$10300,07/2001,2017,No
4505,55,Mastercard,Debit,09/2007,YES,2,$17775,09/2000,2008,No
3980,55,Mastercard,Debit,07/2021,YES,2,$6056,07/2011,2011,No
3265,55,Visa,Debit,08/2020,YES,1,$1736,06/2003,2012,No
5865,55,Mastercard,Debit,05/2022,YES,1,$20573,12/2006,2014,No
6037,1370,Discover,Credit,12/2024,YES,1,$18400,12/2011,2011,No
4957,1370,Mastercard,Debit,07/2024,YES,2,$12610,10/2001,2007,No
170,1370,Mastercard,Debit,08/2020,YES,2,$10471,01/2008,2010,No
3464,1370,Amex,Credit,02/2023,YES,2,$25100,06/2010,2010,No
721,897,Mastercard,Credit,03/2022,YES,2,$10200,01/2020,2020,No
4458,897,Mastercard,Debit,09/2022,NO,1,$13460,08/2016,2016,No
1992,262,Visa,Debit,04/2022,NO,1,$9765,02/2020,2020,No
722,262,Mastercard,Credit,09/2023,YES,1,$5900,01/2020,2020,No
1746,262,Mastercard,Debit (Prepaid),09/2021,YES,1,$62,02/2020,2020,No
723,1781,Mastercard,Debit,03/2020,YES,1,$10673,01/2020,2020,No
6018,1781,Mastercard,Debit,11/2023,NO,2,$14959,12/2010,2013,No
3032,1781,Visa,Debit,10/2015,YES,2,$4924,05/2009,2013,No
5554,457,Visa,Credit,06/2020,YES,1,$12900,11/2008,2010,No
3129,457,Amex,Credit,03/2021,YES,2,$4300,05/2013,2013,No
4222,457,Mastercard,Debit,07/2024,YES,2,$16134,08/2007,2010,No
3751,457,Visa,Credit,07/2023,YES,2,$7900,07/2005,2006,No
2740,160,Visa,Debit,11/2020,YES,1,$15204,04/2014,2014,No
1747,160,Mastercard,Debit,10/2022,YES,2,$12282,02/2020,2020,No
4914,160,Mastercard,Debit (Prepaid),03/2020,YES,1,$79,09/2017,2017,No
3072,1655,Mastercard,Debit,02/2015,YES,2,$22679,05/2010,2010,No
947,1655,Visa,Credit,02/2020,YES,1,$5500,01/2020,2020,No
1236,1655,Mastercard,Credit,12/2012,YES,1,$8400,02/2010,2013,No
1208,984,Discover,Credit,06/2022,YES,2,$6900,02/2010,2015,No
2796,984,Visa,Debit,08/2022,YES,1,$14217,05/1997,2013,No
4088,984,Mastercard,Debit,02/2024,YES,1,$9226,08/1997,2015,No
3836,984,Discover,Credit,02/2020,YES,2,$4000,07/2008,2008,No
121,984,Visa,Credit,05/2024,YES,2,$10600,01/2006,2015,No
724,1329,Mastercard,Debit (Prepaid),04/2020,YES,1,$69,01/2020,2020,No
725,1329,Mastercard,Debit,11/2024,NO,2,$10964,01/2020,2020,No
1748,1329,Mastercard,Debit,07/2023,NO,1,$8651,02/2020,2020,No
3154,1329,Mastercard,Debit,07/2017,YES,1,$9800,05/2014,2014,No
3461,1535,Visa,Credit,06/2019,YES,2,$9200,06/2009,2009,No
187,1535,Visa,Debit,08/2021,YES,1,$17231,01/2008,2008,No
948,1220,Visa,Debit,05/2022,YES,2,$21782,01/2020,2020,No
949,833,Visa,Debit,01/2020,YES,1,$16736,01/2020,2020,No
1749,833,Mastercard,Debit,04/2023,YES,1,$16986,02/2020,2020,No
2577,295,Mastercard,Debit,04/2024,YES,2,$5521,04/2008,2015,No
2101,1434,Visa,Debit,01/2023,YES,2,$27776,03/2005,2009,No
5776,1434,Amex,Credit,05/2021,YES,1,$10800,12/2002,2012,No
3594,1434,Mastercard,Credit,05/2016,YES,1,$4300,06/2015,2015,No
5765,1434,Mastercard,Credit,10/2020,YES,1,$11300,12/2000,2010,No
1750,208,Mastercard,Debit,05/2023,YES,1,$31164,02/2020,2020,No
4980,208,Amex,Credit,08/2020,YES,1,$13900,10/2003,2003,No
2426,208,Visa,Debit,11/2023,YES,2,$23834,04/2001,2014,No
5640,1909,Visa,Debit,11/2021,YES,1,$9599,11/2010,2010,No
4017,1909,Visa,Debit,09/2021,YES,1,$8177,07/2013,2013,No
1136,1909,Amex,Credit,01/2015,YES,1,$6100,02/2008,2019,No
5207,1909,Mastercard,Debit,07/2020,YES,2,$3658,10/2010,2016,No
4752,1356,Visa,Credit,08/2022,YES,2,$8100,09/2009,2015,No
2862,1356,Mastercard,Credit,04/2005,YES,2,$7900,05/2004,2009,No
1751,1356,Mastercard,Debit (Prepaid),05/2024,YES,2,$57,02/2020,2020,No
4057,1356,Mastercard,Debit,08/2020,YES,1,$12170,07/2017,2017,No
5480,1356,Amex,Credit,09/2024,YES,2,$10400,11/2007,2009,No
5905,265,Mastercard,Credit,12/2024,YES,1,$12000,12/2007,2009,No
1264,265,Visa,Credit,10/2022,YES,2,$16600,02/2010,2010,No
2305,265,Mastercard,Debit,05/2023,NO,1,$13900,03/2012,2012,No
2909,1947,Mastercard,Debit,01/2019,NO,2,$11817,05/2006,2009,No
2271,1947,Visa,Debit,05/2015,YES,1,$1433,03/2010,2010,No
205,1947,Mastercard,Debit,07/2022,YES,1,$11982,01/2009,2013,No
2654,1947,Mastercard,Debit,09/2022,YES,1,$5440,04/2010,2010,No
3159,1089,Visa,Debit,10/2020,YES,1,$32269,05/2014,2014,No
3487,1089,Mastercard,Debit (Prepaid),07/2010,YES,1,$68,06/2010,2011,No
2682,1089,Mastercard,Debit,08/2022,YES,2,$25390,04/2011,2011,No
726,1790,Mastercard,Debit (Prepaid),09/2021,YES,2,$73,01/2020,2020,No
1752,1999,Mastercard,Debit,01/2021,YES,1,$14895,02/2020,2020,No
1993,1999,Visa,Credit,11/2022,YES,2,$7100,02/2020,2020,No
1753,614,Mastercard,Debit,02/2020,YES,1,$12829,02/2020,2020,No
4002,614,Mastercard,Debit,07/2024,YES,1,$19508,07/2012,2012,No
4753,614,Visa,Credit,05/2021,YES,1,$12700,09/2009,2015,No
416,614,Amex,Credit,02/2020,YES,1,$13700,01/2020,2020,No
2094,614,Mastercard,Debit,09/2022,YES,1,$26467,03/2005,2007,No
6065,614,Visa,Debit,12/2011,YES,2,$25059,12/2011,2011,No
2953,614,Visa,Debit,09/2021,YES,2,$17403,05/2007,2010,No
340,814,Visa,Credit,07/2024,YES,2,$7400,01/2014,2014,No
2955,814,Amex,Credit,07/2020,YES,2,$14300,05/2008,2012,No
4536,814,Mastercard,Debit,10/2024,YES,2,$8262,09/2003,2018,No
4444,814,Visa,Credit,04/2018,YES,1,$7700,08/2014,2014,No
950,175,Visa,Debit (Prepaid),06/2020,YES,2,$37,01/2020,2020,No
5267,305,Visa,Debit,11/2015,NO,1,$13767,10/2012,2012,No
341,305,Visa,Debit (Prepaid),05/2020,YES,1,$90,01/2014,2014,No
2448,305,Mastercard,Debit,05/2006,YES,2,$11408,04/2003,2010,No
2338,1225,Visa,Credit,04/2020,YES,2,$2400,03/2014,2014,No
1163,1225,Visa,Credit,11/2024,YES,2,$18600,02/2008,2011,No
5762,1225,Mastercard,Debit,02/2024,YES,2,$15422,12/1999,2009,No
4754,1405,Visa,Debit,11/2024,YES,2,$19575,09/2009,2009,No
2690,1405,Visa,Debit (Prepaid),10/2020,YES,2,$62,04/2011,2011,No
2939,1405,Mastercard,Credit,02/2018,NO,1,$10800,05/2007,2009,No
5922,1405,Amex,Credit,07/2013,YES,2,$12400,12/2008,2010,No
5039,1405,Visa,Debit,11/2022,YES,1,$30314,10/2005,2007,No
2578,1405,Mastercard,Debit,11/2020,YES,1,$16317,04/2008,2010,No
4844,1405,Visa,Debit,01/2023,YES,1,$26033,09/2012,2012,No
5420,1405,Visa,Credit,04/2023,NO,1,$11600,11/2004,2008,No
5994,1478,Discover,Credit,03/2022,YES,2,$14800,12/2010,2011,No
4789,1478,Mastercard,Debit,09/2024,YES,2,$4183,09/2010,2010,No
1237,1478,Mastercard,Debit,03/2024,YES,1,$6732,02/2010,2010,No
3415,1920,Amex,Credit,08/2021,YES,1,$8200,06/2009,2013,No
5579,1920,Mastercard,Debit,02/2024,NO,2,$1726,11/2009,2014,No
2791,1920,Visa,Debit,06/2020,NO,2,$20318,05/1996,2015,No
3861,1920,Mastercard,Debit (Prepaid),09/2023,YES,2,$42,07/2008,2017,No
4412,241,Mastercard,Debit,09/2020,YES,1,$18654,08/2013,2013,No
4506,241,Mastercard,Debit,08/2023,YES,1,$11219,09/2000,2010,No
2749,241,Mastercard,Debit,11/2018,YES,1,$11143,04/2015,2015,No
3921,241,Visa,Credit,05/2022,NO,1,$6900,07/2009,2012,No
58,241,Mastercard,Debit,04/2019,YES,2,$12861,01/2004,2008,No
3818,331,Mastercard,Debit,01/2021,YES,1,$12801,07/2007,2011,No
1994,331,Visa,Credit,03/2024,YES,2,$6300,02/2020,2020,No
417,8,Amex,Credit,07/2022,YES,1,$12900,01/2020,2020,No
418,8,Amex,Credit,04/2022,YES,2,$12800,01/2020,2020,No
727,1354,Mastercard,Debit,02/2020,YES,2,$3861,01/2020,2020,No
5447,1354,Visa,Debit,08/2007,YES,2,$8024,11/2005,2011,No
1995,1354,Visa,Debit,02/2020,YES,2,$16452,02/2020,2020,No
3102,1258,Mastercard,Debit,12/2020,YES,1,$24326,05/2011,2011,No
1105,1258,Discover,Credit,04/2017,YES,2,$9600,02/2007,2012,No
3901,1258,Mastercard,Credit,11/2020,YES,2,$5400,07/2009,2010,No
4830,1258,Visa,Debit,12/2014,YES,1,$26158,09/2011,2011,No
206,1258,Mastercard,Debit (Prepaid),12/2023,YES,1,$65,01/2009,2009,No
5951,1258,Visa,Debit,07/2024,YES,1,$24674,12/2008,2010,No
3561,1258,Visa,Debit,11/2022,NO,1,$14484,06/2012,2012,No
3945,919,Mastercard,Debit,01/2021,YES,1,$20765,07/2010,2014,No
6124,919,Mastercard,Credit,04/2021,YES,2,$17100,12/2016,2016,No
4733,1447,Mastercard,Credit,02/2022,YES,1,$3600,09/2009,2009,No
728,902,Mastercard,Debit,03/2023,YES,1,$14139,01/2020,2020,No
951,1318,Visa,Credit,04/2024,YES,1,$10600,01/2020,2020,No
729,1318,Mastercard,Debit,01/2020,YES,1,$22844,01/2020,2020,No
730,1318,Mastercard,Debit,03/2020,YES,1,$15212,01/2020,2020,No
1458,1318,Discover,Credit,05/2022,YES,2,$17300,02/2020,2020,No
731,1545,Mastercard,Debit,10/2022,YES,2,$13088,01/2020,2020,No
419,1545,Amex,Credit,01/2020,YES,1,$5700,01/2020,2020,No
1754,1545,Mastercard,Debit,02/2020,YES,1,$19294,02/2020,2020,No
732,1001,Mastercard,Debit,01/2020,YES,2,$8876,01/2020,2020,No
5070,1315,Visa,Debit,12/2013,YES,1,$9922,10/2006,2011,No
5719,1315,Visa,Debit,11/2024,YES,1,$14514,11/2015,2015,No
2556,1315,Visa,Debit,01/2023,NO,1,$14464,04/2007,2008,No
5434,1315,Mastercard,Credit,01/2021,YES,1,$10600,11/2005,2009,No
4790,323,Mastercard,Credit,09/2018,NO,1,$5900,09/2010,2011,No
4268,323,Mastercard,Debit,10/2024,YES,2,$5082,08/2008,2009,No
2135,323,Visa,Debit,05/2016,NO,1,$7003,03/2006,2012,No
2467,323,Mastercard,Debit,07/2024,YES,2,$7364,04/2004,2009,No
5977,323,Mastercard,Debit,12/2020,YES,1,$9513,12/2009,2009,No
733,625,Mastercard,Debit,04/2024,YES,2,$17063,01/2020,2020,No
6125,979,Mastercard,Credit,02/2020,YES,2,$5700,12/2016,2016,No
5421,979,Visa,Credit,03/2023,YES,1,$8600,11/2004,2009,No
2613,979,Mastercard,Debit,05/2024,YES,1,$12586,04/2009,2010,No
1755,537,Mastercard,Debit,02/2020,YES,1,$36967,02/2020,2020,No
1756,537,Mastercard,Debit,02/2020,YES,2,$28458,02/2020,2020,No
3012,1096,Mastercard,Credit,10/2020,YES,2,$5500,05/2009,2009,No
5225,1096,Visa,Debit,10/2022,YES,1,$26222,10/2010,2010,No
4816,1347,Mastercard,Debit,12/2023,YES,2,$21802,09/2011,2011,No
3511,1347,Amex,Credit,02/2021,YES,2,$13100,06/2011,2011,No
5678,1347,Mastercard,Debit,11/2021,YES,2,$17079,11/2012,2012,No
5141,1395,Visa,Credit,12/2020,YES,2,$31500,10/2008,2008,No
4089,1395,Mastercard,Debit,02/2024,YES,1,$51412,08/1997,2008,No
3033,1614,Visa,Credit,05/2019,YES,1,$0,05/2009,2009,No
2095,1212,Mastercard,Debit,06/2021,YES,2,$13746,03/2005,2007,No
6117,1588,Visa,Debit,03/2022,YES,1,$30023,12/2015,2015,No
2016,1588,Visa,Credit,04/2024,YES,2,$14300,03/2000,2009,No
5952,121,Visa,Debit,02/2023,YES,1,$18137,12/2008,2011,No
420,121,Amex,Credit,08/2020,YES,3,$10700,01/2020,2020,No
349,121,Mastercard,Credit,12/2021,YES,1,$10000,01/2015,2015,No
1996,1773,Visa,Debit (Prepaid),03/2024,YES,2,$82,02/2020,2020,No
2703,1859,Mastercard,Debit,06/2021,YES,1,$15976,04/2012,2012,No
4991,1859,Mastercard,Debit,03/2023,YES,1,$34560,10/2003,2011,No
2241,1859,Visa,Credit,07/2020,YES,1,$18600,03/2009,2013,No
2419,1859,Mastercard,Debit (Prepaid),05/2020,YES,1,$65,04/2001,2014,No
5018,1859,Visa,Debit,03/2022,YES,1,$15374,10/2004,2016,No
1997,1339,Visa,Credit,09/2022,YES,1,$16700,02/2020,2020,No
734,1339,Mastercard,Debit,07/2023,NO,1,$20534,01/2020,2020,No
735,1894,Mastercard,Debit,12/2024,YES,2,$24939,01/2020,2020,No
736,1894,Mastercard,Credit,04/2020,YES,1,$15200,01/2020,2020,No
2438,77,Visa,Credit,07/2014,YES,2,$13700,04/2002,2012,No
5906,77,Mastercard,Debit,02/2023,YES,2,$7949,12/2007,2010,No
438,77,Discover,Credit,04/2020,YES,1,$9300,01/2020,2020,No
4373,77,Mastercard,Debit,06/2023,YES,1,$21862,08/2011,2011,No
3621,77,Mastercard,Debit,04/2020,NO,2,$15988,06/2017,2017,No
4837,77,Mastercard,Debit,12/2014,NO,1,$17112,09/2012,2012,No
5688,77,Mastercard,Debit,10/2024,YES,1,$27063,11/2013,2013,No
5501,77,Mastercard,Debit,04/2021,YES,2,$24656,11/2007,2008,No
1076,1222,Visa,Debit,04/2022,YES,2,$1436,02/2005,2005,No
5364,363,Visa,Credit,07/2014,YES,1,$18700,11/2000,2010,No
5555,363,Visa,Debit,02/2011,YES,1,$8420,11/2008,2012,No
5208,363,Mastercard,Debit (Prepaid),10/2022,YES,1,$35,10/2010,2010,No
4434,634,Mastercard,Debit,12/2022,YES,1,$22995,08/2014,2014,No
3541,634,Visa,Debit,07/2023,YES,1,$37620,06/2011,2011,No
2272,634,Visa,Debit,12/2018,YES,1,$18220,03/2010,2011,No
3375,634,Amex,Credit,01/2022,YES,1,$11100,06/2008,2016,No
2579,628,Mastercard,Debit (Prepaid),04/2017,YES,1,$76,04/2008,2008,No
333,628,Mastercard,Debit,10/2021,YES,1,$47183,01/2014,2014,No
1757,628,Mastercard,Debit,02/2024,YES,2,$44912,02/2020,2020,No
3963,756,Visa,Debit,02/2023,YES,1,$7721,07/2010,2010,No
952,971,Visa,Credit,11/2023,NO,2,$23400,01/2020,2020,No
953,971,Visa,Debit,06/2023,YES,1,$12039,01/2020,2020,No
1998,971,Visa,Debit,03/2020,YES,2,$10971,02/2020,2020,No
737,971,Mastercard,Debit,02/2022,YES,2,$14570,01/2020,2020,No
954,971,Visa,Debit,10/2022,YES,2,$12195,01/2020,2020,No
1758,111,Mastercard,Debit,02/2020,YES,1,$9061,02/2020,2020,No
4413,111,Mastercard,Debit,08/2023,YES,2,$10964,08/2013,2013,No
1439,111,Amex,Credit,07/2021,YES,2,$6900,02/2020,2020,No
738,312,Mastercard,Debit,06/2023,YES,1,$26107,01/2020,2020,No
955,312,Visa,Debit (Prepaid),01/2020,YES,1,$76,01/2020,2020,No
1759,312,Mastercard,Debit,05/2020,YES,2,$19613,02/2020,2020,No
956,312,Visa,Debit,10/2021,YES,1,$17569,01/2020,2020,No
1999,1627,Visa,Debit,10/2021,YES,2,$10099,02/2020,2020,No
4149,1359,Amex,Credit,05/2020,YES,1,$15200,08/2005,2017,No
3699,1359,Mastercard,Debit,03/2023,YES,1,$13844,07/2003,2011,No
1760,174,Mastercard,Debit,04/2023,YES,1,$18748,02/2020,2020,No
1761,174,Mastercard,Debit,10/2020,YES,2,$13733,02/2020,2020,No
1762,174,Mastercard,Debit,12/2021,YES,2,$20623,02/2020,2020,No
739,420,Mastercard,Debit (Prepaid),07/2023,YES,2,$39,01/2020,2020,No
4817,488,Mastercard,Debit,01/2019,YES,1,$12759,09/2011,2011,No
5413,488,Mastercard,Debit,12/2022,NO,1,$19554,11/2004,2007,No
171,7,Mastercard,Debit,04/2023,NO,2,$21274,01/2008,2009,No
3335,7,Visa,Debit (Prepaid),08/2022,YES,1,$25,06/2006,2013,No
2490,7,Mastercard,Debit,01/2023,YES,2,$12868,04/2005,2012,No
1385,863,Visa,Debit (Prepaid),01/2020,YES,1,$80,02/2018,2018,No
4861,863,Mastercard,Debit,01/2023,YES,2,$18244,09/2013,2013,No
2750,863,Mastercard,Debit,06/2024,YES,2,$11402,04/2015,2015,No
3570,1854,Mastercard,Credit,06/2020,YES,1,$7200,06/2013,2013,No
3585,1854,Mastercard,Debit,07/2021,YES,1,$22975,06/2014,2014,No
2500,1041,Visa,Debit,10/2022,YES,2,$5579,04/2005,2010,No
2786,1616,Visa,Debit,10/2022,NO,1,$56039,04/2018,2018,No
2730,1616,Mastercard,Debit,12/2023,YES,1,$28861,04/2014,2014,No
5164,1616,Mastercard,Debit (Prepaid),09/2021,YES,1,$66,10/2009,2009,No
4734,1616,Mastercard,Credit,09/2022,NO,2,$22900,09/2009,2010,No
1763,1805,Mastercard,Credit,11/2023,YES,1,$8500,02/2020,2020,No
2546,1805,Mastercard,Credit,02/2022,NO,1,$3800,04/2007,2007,No
172,1284,Mastercard,Debit,06/2023,YES,2,$9789,01/2008,2009,No
6066,1284,Amex,Credit,03/2018,YES,2,$10800,12/2012,2012,No
2000,1735,Visa,Credit,07/2021,YES,1,$15100,02/2020,2020,No
1165,1735,Discover,Credit,04/2020,YES,1,$15700,02/2009,2011,No
3336,1735,Visa,Debit,05/2015,YES,2,$7320,06/2006,2015,No
4053,1735,Amex,Credit,06/2018,NO,2,$5600,07/2017,2017,No
3700,1735,Mastercard,Debit,06/2021,YES,2,$12762,07/2003,2010,No
5057,1735,Mastercard,Credit,04/2024,YES,2,$11900,10/2006,2015,No
5828,1528,Discover,Credit,02/2014,YES,2,$16400,12/2005,2008,No
2491,1528,Mastercard,Debit,08/2017,YES,2,$5656,04/2005,2020,No
4805,1528,Visa,Debit (Prepaid),02/2024,YES,1,$107,09/2010,2015,No
4845,1528,Visa,Credit,04/2024,YES,2,$7800,09/2012,2012,No
3752,1528,Visa,Credit,02/2022,YES,2,$7700,07/2005,2015,No
4315,1528,Visa,Debit,12/2022,NO,3,$8033,08/2009,2014,No
740,1278,Mastercard,Debit (Prepaid),12/2022,YES,1,$56,01/2020,2020,No
1764,1278,Mastercard,Debit,02/2020,YES,1,$21099,02/2020,2020,No
741,1278,Mastercard,Debit,07/2021,YES,2,$9316,01/2020,2020,No
2863,591,Mastercard,Debit,01/2022,NO,2,$21971,05/2004,2012,No
2199,591,Mastercard,Debit,03/2023,NO,1,$10442,03/2008,2016,No
2391,591,Visa,Credit,08/2019,NO,2,$8100,03/2019,2019,No
2285,97,Mastercard,Debit,12/2023,YES,2,$9956,03/2011,2011,No
3180,31,Mastercard,Debit,04/2020,YES,2,$25702,05/2016,2016,No
3622,31,Mastercard,Debit,09/2019,YES,1,$15435,06/2017,2017,No
5594,31,Amex,Credit,12/2023,YES,2,$11500,11/2010,2010,No
742,1380,Mastercard,Debit,09/2023,YES,1,$21244,01/2020,2020,No
219,1380,Visa,Debit (Prepaid),06/2011,YES,1,$85,01/2009,2009,No
1295,1240,Visa,Credit,03/2023,YES,1,$4000,02/2011,2011,No
3876,1240,Visa,Debit,08/2022,YES,1,$23169,07/2008,2011,No
1361,1240,Visa,Debit,11/2022,YES,2,$16638,02/2015,2015,No
1121,932,Mastercard,Debit,05/2023,YES,1,$4700,02/2007,2015,No
2626,932,Visa,Debit,07/2024,YES,2,$3648,04/2009,2009,No
2614,932,Mastercard,Credit,03/2024,YES,2,$11400,04/2009,2010,No
188,932,Visa,Credit,02/2022,YES,2,$7100,01/2008,2009,No
220,932,Visa,Debit,06/2019,YES,2,$6204,01/2009,2015,No
3562,932,Amex,Credit,09/2021,YES,2,$6100,06/2013,2013,No
2001,378,Visa,Debit (Prepaid),12/2020,NO,3,$61,02/2020,2020,No
5294,647,Mastercard,Debit,07/2018,YES,2,$15512,10/2014,2014,No
4460,647,Visa,Debit,06/2022,YES,2,$8332,08/2016,2016,No
4921,391,Amex,Credit,06/2023,YES,1,$6200,09/2019,2019,No
317,391,Mastercard,Debit,08/2021,YES,1,$23152,01/2013,2013,No
4936,391,Mastercard,Debit (Prepaid),09/2020,YES,2,$81,10/1998,2010,No
3488,391,Mastercard,Debit,08/2024,YES,1,$11812,06/2010,2010,No
3616,391,Visa,Debit,01/2020,YES,2,$12483,06/2016,2016,No
5182,391,Visa,Credit,08/2022,YES,1,$9100,10/2009,2010,No
957,588,Visa,Debit,02/2021,YES,2,$21787,01/2020,2020,No
439,588,Discover,Credit,01/2020,YES,2,$12000,01/2020,2020,No
1765,588,Mastercard,Debit,02/2020,YES,1,$26265,02/2020,2020,No
263,986,Visa,Debit,08/2012,YES,2,$27317,01/2010,2010,No
4755,986,Visa,Debit,01/2023,YES,2,$15094,09/2009,2011,No
2139,986,Discover,Credit,02/2023,NO,1,$18300,03/2007,2013,No
5295,1944,Mastercard,Debit,06/2018,NO,2,$19756,10/2014,2014,No
1304,1944,Mastercard,Debit,01/2022,NO,1,$17116,02/2012,2012,No
33,1944,Visa,Credit,09/2021,YES,1,$11100,01/2002,2009,No
1059,1944,Mastercard,Debit,11/2021,YES,1,$2468,02/2005,2005,No
4046,185,Mastercard,Debit,07/2024,YES,1,$16415,07/2016,2016,No
5361,185,Amex,Credit,01/2024,YES,1,$6900,11/2000,2013,No
2711,185,Visa,Credit,01/2021,YES,2,$5700,04/2012,2012,No
1305,1007,Mastercard,Credit,08/2020,NO,2,$9200,02/2012,2012,No
743,1110,Mastercard,Debit,01/2020,YES,1,$28074,01/2020,2020,No
3199,1110,Visa,Credit,12/2020,YES,1,$14400,05/2017,2017,No
