id,label
11566462,No
17204857,No
19153381,No
18665972,No
10803460,No
18939509,No
16568202,No
12004993,No
10223509,No
22614986,No
17441850,No
8069015,No
20921046,No
10921810,No
13685651,No
21421149,No
18009578,No
15051550,No
12310169,No
15152009,No
13494851,No
23482138,No
17737343,No
22464755,No
23022493,No
9667749,No
17060469,No
17981379,No
8635982,No
10898551,No
20539373,No
8960956,No
19137190,No
9722777,No
14186563,No
23019042,No
20149192,No
19302493,No
7659949,No
11978705,No
17517036,No
19023448,No
22430572,No
21407072,No
8266133,No
17489694,No
22536838,No
23444593,No
13461096,No
11195114,No
9489257,No
8104057,No
20478472,No
13367855,No
12308411,No
21981479,No
12949035,No
12636980,No
21473750,No
12424890,No
17894116,No
7687626,No
8713983,No
8654090,No
15819310,No
21495530,No
23094293,No
23077174,No
17620838,No
22726027,No
21955142,No
9551238,No
17534536,No
9060624,No
11295851,No
19899475,No
22885538,No
22383850,No
14192230,No
21694016,No
20175615,No
12844015,No
12433142,No
13897384,No
20999496,No
23523344,No
18920982,No
10285752,No
16054672,No
20539739,No
22546587,No
14605447,No
13706155,No
15641595,No
13016238,No
13295276,No
9839594,No
22565768,No
12886453,No
12160024,No
7879383,No
12335056,No
20468460,No
14688838,No
14318631,No
16934038,No
17659384,No
22254327,No
16745035,No
9852149,No
10776867,No
13594400,No
23162643,No
15547405,No
16440280,No
19989161,No
19449520,No
8834878,No
17061103,No
16510844,No
15848435,No
11575073,No
17066445,No
8624281,No
11214381,No
16560947,No
11508794,No
13580444,No
23170042,No
15797075,No
23047636,No
20755002,No
18212847,No
17802771,No
16492077,No
17533665,No
13341597,No
22695528,No
21204576,No
14790901,No
10559248,No
8673869,No
18837556,No
19407358,No
12753492,No
16653770,No
10412775,No
15497478,No
13125855,No
17254608,No
19839700,No
7639082,No
8399343,No
22086262,No
15137441,No
10116178,No
13927426,No
20547767,No
15437333,No
20042820,No
20661677,No
22680007,No
12450908,No
21645116,No
19420063,No
16093079,No
13154554,No
21814893,No
12610557,No
12720083,No
15356902,No
13559508,No
22024881,No
14951629,No
8100264,No
23058572,No
14085666,No
16281772,No
18516893,No
13548165,No
18828069,No
17943468,No
11328462,No
15443060,No
14538946,No
20943959,No
19058209,No
14512377,No
17764627,No
8574418,No
14017733,No
16005232,No
21958289,No
12717008,No
13812311,No
16013950,No
12400085,No
18558291,No
13067588,No
9373025,No
17082217,No
13716162,No
11663263,No
11432174,No
20983459,No
8542848,No
10257158,No
16221658,No
20251672,No
15141672,No
13603499,No
15437643,No
18820781,No
10559175,No
16361732,No
12717916,No
15765722,No
20129167,No
23403700,No
9181510,No
7641633,No
20479774,No
13546235,No
16561596,No
16392574,No
18964632,No
19165078,No
15099924,No
14228949,No
17658687,No
15435804,No
11975780,No
19113143,No
20283574,No
8161847,No
9169681,No
22672550,No
16854219,No
8284572,No
14644544,No
7728598,No
11380975,No
11611884,No
21276839,No
20086780,No
14725147,No
18281495,No
14292448,No
16509261,No
19012373,No
9479805,No
21677231,No
8016202,No
20909828,No
9854871,No
10158819,No
9875082,No
9273898,No
13038874,No
11274473,No
18171873,No
9142804,No
19632329,No
9971615,No
18379160,No
13910625,No
9332777,No
19264239,No
15791239,No
20178936,No
15036397,No
12194913,No
8684836,No
21790242,No
11695852,No
23185580,No
14121147,No
12545559,No
8461472,No
17743587,No
8564507,No
15290004,No
8965831,No
17028112,No
10991527,No
17956493,No
21690177,No
19783722,No
21015026,No
17583814,No
19341437,No
17581573,No
11947810,No
12788749,No
22880066,No
18566450,No
20377816,No
13173094,No
15823044,No
7934909,No
9106415,No
9157775,No
20960027,No
23319485,No
12126186,No
11992331,No
9246940,No
11548783,No
20396065,No
18540247,No
16637087,No
19980066,No
12372433,No
12042593,No
12345180,No
11014666,No
18766589,No
12406539,No
21723442,No
12672945,No
18242350,No
16918826,No
10402955,No
22577936,No
19783268,No
22908244,No
18795349,No
8964132,No
11311345,No
21817086,No
8834697,No
23216777,No
15382428,No
20637238,No
20408072,No
23337320,No
16958727,No
15552188,No
15226341,No
16776091,No
9422946,No
21517912,No
20344773,No
12754119,No
10471591,No
22134801,No
13851308,No
22746978,No
19710253,No
23664687,No
23402469,No
22873044,No
9555424,No
12716389,No
7677441,No
8578045,No
22001797,No
11042278,No
21304177,No
15514786,No
23377897,No
11359306,No
15071133,No
19751238,No
7683450,No
15097792,No
16287367,No
9354483,No
14245764,No
19873061,No
20636898,No
20780664,No
10941733,No
20953630,No
13526357,No
11980405,No
13251564,No
21321474,No
20271015,No
21104666,No
8878153,No
11194035,No
10410004,No
7830648,No
11591262,No
12545411,No
7907684,No
20173381,No
7810750,No
22830488,No
22764115,No
14962294,No
22927745,No
16615901,No
17472136,No
20564877,No
16142701,No
16579685,No
9613929,No
16915350,No
16745198,No
19202854,No
14985892,No
17445023,No
22028757,No
19301137,No
7950882,No
13139876,No
11938258,No
10145566,No
12036719,No
21957149,No
11910310,No
9708195,No
23586899,No
16208439,No
23301847,No
21766305,No
13489926,No
9878890,No
14014167,No
11347967,No
8888498,No
9062971,No
20667093,No
22502424,No
18411193,No
10904373,No
12906376,No
9353110,No
18749214,No
18859351,No
16420777,No
16859997,No
13356186,No
21477910,No
16537933,No
19335789,No
14245290,No
13307233,No
16698006,No
21591256,No
9050320,No
22784694,No
10674936,No
19889751,No
9021827,No
15803139,No
9690733,No
17658655,No
15538020,No
15072496,No
13261348,No
16278109,No
9151045,No
8881785,No
14299453,No
22901463,No
23728280,No
21241068,No
11763787,No
13363452,No
17278825,No
12159821,No
12360549,No
16823041,No
15377163,No
20352121,No
16700276,No
8206276,No
13899455,No
15805536,No
15636018,No
18762443,No
23728273,No
14507767,No
19955927,No
12708138,No
9131635,No
12330907,No
23231481,No
17257511,No
10824384,No
7963469,No
21159129,No
18312402,No
8531154,No
20977274,No
13405242,No
18634954,No
11226410,No
8295168,No
19616035,No
7820092,No
19363168,No
20249906,No
9524834,No
12131460,No
22146498,No
14691638,No
13725609,No
17802865,No
14585527,No
11812465,No
23470449,No
15403274,No
12448338,No
12337361,No
10337709,No
18007617,No
9848897,No
12836694,No
17937114,No
8697200,No
8420584,No
18607474,No
11800100,No
12222496,No
21298812,No
18647222,No
22385738,No
19030094,No
21058189,No
23468945,No
7798842,No
17845747,No
17021365,No
23593870,No
23287885,No
22649444,No
16570009,No
10805029,No
22491170,No
11572831,No
15612172,No
12573971,No
14339585,No
11499433,No
19190152,No
17746029,No
21395675,No
21601357,No
18035458,No
14591018,No
22939029,No
11259037,No
19516398,No
7691227,No
13574192,No
21063456,No
16081263,No
15877578,No
10072748,No
18490638,No
15108230,No
16307366,No
23552616,No
13709584,No
10113031,No
22960273,No
10923039,No
7661350,No
11438927,No
8450682,No
23327251,No
7988476,No
17838273,No
22612210,No
20963457,No
8264807,No
16025373,No
14030448,No
10608890,No
14965333,No
21380312,No
19747387,No
13317871,No
9846961,No
10309758,No
12020236,No
7602001,No
9175315,No
9363908,No
19739809,No
18462709,No
17025936,No
18407644,No
17372801,No
12623999,No
18883976,No
22565474,No
14688620,No
12337660,No
10043364,No
23456940,No
8472537,No
9992710,No
8077511,No
10459324,No
18727992,No
23418575,No
15896858,No
21775562,No
18225502,No
9407031,No
8254075,No
10693086,No
12560538,No
9909842,No
19422462,No
23477004,No
14446862,No
19312672,No
9015880,No
12464462,No
22765832,No
22509443,No
22760213,No
21096296,No
18867327,No
23115134,No
10016645,No
16963518,No
21811863,No
18712920,No
11497109,No
11613409,No
20874422,No
22800076,No
18515966,No
23064662,No
19435352,No
16057524,No
15407168,No
11343740,No
16278280,No
7793645,No
15295495,No
20022902,No
9982248,No
22760828,No
12110494,No
17776984,No
8593698,No
10302335,No
15986648,No
11624046,No
20092241,No
10978582,No
15176575,No
20211465,No
20617928,No
23384152,No
18152360,No
9988727,No
19152382,No
17751503,No
19515243,No
15655284,No
13805483,No
12719552,No
10195657,No
7965542,No
14232078,No
8300495,No
10952999,No
18087260,No
22833756,No
9219120,No
11204895,No
12818685,No
22628599,No
17235133,No
12128822,No
14292357,No
10163845,No
7817188,No
20053107,No
13580022,No
11103353,No
16958328,No
10640976,No
12764135,No
8356909,No
14255135,No
8337027,No
21129901,No
14321133,No
11433305,No
21915455,No
23077060,No
11878762,No
11058995,No
9513732,No
22430328,No
23129795,No
10246187,No
21112007,No
23031201,No
18103605,No
7867147,No
11660438,No
17357581,No
18149080,No
20859031,No
9174534,No
23175465,No
12283415,No
8961424,No
11857466,No
20755488,No
12303363,No
13882386,No
7980208,No
9679463,No
17482194,No
15804712,No
17616624,No
10880498,No
8093606,No
8209115,No
16729531,No
14436980,No
11933580,No
12363322,No
22089389,No
18492704,No
22912445,No
11932293,No
15689355,No
9948504,No
11162156,No
18384563,No
17754592,No
15785083,No
19887885,No
9901027,No
21281629,No
23006113,No
9855162,No
23724676,No
18080193,No
23667917,No
22172795,No
17845904,No
11662896,No
21618288,No
9760947,No
21286552,No
20574663,No
23384622,No
15277413,No
10134910,No
15777938,No
15484293,No
12225116,No
9485682,No
16839667,No
10338634,No
17899077,No
21130460,No
11766392,No
11909787,No
18846235,No
22080451,No
13059640,No
12481439,No
20818891,No
8399222,No
11747973,No
16880617,No
13647499,No
20407467,No
8998645,No
20163486,No
9072682,No
20477389,No
8316932,No
9937772,No
21107985,No
14016497,No
23399576,No
18728110,No
9576488,No
12039334,No
18951350,No
14475795,No
20127959,No
7572276,No
22440373,No
21332354,No
8391617,No
23010219,No
16156015,No
7893102,No
12801745,No
11481564,No
20570250,No
22949858,No
21208194,No
20545282,No
23625519,No
20928363,No
14366879,No
12981654,No
22381231,No
12477231,No
20413582,No
15645190,No
23130366,No
14726266,No
15585904,No
22812441,No
22097726,No
17561007,No
18698639,No
7776304,No
10393487,No
10575050,No
15452524,No
15753829,No
19109362,No
18274948,No
18306661,No
7608672,No
12790378,No
13878155,No
14941484,No
14750861,No
14429901,No
15764269,No
10839425,No
17105300,No
7776391,No
20817079,No
7908306,No
11879518,No
8314113,No
21179982,No
17944841,No
7989246,No
22024647,No
21874447,No
20287327,No
22391270,No
13572966,No
8719649,No
19793791,No
11941953,No
20301220,No
21003423,No
21214289,No
22893257,No
22144763,No
8059073,No
19363469,No
20017717,No
21478614,No
15667699,No
20569868,No
14253682,No
17223596,No
7599536,No
19699019,No
17986268,No
8886990,No
13892961,No
10243756,No
16200714,No
14885832,No
22886120,No
9229814,No
16266812,No
15691102,No
10026436,No
14610382,No
17250767,No
13846897,No
10585666,No
9100324,No
10654641,No
13258361,No
14420569,No
21826389,No
10130926,No
22414283,No
8826616,No
16513384,No
23552768,No
16527837,No
21278842,No
13101191,No
16664081,No
9030457,No
13634387,No
19961797,No
16557411,No
19376077,No
15323343,No
15928076,No
18535846,No
14074297,No
9010223,No
19316541,No
13762447,No
10315681,No
10681038,No
16071383,No
17629491,No
19536592,No
14241156,No
7554814,No
20488137,No
7746317,No
17501314,No
8408306,No
18272721,No
21890353,No
20729655,No
21957569,No
21789569,No
19693000,No
12380933,No
17500116,No
17307229,No
9930206,No
17267720,Yes
18610100,No
19210292,No
13854638,No
13232252,No
13186593,No
20787252,No
8015167,No
13516721,No
10487011,No
8567790,No
15464388,No
14625935,No
12128927,No
16004802,No
8242069,No
16065481,No
18104931,No
20089926,No
11300845,No
15641112,No
22396489,No
12589777,No
7926224,No
13288678,No
22583883,No
7991574,No
19553649,No
23418345,No
11625783,No
19069773,No
18517703,No
19104364,No
10062046,No
9648004,No
7963485,No
10459277,No
22745093,No
23712531,No
22468016,No
17958200,No
19641147,No
13523922,No
13921394,No
16513160,No
9574494,No
20750295,No
20644698,No
11736073,No
8408647,No
16469886,No
14088711,No
11587715,No
7498029,No
19023322,No
9634441,No
11506845,No
16422084,No
16893694,No
18261091,No
18907476,No
16484095,No
23616910,No
14644657,No
15451123,No
11775899,No
10176738,No
8505387,No
23300430,No
19182728,No
16675951,No
12795355,No
23724522,No
22952850,No
19412874,No
21199680,No
16281124,No
11042364,No
12714485,No
18710997,No
8768111,No
15311006,No
23598448,No
12461442,No
21904017,No
12682021,No
22264281,No
16037750,No
13333840,No
7669937,Yes
17413517,No
16399235,Yes
7564556,No
18369943,No
11285452,No
15825871,No
15662288,No
20500816,No
12494799,No
16066072,No
7852591,No
9678069,No
19973229,No
23515489,No
15374558,No
10892371,No
20680486,No
15215128,No
18325004,No
10789663,No
20130712,No
17803836,No
14764040,No
9833569,No
11930908,No
16594505,No
8501913,No
8951787,No
19586814,No
17613760,No
11808265,No
22902603,No
9542575,No
20270296,No
12048480,No
15100728,No
23411879,No
20064926,No
11203133,No
12158533,No
9228702,No
13444208,No
10915140,No
20399681,No
15308797,No
8944508,No
12770296,No
19638162,No
20817928,No
13794679,No
7566852,No
18973617,No
16911063,No
12686377,No
10749702,No
21573801,No
19598405,No
11644812,No
8701729,No
9718662,No
8769294,No
10456561,No
11146412,No
20604235,No
18841920,No
20554667,No
12338296,No
17356266,No
18500588,No
10403868,No
9539975,No
10210406,No
12340255,No
19100500,No
15536343,No
16980605,No
13293903,No
12448591,No
12246832,No
23757660,No
21435323,No
7904551,No
22771588,No
21011856,No
21701049,No
14100688,No
22807814,No
22517681,No
8029973,No
19267662,No
13931234,No
23639332,No
13330754,No
13557700,No
21236493,No
20256076,No
14090628,No
18148260,No
22064062,No
11406738,No
17039741,No
7936602,No
20658597,No
18326829,No
15549386,No
8940633,No
10430447,No
18562378,No
18430408,No
19516457,No
8752927,No
20020013,No
11166794,No
16243154,No
15209603,No
20472920,No
17930559,No
8635702,No
11997141,No
14294055,No
10498418,No
16298651,No
17094191,No
12056700,No
10628175,No
14893416,No
13531425,No
21147838,No
23618002,No
11986760,No
19829159,No
13634123,No
12267251,No
16264277,No
9423634,No
9247241,No
16709656,No
13431970,No
12457767,No
17724585,No
17849478,No
12259089,No
11678365,No
15433275,No
10838138,No
19280449,No
17782274,No
12494746,No
18050673,No
23559867,No
18298871,No
7597343,No
17678685,No
16602885,No
20451837,No
15175680,No
14060299,No
11337078,No
17665084,No
9509775,No
13869857,No
18039745,No
10004679,No
9885111,No
17462432,No
12397211,No
23278311,No
12439481,No
10923070,No
13307070,No
17073401,No
21076847,No
14357407,No
9713051,No
8742391,No
17488354,No
15848788,No
16905855,No
17639567,No
20798736,No
9126575,No
21575095,No
17913718,No
11293284,No
11061496,No
15852316,No
18674614,No
14135994,No
22837428,No
20333091,No
16034103,No
11961205,No
18423637,No
12847949,No
10460781,No
17181831,No
15909418,No
23095276,No
13408784,No
11690879,No
16641785,No
18139146,No
19876824,No
16704664,No
18864257,No
22169171,No
16300707,No
8620472,No
22206257,No
17618494,No
12714874,No
8540671,No
19250927,No
12127455,No
17910400,No
16674337,No
11761775,No
18100547,No
14630294,No
10987038,No
7494621,No
21316235,No
10067658,No
15349136,No
21621404,No
20138715,No
12902968,No
11677494,No
23509135,No
7565364,No
11346803,No
8601451,No
16463616,No
11276376,No
13690740,No
9847860,No
14477772,No
13771399,No
20437767,No
13471562,No
13280080,No
17261369,No
16602831,No
16061381,No
20448952,No
9856899,No
22253748,No
11061947,No
14516319,No
13250857,No
23334729,No
18572442,No
12116956,No
18026434,No
17425057,No
7623039,No
14998792,No
11923381,No
11624313,No
10747200,No
14128751,No
10006860,No
13689676,No
8362954,No
20002973,No
19031873,No
20757246,No
10370738,No
22145195,No
21742240,No
16419808,No
12594986,No
15859056,No
15337957,No
23468507,No
15444408,No
10678976,No
11104769,No
11911035,No
16890835,No
23044905,No
8441416,No
17345060,No
21758934,No
13963456,No
8741497,No
22311183,No
23514593,No
13935572,No
21573006,No
22827413,No
22615440,No
20671130,No
21578568,No
23226732,No
16571589,No
16019881,No
11027703,No
23506788,No
9201134,No
13814246,No
22336950,No
17834667,No
14383826,No
10087981,No
9791895,No
11394583,No
13869314,No
20562291,No
10013112,No
18685599,No
16767262,No
17464935,No
18456102,No
19880457,No
14463062,No
7864869,No
17261120,No
22914701,No
8013756,No
13857237,No
20603662,No
22937251,No
17630851,No
17536432,No
15950822,No
10941213,No
17528862,No
8930635,No
10729408,No
13037315,No
11744256,No
20674346,No
15661947,No
19167129,No
21447664,No
23453290,No
11973277,No
21699833,No
14782530,No
22686001,No
8449414,No
15759215,No
21258520,No
23322797,No
23253735,No
15903381,No
14313833,No
19781000,No
16201325,No
10504207,No
16383517,No
10662205,No
18455607,No
8419080,No
10425189,No
9827526,No
11817498,No
15210879,No
22071588,No
8646255,No
10713738,No
17705788,No
9234569,No
14942708,No
11787902,No
20295525,No
8404804,No
13583492,No
12925361,No
11380447,No
11485381,No
18612665,No
13151063,No
10073779,No
10858993,No
14398573,No
13763619,No
13784290,No
11046732,No
17727494,No
9784232,No
14456484,No
11104048,No
21864820,No
16940332,No
8830883,No
13500213,No
20829062,No
12401299,No
9997932,No
15862958,No
19995916,No
19072650,No
10618367,No
11863777,No
22780758,No
15794575,No
10795269,No
9707267,No
19080853,No
14604282,No
9621888,No
16666679,No
8241878,No
9372056,No
11507546,No
12560169,No
10655054,No
21501701,No
9317336,No
17065260,No
23218620,No
20024854,No
22573979,No
14819318,No
9012744,No
10635688,No
19257713,No
16848485,No
21830586,No
16403488,No
16571195,No
15800291,No
9769570,No
23388315,No
14767645,No
21750230,No
11898139,No
8995067,No
10492096,No
9897609,No
23210674,No
11818343,No
23684569,No
22878211,No
9491611,No
15389960,No
20816248,No
14146960,No
20906480,No
17896056,No
13032014,No
10419007,No
13883356,No
11025746,No
10088837,No
21581369,No
11720987,No
9833244,No
15741363,No
22674418,No
8749171,No
19766479,No
13023181,No
16486585,No
10086256,No
12050991,No
8063321,No
14469743,No
22079582,No
19522645,No
19857049,No
17924931,No
11348525,No
21056603,No
21288494,No
13561097,No
13835400,No
9071886,No
23432310,No
12792593,No
8362889,No
19862712,No
19206031,No
17910677,No
20764566,No
19954303,No
23608037,No
20745824,No
8291939,No
14880278,No
19209095,No
13865055,No
20849538,No
16594740,No
20287050,No
10242196,No
17885187,No
10717269,No
19418671,No
21288787,No
7846346,No
23415397,No
10775357,No
21538141,No
12042368,No
9032584,No
11811274,No
10811720,No
19178925,No
16213175,No
10362943,No
19601805,No
16879001,No
19134052,No
9551626,No
17651597,No
13977081,No
13568818,No
21541818,No
12039230,No
16334963,No
8612437,No
16987700,No
21348114,No
10132886,No
18994154,No
14511050,No
22610823,No
16940242,No
23609905,No
15327883,No
21193184,No
14288592,No
8072062,No
15307844,No
18230234,No
13630605,No
10135753,No
10137201,No
15767417,No
9255936,No
10421722,No
14370191,No
18835848,No
7511339,No
9028549,No
12027919,No
17478511,No
18042572,No
10930389,No
15257858,No
13612572,No
7657678,No
22098759,No
21112522,No
7485584,No
19488020,No
21389223,No
19022322,No
7720404,No
15163921,No
18473233,No
20828758,No
17748226,No
18510814,No
19044775,No
16739275,No
17319043,No
11505765,No
21477138,No
18916960,No
20420489,No
13434807,No
10822578,No
10237837,No
17018258,No
12940981,No
8744462,No
12243588,No
8363289,No
15640951,No
13131151,No
13760757,No
19675847,No
19566339,No
19848894,No
15011383,No
12878480,No
8043036,No
16866329,No
23440160,No
12351425,No
16025002,No
17464747,No
9144779,No
7855062,No
8756011,No
21353855,No
15986154,No
18694332,No
22184834,No
9339860,No
19900825,No
21594332,No
20479496,No
16944894,No
13308175,No
19126489,No
7501954,No
16045798,No
18426057,No
19754095,No
23204490,No
11866849,No
19287930,No
21478246,No
14148604,No
9382512,No
20241419,No
13931522,No
11708803,No
10376056,No
14911978,No
11741905,No
11672708,No
20019631,No
19114748,No
17857219,No
15692825,No
9950115,No
16251784,No
20953502,No
11201026,No
19858962,No
22815350,No
16798338,No
13648609,No
23165729,No
17248265,No
22404639,No
8397620,No
18633279,No
14077289,No
23031203,No
11331401,No
9378115,No
12496314,No
17710662,No
18603252,No
11732856,No
7927258,No
8981087,No
22916503,No
23393160,No
17887147,No
13956334,No
12189685,No
10927337,No
12880460,No
9025687,No
18062268,No
17941266,No
9425033,No
22404564,No
15847589,No
16994524,No
18496807,No
22604664,No
19980690,No
10451091,No
20710390,No
16949829,No
16084146,No
9721091,No
21185437,No
18204706,No
18271451,No
8323559,No
11401451,No
21745843,No
20849809,No
18969268,No
9079732,No
22088886,No
8569490,No
21233157,No
9982801,No
17250143,No
9566263,No
22324039,No
14058652,No
17469686,No
23173849,No
8011969,No
9182815,No
20604672,No
22528323,No
11702439,No
17848825,No
12585605,No
16985276,No
23217787,No
8168346,No
22888291,No
12352034,No
23559587,No
7661908,No
22633376,No
13098686,No
23304189,No
19906463,No
13843082,No
9193736,No
13495138,No
13670819,No
13494202,No
7528583,No
14814594,No
10692246,No
22103954,No
15680591,No
20691483,No
18540090,No
18203291,No
12579363,No
21738378,No
13232900,No
14952353,No
14502486,No
14151288,No
19315380,No
15217219,No
13009174,No
7476412,No
15226683,No
19957843,No
15622657,No
11115778,No
11449884,No
12352272,No
10037350,No
8076969,No
15168484,No
10068440,No
16664256,No
7914960,No
12248564,No
20560716,No
11151413,No
12957050,No
20012960,No
10967654,No
19464671,No
10886214,No
16177578,No
22333988,No
16347523,No
16157315,No
16674872,No
21406983,No
14775246,No
22289430,No
15429194,No
17112898,No
19433567,No
23200679,No
10836498,No
8555913,No
19510386,No
10302691,No
22000742,No
17246158,No
23662180,No
15611242,No
9132087,No
8410483,No
16644239,No
8200725,No
8288049,No
11308573,No
22514975,No
22471054,No
8796306,No
10145397,No
9962224,No
16382754,No
13744115,No
13098265,No
13015388,No
11693204,No
11378165,No
13915077,No
11594943,No
20397291,No
9623092,No
15555161,No
9494314,No
19123970,No
13853995,No
12341154,No
20330115,No
13254825,No
11445072,No
12495642,No
17825121,No
22275659,No
23717491,No
10374614,No
10555428,No
17852795,No
13107194,No
11628343,No
13501736,No
19427364,No
8847536,No
18782399,No
23141018,No
13146381,No
13200403,No
22013190,No
11572729,No
16584513,No
22088749,No
21392814,No
20859226,No
21569038,No
21823312,No
16776718,No
8989644,No
23220274,No
9905729,No
13511071,No
21071408,No
9041823,No
16559168,No
14912124,No
12011655,No
21133844,No
8214662,No
13503183,No
19229543,No
19644872,No
17577478,No
11265552,No
23650206,No
23255342,No
14005294,No
18688382,No
11664345,No
11111207,No
10322374,No
22432266,No
11305869,No
11675827,No
16192372,No
10267562,No
19344490,No
20203832,No
22154170,No
17082155,No
17723137,No
8871100,No
14585984,No
12215039,No
9686870,No
21090410,No
12745942,No
20129586,No
15987265,No
20780235,No
20187889,No
12348418,No
10288408,No
19251090,No
11875361,No
9645628,No
21585255,No
18783281,No
7878136,No
20554103,No
15054937,No
9500603,No
21461801,No
8247171,No
11875633,No
13408945,No
17348093,No
7768405,No
19471628,No
12910731,No
21325814,No
8404704,No
22056333,No
12651023,No
19981313,No
20379458,No
20272781,No
11180263,No
21676278,No
8446503,No
10000375,No
14258886,No
12489691,No
21040634,No
9075690,No
9983727,No
14452140,No
7838732,No
9932742,No
19767039,No
13057251,No
17673426,No
16944932,No
22429579,No
9334579,No
8361325,No
14456094,No
16253845,No
22248289,No
21857487,No
16235806,No
18215249,No
16529966,No
22377403,No
14919352,No
16502613,No
21025973,No
22878233,No
16691786,Yes
9148299,No
22392662,No
18291421,No
22275898,No
8341341,No
14635657,No
13217822,No
16230550,No
10255794,No
10709431,No
23757814,No
13976328,No
17786713,No
15313059,No
19630611,No
18804598,No
17988685,No
10894496,No
21870463,No
23116699,No
12589569,No
21726023,No
17916628,No
7801542,No
15548148,No
12423920,No
9064079,No
8161236,No
21649312,No
10295284,No
20959567,No
8866440,No
7476456,No
10623781,No
11517361,No
10573983,No
17947126,No
8278159,No
10073224,No
14423278,No
15154000,No
22765328,No
15157322,No
20825511,No
18696719,No
18689685,No
14249701,No
13615111,No
23527264,No
19566869,No
15560936,No
16417563,No
16005046,No
11011171,No
19783057,No
22214264,No
8085886,No
10657654,No
22297819,No
21757341,No
14552723,No
10491454,No
16973412,No
9646155,No
10442871,No
15383269,No
13668317,No
15062169,No
8925178,No
23525593,No
20990782,No
18690834,No
15759023,No
17160193,No
18710764,No
16292788,No
17283083,No
20601233,No
19885552,No
11836886,No
16793423,No
22210393,No
14818951,No
21645815,No
15615215,No
15587884,No
12489325,No
19664716,No
20919378,No
18920029,No
23196621,No
16807578,No
17481845,No
19355202,No
8151357,No
12368375,No
8454570,No
16662982,No
15537165,No
12826543,No
8221496,No
8743804,No
12590878,No
12599176,No
15747993,No
7617940,No
13169200,No
11346332,No
9870164,No
14601841,No
11022887,No
7812497,No
21954344,No
15046851,No
20564477,No
12641490,No
11309490,No
12722659,No
13660336,No
8174078,No
20144442,No
7552359,No
8762440,No
9752586,No
15761363,No
13431247,No
19527481,No
16464816,No
19291686,No
11440413,No
14594119,No
15746931,No
17541430,No
13380634,No
9888760,No
9265382,No
15671315,No
14506124,No
11488954,No
17983444,No
16146395,No
9049374,No
10371762,No
19309834,No
19497562,No
15877336,No
20088900,No
18517753,No
10841323,No
11057958,No
9100155,No
18287295,No
11059357,No
12760416,No
18048692,No
21174940,No
20412153,No
9132257,No
15731578,No
12370054,No
18574485,No
8655120,No
9407141,No
12462050,No
12416426,No
16286224,No
23710024,No
16281008,No
19785294,No
9354526,No
21824388,No
16159447,No
21952846,No
12945315,No
14875950,No
16653140,No
17052196,No
18999563,No
19199362,No
23077631,No
17881047,No
21278747,No
21973206,No
15764417,No
9004459,No
17297766,No
18055961,No
12280826,No
19801860,No
13899050,No
18832255,No
14885597,No
21245366,No
13665717,No
17286800,No
12259914,No
21851645,No
18903968,No
12482432,No
20606830,No
22320109,No
15554971,No
18395262,No
22749422,No
13431345,No
17818411,No
22949835,No
11513073,No
18329067,No
21001043,No
17202999,No
17788287,No
8406888,No
10724419,No
9134188,No
19753323,No
9268596,No
20012839,No
16149960,No
22366125,No
20833645,No
8539302,No
11350693,No
18996897,No
8388598,No
11456172,No
13769059,No
10094830,No
10155308,No
11757004,No
11910128,No
9162154,No
14688995,No
9374324,No
17411004,No
18074122,No
16676620,No
23566449,No
11409353,No
14175287,No
15455578,No
21490906,No
15371026,No
20852876,No
13019143,No
12924337,No
19547830,No
17067663,No
8342259,No
10972429,No
21119377,No
15038231,No
17887448,No
7815775,No
19841024,No
22028380,No
10577316,No
18900641,No
17035829,No
21464255,No
16566297,No
16791453,No
8561864,No
11646516,No
12680915,No
11925432,No
18925713,No
16036062,No
11259407,No
10954696,No
11784506,No
10112500,No
12594870,No
8740780,No
21933009,No
7634036,No
20285271,No
23443955,No
15192266,No
20729814,No
16448046,No
9505394,No
11924629,No
18585421,No
8560431,No
17962182,No
10200628,No
20822267,No
12517906,No
18034160,No
16883110,No
23115761,No
12806600,No
19631061,No
20880792,No
15993240,No
17273260,No
19968003,No
15920450,No
8802018,No
21895031,No
13575072,No
8072299,No
7605511,No
10382080,No
12930358,No
12204345,No
9228881,No
11985633,No
15666290,No
14314250,No
19120234,No
14273558,No
23451651,No
12097425,No
10573329,No
19426110,No
7855511,No
10827166,No
14211714,No
19331635,No
18905403,No
19505152,No
16019464,No
19211309,No
23596073,No
21612725,No
13624173,No
11710076,No
9113636,No
17768472,No
13885703,No
12204774,No
9310568,No
14665382,No
23625730,No
9744828,No
16553149,No
11105874,No
13940430,No
14238616,No
7807948,No
11351257,No
10946277,No
15646154,No
21665008,No
12097732,No
20204326,No
16314925,No
11275684,No
18687493,No
8948698,No
22595765,No
7844165,No
11993073,No
18754116,No
23709982,No
12806738,No
15179437,No
15046723,No
10554051,No
9330822,No
22822607,No
15231157,No
7726911,No
15589333,No
19963268,No
13027267,No
12428221,No
20513689,No
15373470,No
9032694,No
11508379,No
18381107,No
20404900,No
16044378,No
19460665,No
17046713,No
17902475,No
12087303,No
14768092,No
12177164,No
18833903,No
16214050,No
16506995,No
10735487,No
21745100,No
22463307,No
21963653,No
14152675,No
11554841,No
7588976,No
12690248,No
14566310,No
7956815,No
8105202,No
8177773,No
11606471,No
16153838,No
15407047,No
22751254,No
15877097,No
18473866,No
14001703,No
21358633,No
18259644,No
15689894,No
11183822,No
9398965,No
19440762,No
9806196,No
23026782,No
17828574,No
16897582,No
19151904,No
17908059,No
9435431,No
15942949,No
7633279,No
11380385,No
20648162,No
21676296,No
22580029,No
11771080,No
19307305,No
12444729,No
8250396,No
21995226,No
8375139,No
10505481,No
15741153,No
15235302,No
16935462,No
11337769,No
21061741,No
18852898,No
13403319,No
20351429,No
13180045,No
15864892,No
14305273,No
19668601,No
12943941,No
20157887,No
16728069,No
8695033,No
10921781,No
22024951,No
17104165,No
19029196,No
10600090,No
11445658,No
17466669,No
22090300,No
12786982,No
13135849,No
20091541,No
18857709,No
22630219,No
7879212,No
8152316,No
9778257,No
17088144,No
15571524,No
20189810,No
9177719,No
18170914,No
19533151,No
11610992,No
19525473,No
10236192,No
16860959,No
23726040,No
10096441,No
17863215,No
11589390,No
9986264,No
14614999,No
10656594,No
11381387,No
11854545,No
13892399,No
20067730,No
14252396,No
20667345,No
11229092,No
12100292,No
22278157,No
18962129,No
15166338,No
11577243,No
8564447,No
8897281,No
21851075,No
19677086,No
9701039,No
21165006,No
16612032,No
14501462,No
14335189,No
11141037,No
14641092,No
7536548,No
14930067,No
14101890,No
7692448,No
11610667,No
18946577,No
23606406,No
17588530,No
22473917,No
16109363,No
12756910,No
21054911,No
17329155,No
13069523,No
18455287,No
12056105,No
13541796,No
12974493,No
13706486,No
12145819,No
20028950,No
23757163,No
23261519,No
10956059,No
16898555,No
11567484,No
10434816,No
19992161,No
7506974,No
19874066,No
15267109,No
17817581,No
7761269,No
8768778,No
16664728,No
7494640,No
18367662,No
8042609,No
13118525,No
13423940,No
9179474,No
23264641,No
19972827,No
12554276,No
14973985,No
10559769,No
22918023,No
17447244,No
14786686,No
9327506,No
8186964,No
15739953,No
13799774,No
9302391,No
8961533,No
9143672,No
18762736,No
18631129,No
15965337,No
11508246,No
16780407,No
18049114,No
14285461,No
11064994,No
12264220,No
18750689,No
17200730,No
17068710,No
20221684,No
21505992,No
18955379,No
22472049,No
15142246,No
22445383,No
15357933,No
18622052,No
13582284,No
10945983,No
8734825,No
20756664,No
9282460,No
14794050,No
15532895,No
11220054,No
15415717,No
21958126,No
12294719,No
16726780,No
18967604,No
17682225,No
22153840,No
9769751,No
12874264,No
16042494,No
16163369,No
21619733,No
15557901,No
20850120,No
11433316,No
10837399,No
15071178,No
10790247,No
21118596,No
9142739,No
18655774,No
18321852,No
9533070,No
15228093,No
14862379,No
9077514,No
15753972,No
17141802,No
19393193,No
12298649,No
19753982,No
11250230,No
17869227,No
18890280,No
9379880,No
13494177,No
17379442,No
14565200,No
12724426,No
23700605,No
18475227,No
12902475,No
10545058,No
14552082,No
20421376,No
19315986,No
10727847,No
20733783,No
11773886,No
10914691,No
23009767,No
7991825,No
19771724,No
14015199,No
14491991,No
14751901,No
9836505,No
10313915,No
21763159,No
20935859,No
7799454,No
8062880,No
15162756,No
21719735,No
11740404,No
10600774,No
13499215,No
8329864,No
14792676,No
14676383,No
10215574,No
10159449,No
8864413,No
10867460,No
22483426,No
14086536,No
10001494,No
16350885,No
11499341,No
19972625,No
15620458,No
9255308,No
8512425,No
11023287,No
18771633,No
21571057,No
14152723,No
23157650,No
21534814,No
16825081,No
20118022,No
13856849,No
12198410,No
19063079,No
22597094,No
13566514,No
13037323,No
11744145,No
16007273,No
8283834,No
20066333,No
19722610,No
15933259,No
18257876,No
18454194,No
21355833,No
12439884,No
8481654,No
11960940,No
9044345,No
19251551,No
22966248,No
14579793,No
13804528,No
9321517,No
9926966,No
20383584,No
21267295,No
23466117,No
12896044,No
14338464,No
12253499,No
20125430,No
9060216,No
20580021,No
19225524,No
15582524,No
16812949,No
19064013,No
9984603,No
21452624,No
14367123,No
9753467,No
22930195,No
7781535,No
17463534,No
12107747,No
17169838,No
15246056,No
7801377,No
12685383,No
15032180,No
13525887,No
12662395,No
11932054,No
19378266,No
9238624,No
11473877,No
19249344,No
22444005,No
22003303,No
9731409,No
17818667,No
21180107,No
22667928,No
22265394,No
21367630,No
10372915,No
20761302,No
17992772,No
10736862,No
21714121,No
12950919,No
19933927,No
7722764,No
17084618,No
11285805,No
13708660,No
20561151,No
17380965,No
11071614,No
15781708,No
19700380,No
21267596,No
7572462,No
13394400,No
13156868,No
10851926,No
23202741,No
7522948,No
20156791,No
23099486,No
21743251,No
12373231,No
21800662,No
21389336,No
17406655,No
17186043,No
8240649,No
19060922,No
13200241,No
20193189,No
18796882,No
19690605,No
13142575,No
20587790,No
12762025,No
23619271,No
11367669,No
17647187,No
21554558,No
12162109,No
8538818,No
21104628,No
11453500,No
15971313,No
17573108,No
12823591,No
23411502,No
9478244,No
19337239,No
20598778,No
16233016,No
12038092,No
22594947,No
20940202,No
11585534,No
20953789,No
18486589,No
21660550,No
22374540,No
9876427,No
10990027,No
8975288,No
16961415,No
18747663,No
17465082,No
8505252,No
9792778,No
7516544,No
12345279,No
9926604,No
10779433,No
22679648,No
15548599,No
16194871,No
21732831,No
20030589,No
14513604,No
8562700,No
18117134,No
19933081,No
20921508,No
16309056,No
21811233,No
12853087,No
18694535,No
13881337,No
18009084,No
14926993,No
12842797,No
14108066,No
20616515,No
10913348,No
21895530,No
20162692,No
18739786,No
8783119,No
14764307,No
18076862,No
13439419,No
14652656,No
13498171,No
16377899,No
16090634,No
10413952,No
23049277,No
19118802,No
20648785,No
21146172,No
8342162,No
22190815,No
20217560,No
10423964,No
21851127,No
15928289,No
16627833,No
7911912,No
20070120,No
7515932,No
18208171,No
17817632,No
15558159,No
10917206,No
10214563,No
11432628,No
10862081,No
12873134,No
22502158,No
7589746,No
21834040,No
14173076,No
16510191,No
23161226,No
19184311,No
12858099,No
18379356,No
22599031,No
20913525,No
23103580,No
19097446,No
20942781,No
13140351,No
15775785,No
14683223,No
18217157,No
20243176,No
15213087,No
13800973,No
16871651,No
20261210,No
8857610,No
22388152,No
12258839,No
19156387,No
15705164,No
17690842,No
21194697,No
11958968,No
11658025,No
22721975,No
12164343,No
17015077,No
15491101,No
11501492,No
16266263,No
7707872,No
16414976,No
11704294,No
8877070,No
15954468,No
11116000,No
23378031,No
22466262,No
12832608,No
20271123,No
21975830,No
20059298,No
14731003,No
23091468,No
15115309,No
18202453,No
18553096,No
23353723,No
13864142,No
13499367,No
15112931,No
19227924,No
14094108,No
12512160,No
19940119,No
14137945,No
16566348,No
18090284,No
19019474,No
14778753,No
21482376,No
13308887,No
16360224,No
22023761,No
17902647,No
18418222,No
16691711,No
22860167,No
16153099,No
8230117,No
19350518,No
9917494,No
10042501,No
7520776,No
8151246,No
17440078,No
11971832,No
16112286,No
10006673,No
8360204,No
17496230,No
7551291,No
9011469,No
11269592,No
12554910,No
12579493,No
16769301,No
13815199,No
17630023,No
16186049,No
8523650,No
7980682,No
15154967,No
17049563,No
11246562,No
13558055,No
19939688,No
15536054,No
15860676,No
11093204,No
11084720,No
19501905,No
19493613,No
7943466,No
14821933,No
17917020,No
16593284,No
11613233,No
14331815,No
17087547,No
10629355,No
14315469,No
20122063,No
8390755,No
21823477,No
22916710,No
9747600,No
13761430,No
16802577,No
15488833,No
11298624,No
20848622,No
10596432,No
16592729,No
7479827,No
12922667,No
23637918,No
15142128,No
8654346,No
10805807,No
20477224,No
9930580,No
12680388,No
18814783,No
12105960,No
14925939,No
8283818,No
19167809,No
10626726,No
20500233,No
22426212,No
22737998,No
17436429,No
14640601,No
22571383,No
19343560,No
10657134,No
9936036,No
12474748,No
15127820,No
15271302,No
20767508,No
14896117,No
13561034,No
11535708,No
13889770,No
22427575,No
20764720,No
21495201,No
17299073,No
15998610,No
15494429,No
11565549,No
20066860,No
12865274,No
13385698,No
11094079,No
14025675,No
7711034,No
9589737,No
13777896,No
19518158,No
10077330,No
18817833,No
15503177,No
8172817,No
13358247,No
13078105,No
11933379,No
17633650,No
17434639,No
10908245,No
13289696,No
20987457,No
20892168,No
8209491,No
10608212,No
19559200,No
22657933,No
11733704,No
14603063,No
19760409,No
19975847,No
9431917,No
18066653,No
15164352,No
19042181,No
12909743,No
8870036,No
15843605,No
14566775,No
22818469,No
23638959,No
15515258,No
12891179,No
11379241,No
15438351,No
19817066,No
19964294,No
19374681,No
11413518,No
8917194,No
18484099,No
22013805,No
19266755,No
17747162,No
15201289,No
20306299,No
8089054,No
13794635,No
14604296,No
12588726,No
21295749,No
22885424,No
14315372,No
18072717,No
12928097,No
13498522,No
14140170,No
12745216,No
11401984,No
10894314,No
14891356,No
23297004,No
20992320,No
11128965,No
16611259,No
17057446,No
18982155,No
17246404,No
14390359,No
17225554,No
17793491,No
14152756,No
20548227,No
16110963,No
9550259,No
22896770,No
12513873,No
17700374,No
15063714,No
23537978,No
12383819,No
20314519,No
8815570,No
9926839,No
20998377,No
22787221,No
7515995,No
20525980,No
13117348,No
12606659,No
21594484,No
11412834,No
10245121,No
23570040,No
9790442,No
14904639,No
20581028,No
14099719,No
12424307,No
16966435,No
23197479,No
15381663,No
7951177,No
7527076,No
17510293,No
15891197,No
10350177,No
16399563,No
22961647,No
16280943,No
15417237,No
19027550,No
13395186,No
19626586,No
22734866,No
20480536,No
21525215,No
18060939,No
18010537,No
14286579,No
23674901,No
22741903,No
16007057,No
8405207,No
19708539,No
12562711,No
17576309,No
16323887,No
11729678,No
11684420,No
22121972,No
9963646,No
18820885,No
14612865,No
21853721,No
7477650,No
11696384,No
21258191,No
17474594,No
10118066,No
20983330,No
9356594,No
19211631,No
7489880,No
19122312,No
21793389,No
23622747,No
14664597,No
9640078,No
22703935,No
17573402,No
17409979,No
21765505,No
8389474,No
20738511,No
22008037,No
21711296,No
12516784,No
20199740,No
9199250,No
13365461,No
10299661,No
9433610,No
8793293,No
12831456,No
12039546,No
20909356,No
16068921,No
19435420,No
22124850,No
21498548,No
9136621,No
20779784,No
18923581,No
18849919,No
20433675,No
18803342,No
19156285,No
21930108,No
11109026,No
21412913,No
19650356,No
13709882,No
21772877,No
12669391,No
13128614,No
19727631,No
22461102,No
13789695,No
20199989,No
13473943,No
20371454,No
10682684,No
17711025,No
16819612,No
15742501,No
18847545,No
19181581,No
9730763,No
21784619,No
21961545,No
18063593,No
17206007,No
23676954,No
13975559,No
23737565,No
17957080,No
23618626,No
18779770,No
20890565,No
17916354,No
10285657,No
14216892,No
21608596,No
16345823,No
16474656,No
10810606,No
8872057,No
17672357,No
13209071,No
9441029,No
8387522,No
14944437,No
9325211,No
14441000,No
9770127,No
22729920,No
12227957,No
12011889,No
16727775,No
17802424,No
17180799,No
17941617,No
23411918,No
16839982,No
8816009,No
14195890,No
12383377,No
23113955,No
12462232,No
20370210,No
9876432,No
12840170,No
13927598,No
20275153,No
11541529,No
21471216,No
20810610,No
18170265,No
16170078,No
19823372,No
13946800,No
9377328,No
13670134,No
7969192,No
8035174,No
17300662,No
9148853,No
19207081,No
12344901,No
17042345,No
11606383,No
10653423,No
12738779,No
12387553,No
13952984,No
21637763,No
18925020,No
19251383,No
16396790,No
10817001,No
15223893,No
8210831,No
19435458,No
13381603,No
7805755,No
13758122,No
9389752,No
8149766,No
7500197,No
9841607,No
13942108,No
15197377,No
11569021,No
11134780,No
12262551,No
16446596,No
11197240,No
22946964,No
23417185,No
18733347,No
13532539,No
9123909,No
11128768,No
16353431,No
9014534,No
15278623,No
15348273,No
19573533,No
21386785,No
13240056,No
21079122,No
11629502,No
17478786,No
9309265,No
15281298,No
8500345,No
14483042,No
22128766,No
21522309,No
23304215,No
20220727,No
9354532,No
19097867,No
13362792,No
22511264,No
11770799,No
16221848,No
9122618,No
19389245,No
16646748,No
22386328,No
8030374,No
13681939,No
13222264,No
13733209,No
19796272,No
11169015,No
21200659,No
18389904,No
23339257,No
20726328,No
17200812,No
20615363,No
7799832,No
17045717,No
10682694,No
19475211,No
9058164,No
16563849,No
9523031,No
23011152,No
16508063,No
12109566,No
13392847,No
22412839,No
15086122,No
10255338,No
10725186,No
19018938,No
22330011,No
14190388,No
22670483,No
19027018,No
7885557,No
12607858,No
11805064,No
22395788,No
10850387,No
15400840,No
8951434,No
19006066,No
23148608,No
18177785,No
18240053,No
23125273,No
13739743,No
15259489,No
18610594,No
13132791,No
12509758,No
21955651,No
10139628,No
8292082,No
8281064,No
21718202,No
20482730,No
16366471,No
19472977,No
8389547,No
13341518,No
18511471,No
8441749,No
14399798,No
18080741,No
11498883,No
18462283,No
17952752,No
9693000,No
12459903,No
8693206,No
8114413,No
10609655,No
17351460,No
22800051,No
8253085,No
22622632,No
14810857,No
21834140,No
21118061,No
18241801,No
19478777,No
10267347,No
16162495,No
9637807,No
10023060,No
17104093,No
15460243,No
14976055,No
15722939,No
15284908,No
21556101,No
22025804,No
21861617,No
19804293,No
19972987,No
16829209,No
13583618,No
22950071,No
12624096,No
13066337,No
7768647,No
9299584,No
22409462,No
17332955,No
23339201,No
18733655,No
7618285,No
14181627,No
14319765,No
16740555,No
7888881,No
23072395,No
16885845,No
20143862,No
13161746,No
10852517,No
13869602,No
15917585,No
15146068,No
11651298,No
8883792,No
17975689,No
20825938,No
22771577,No
8330168,No
22342531,No
21149582,No
16674219,No
8197924,No
12503447,No
13734396,No
14053094,No
19805382,No
18567312,No
23540244,No
14030414,No
23743991,No
10808388,No
12043205,No
21145449,No
17717647,No
15182895,No
11803706,No
10330894,No
19842029,No
9403944,No
18266856,No
22676352,No
18349358,No
14003546,No
20430042,No
16787611,No
11925735,No
16937794,No
16555582,No
22560629,No
11826832,No
21907592,No
14196397,No
14951538,No
8405034,No
18638070,No
17994112,No
8106490,No
14610279,No
18762106,No
12411911,No
14966612,No
16628337,No
19636298,No
7738470,No
22143332,No
13059877,No
9621129,No
12042016,No
17376565,No
20263430,No
13457157,No
23138754,No
10194085,No
19765772,No
18534582,No
9720587,No
23169473,No
21311584,No
17896527,No
20163482,No
8659669,No
22724123,No
13019879,No
17266137,No
12076603,No
14560105,No
20087563,No
13756917,No
14190694,No
17543253,No
10981024,No
7734920,No
8756096,No
12467226,No
21873057,No
15878808,No
19098015,No
13012130,No
7633186,No
16190181,No
13436938,No
21119924,No
22983512,No
17328597,No
13000622,No
8404104,No
22705696,No
15380407,No
13624010,No
22655438,No
9255834,No
22408033,No
15894881,No
19664848,No
13257429,No
19953898,No
20603350,No
9560969,No
9170788,No
11063272,No
22346748,No
20033775,No
10016668,No
18367272,No
18860324,No
23217114,No
22296326,No
13380716,No
11485358,No
19018027,No
11549135,No
10154692,No
14043604,No
21593121,No
12434977,No
15298378,No
23755603,No
15198217,No
8382668,No
11077036,No
21219156,No
11403672,No
13366094,No
20198006,No
19201426,No
19985389,No
14932410,No
17906752,No
16314131,No
13627620,No
15926158,No
11686476,No
8750591,No
15532596,No
11341357,No
20527549,No
18004139,No
20672911,No
13300548,No
12942600,No
19751299,No
17798651,No
21468141,No
18090782,No
16495415,No
11860168,No
9130296,No
7672487,No
21847920,No
14450454,No
14225876,No
19118710,No
9710171,No
21831729,No
13165245,No
22897647,No
17959667,No
8800141,No
22113736,No
13987095,No
19715315,No
20029499,No
19988973,No
15909455,No
11377573,No
18029452,No
9849367,No
16904144,No
9327865,No
19577288,No
9001170,No
12453762,No
7800310,No
18576374,No
20515911,No
19816089,No
15628948,No
11545935,No
22385345,No
21434693,No
10693693,No
20187455,No
9124030,No
17029783,No
8545875,No
15732655,No
8984044,No
8799426,No
9215422,No
14758073,No
9820790,No
19336253,No
9625498,No
20556009,No
12703797,No
7757438,No
15210331,No
17263267,No
11598092,No
18035450,No
19598607,No
8041716,No
14774779,No
11583197,No
18731058,No
20720507,No
17972621,No
20434509,No
7996365,No
17455494,No
8751568,No
11179284,No
17595243,No
13906220,No
15731696,No
19442287,No
12912960,No
17346999,No
21608428,No
9505584,No
19571708,No
21749732,No
17392978,No
15226579,No
9619108,No
13406397,No
12841836,No
10432306,No
13850804,No
19466166,No
17158115,No
16223997,No
22343734,No
13520147,No
11872987,No
17376773,No
14443116,No
8496728,No
18997643,No
16033967,No
17232100,No
9699473,No
23099263,No
9937896,No
20966627,No
21982688,No
11272388,No
17239220,No
20258633,No
23238613,No
12257338,No
23461647,No
9504388,No
8220366,No
15741448,No
18412162,No
23257933,No
8189878,No
11569530,No
9583323,No
13790640,No
12019339,No
17964830,No
19183817,No
17268004,No
11090545,No
13570031,No
14491888,No
17196191,No
10949593,No
15401506,No
20553911,No
17531386,No
18398480,No
7691352,No
19680267,No
18759592,No
18211454,No
8205500,No
17520189,No
23432608,No
17560556,No
15563600,No
13252751,No
8040780,No
23494866,No
22307341,No
11693282,No
8818358,No
15996281,No
21254179,No
12862695,No
21266362,No
20533950,No
21956321,No
8273662,No
16879911,No
17435984,No
21341265,No
22528810,No
21873434,No
20155579,No
20009314,No
21220350,No
23701327,No
17772359,No
12366005,No
16599940,No
14470918,No
19610327,No
12290444,No
21953891,No
10367837,No
11301668,No
20250423,No
11907711,No
15501169,No
10677501,No
11431565,No
14378086,No
11335274,No
11062632,No
7758146,No
14358846,No
11997507,No
12396466,No
9593294,No
18547558,No
21143628,No
15820121,No
11501502,No
19391078,No
23141294,No
17118895,No
15431645,No
23103050,No
22210917,No
14848971,No
22492611,No
17470263,No
16600774,No
16823417,No
18939039,No
22883897,No
7539541,No
9959933,No
8020232,No
10273816,No
15390105,No
18179716,No
16229613,No
12175846,No
18182203,No
13015623,No
9342065,No
9782214,No
15002724,No
10172439,No
11727639,No
18042872,No
23233208,No
21538589,No
13393976,No
20576303,No
11086208,No
8009925,No
21089707,No
14244891,No
18056212,No
9602569,No
8527467,No
17832925,No
8836952,No
21603226,No
15915043,No
15509740,No
10923683,No
15651492,No
20156741,No
22234887,No
12471744,No
8028594,No
22359179,No
17003580,No
13788345,No
13885958,No
10189537,No
22958729,No
18236723,No
7860739,No
12635442,No
21383231,No
22107754,No
20682735,No
15895618,No
8341160,No
15655591,No
17198793,No
10598503,No
8463900,No
19246146,No
7677393,No
23166890,No
19674732,No
22779354,No
10116383,No
18548637,No
15774618,No
12471239,No
18535163,No
20757071,No
14863575,No
13859022,No
19667052,No
22516278,No
23373448,No
17551221,No
14729568,No
12331640,No
21489099,No
17856788,No
21525867,No
7561583,No
21984922,No
9773961,No
18303249,No
10623425,No
15907427,No
7607354,No
15746326,No
19937168,No
16876372,No
10566698,No
19963964,No
19235132,No
8589400,No
13537655,No
11995865,No
7955824,No
8962504,No
11879174,No
14789570,No
13752165,No
19998969,No
10921318,No
18778055,No
14397366,No
23524940,No
15635895,No
22448164,No
9502457,No
15709281,No
9081586,No
13565647,No
16902102,No
21889331,No
11082832,No
7602157,No
19140367,No
8758965,No
7553856,No
11071895,No
16733165,No
21011019,No
9088241,No
13035691,No
21984372,No
13969982,No
15638364,No
17956983,No
11854140,No
16442016,No
19782865,No
9774659,No
11055315,No
18967263,No
11310998,No
14505030,No
23382166,No
10342862,No
12547218,No
8365567,No
15251785,No
19644036,No
20637095,No
18819414,No
20342875,No
13040683,No
9077817,No
14386421,No
7974610,No
20891225,No
20040873,No
17145304,No
16511233,No
18038169,No
11494882,No
10713549,No
7723747,No
12544568,No
9476983,No
14944843,No
8846813,No
17205875,No
12482675,No
13703058,No
22367579,No
17674924,No
23323774,No
13366200,No
14161872,No
13913038,No
21433036,No
13896829,No
12374783,No
23151394,No
13413707,No
23124015,No
15934670,No
8907821,No
12124666,No
8060608,No
22993365,No
13288245,No
14157479,No
8055366,No
18715754,No
16608244,No
9184676,No
9980102,No
17476239,No
21606943,No
17750272,No
15619318,No
18644892,No
21353939,No
22686068,No
15570816,No
21547093,No
15839519,No
20660036,No
16266794,No
19250126,No
11198756,No
18739729,No
16752275,No
12531114,No
18341183,No
21974744,No
15142418,No
11187065,No
15174778,No
12471190,No
13803252,No
18853182,No
12317160,No
10908991,No
16815151,No
20945345,No
20393746,No
16612859,No
15404975,No
12262193,No
10535823,No
21657160,No
23039989,No
9760041,No
16259968,No
18350779,No
10657984,No
16818141,No
11444212,No
20974198,No
20598774,No
14063598,No
16300855,No
23256520,No
13358036,No
13880396,No
7804214,No
21054566,No
14054364,No
17158079,No
7479553,No
9101396,No
14591940,No
18014618,No
10965941,No
13710435,No
16882053,No
10672824,No
21460436,No
21931836,No
13211342,No
12609718,No
13089208,No
9054118,No
7758276,No
18438990,No
15051706,No
9552258,No
18876772,No
14285335,No
10024581,No
11196077,No
22697007,No
19611683,No
11126038,No
14480914,No
22801533,No
8457802,No
16651549,No
15477806,No
21539321,No
14530206,No
8308104,No
17242044,No
9562985,No
17351876,No
17062023,No
12086620,No
9285745,No
23587073,No
21997677,No
11835306,No
11637423,No
11109992,No
15151908,No
11199759,No
13541997,No
16759231,No
19132993,No
19361070,No
10011729,No
7531625,No
11066454,No
8811193,No
7488519,No
16396686,No
19358893,No
10811222,No
20461118,No
14750401,No
8305578,No
18178456,No
16991628,No
9033084,No
11324522,No
16459013,No
20336675,No
13637409,No
11420586,No
13512556,No
23492877,No
14022912,No
17407866,No
16056065,No
20900386,No
16769405,No
18735667,No
16955866,No
18466836,No
14576877,No
12211818,No
21459640,No
22529887,No
14027530,No
7610766,No
9237691,No
14239588,No
8164852,No
22539041,No
10969875,No
22869289,No
8714144,No
19187018,No
20357914,No
13462110,No
13828630,No
11944178,No
23577406,No
18889011,No
11050380,No
10178441,No
14538548,No
13765998,No
12456399,No
7700153,No
10097246,No
11900658,No
22366786,No
8675202,No
19466468,No
12778969,No
19278458,No
8774087,No
9463148,No
8762608,No
18803393,No
23437387,No
19575021,No
12659909,No
19198680,No
13794451,No
19368570,No
18632945,No
19673992,No
21620769,No
9710277,No
22482352,No
14535829,No
10320725,No
21420019,No
9061027,No
8383725,No
17639027,No
17398726,No
19572524,No
16666360,No
21141225,No
18114965,No
11338805,No
12950854,No
13244315,No
21948010,No
20940192,No
9136600,No
11156933,No
10735995,No
19358383,No
13177742,No
14183951,No
19300311,No
23220938,No
17675012,No
15926855,No
22176001,No
15997166,No
11125630,No
11808159,No
10692004,No
12885710,No
23697424,No
11899868,No
18331006,No
8964528,No
8540797,No
16799031,No
19102814,No
8861123,No
10536779,No
12860689,No
19897172,No
15231799,No
14482382,No
18559309,No
8095654,No
10747255,No
23221831,No
11768484,No
7909927,No
11815180,No
7497754,No
21411459,No
23681856,No
22309625,No
17085654,No
17974047,No
23088124,No
9806335,No
23014424,No
18094778,No
10461739,No
23117160,No
12513315,No
12714050,No
21210741,No
18160894,No
12038675,No
23444874,No
16447109,No
20788630,No
12110097,No
10997238,No
20459178,No
19679321,No
16469942,No
10227671,No
23056257,No
16136641,No
19508306,No
11996674,No
23019246,No
15415687,No
14771948,No
7791679,No
7908464,No
14386481,No
18974721,No
19432226,No
15264346,No
11860304,No
19040174,No
22222225,No
9540577,No
20618262,No
23010250,No
9494066,No
9304525,No
13928364,No
19411734,No
10633755,No
10027573,No
19661093,No
23131284,No
12507967,No
14832035,No
22531090,No
20507671,No
13826206,No
15888925,No
10043884,No
22860668,No
16339848,No
16519712,No
8528692,No
15918902,No
12558128,No
15272927,No
9533388,No
8098361,No
20223546,No
13775995,No
15609657,No
21286673,No
23619251,No
9527749,No
15148998,No
8419311,No
8527034,No
14349598,No
8176900,No
22189268,No
17971312,No
14657009,No
12941544,No
15117411,No
13384992,No
20710475,No
11850097,No
13494197,No
10288406,No
14829861,No
15275316,No
10699832,No
21517140,No
19992401,No
16461559,No
13649644,No
8009232,No
10841671,No
15397868,No
12283067,No
11113861,No
19366385,No
21463369,No
14270770,No
10446870,No
22260348,No
11557105,No
21754172,No
11483922,No
7631353,No
11718892,No
15998548,No
18840290,No
15821170,No
14657810,No
12731829,No
15487051,No
8951760,No
20388285,No
9771363,No
12964701,No
23233788,No
20590517,No
19597291,No
17298647,No
8235626,No
20166186,No
17516547,No
9489767,No
7966796,No
8080748,No
11431176,No
14679393,No
15957518,No
17319101,No
18439408,No
18659601,No
17042476,No
23468694,No
22721144,No
10033302,No
15064380,No
18059852,No
23027450,No
10522605,No
11854841,No
23506989,No
11645313,No
9596240,No
21833607,No
16146288,No
9950610,No
18105312,No
8351999,No
19262458,No
17842164,No
22901699,No
10428035,No
8597724,No
12967217,No
23118805,No
23601977,No
13703934,No
19374842,No
10533457,No
21273353,No
15994336,No
23686574,No
10342764,No
15914473,No
17366308,No
10637683,No
17153487,No
20892967,No
21941385,No
13979685,No
12506499,No
23054346,No
23401630,No
22540811,No
10698315,No
22851703,No
11281038,No
11889112,No
13845563,No
15707284,No
13266140,No
23197985,No
21861209,No
8771370,No
13473509,No
13139684,No
19657119,No
10208499,No
19604032,No
7483098,No
18311678,No
17681491,No
19661047,No
21459888,No
11185203,No
21602895,No
15160100,No
17673601,No
22751055,No
18538706,No
7597881,No
10130758,No
21600597,No
19456713,No
16329399,No
7618401,No
13080946,No
14730690,No
9823417,No
18361828,No
14240933,No
15012548,No
8690288,No
17933016,No
15524818,No
10528132,No
17312987,No
18980112,No
15464253,No
17635071,No
22967151,No
12690822,No
15741803,No
19105125,No
14914165,No
18606440,No
15264218,No
20837840,No
10310056,No
19667824,No
15894512,No
9632376,No
8326554,No
22596166,No
19450616,No
14336996,No
8693288,No
12051650,No
8717360,No
22000393,No
13275536,No
15304282,No
8844725,No
13523881,No
12964247,No
15315786,No
14643873,No
18122051,No
18062385,No
11603108,No
7882321,No
20077756,No
14546679,No
9983374,No
21844138,No
9752714,No
22493321,No
20983371,No
14094905,No
19165466,No
18125363,No
15633969,No
9551655,No
18814447,No
9192573,No
17454064,No
8239647,No
20646576,No
20998721,No
21864640,No
17524615,No
13263594,No
8823790,No
22779566,No
16193689,No
14380831,No
19302327,No
8619190,No
14426544,No
13651845,No
16001942,No
18290676,No
13132219,No
16133667,No
7731145,No
9815540,No
8162964,No
15848458,No
7814376,No
21424656,No
17069514,No
22529500,No
14737944,No
12775021,No
13188059,No
19577224,No
23761501,No
20790295,No
14838231,No
20121672,No
21469984,No
21749348,No
12002454,No
16680298,No
18717404,No
17758231,No
10628301,No
12759484,No
22176827,No
13574525,No
9743206,No
17182496,No
20114200,No
22485868,No
14522061,No
15531299,No
20017536,No
16519097,No
22022080,No
13505425,No
14204201,No
11383077,No
20371517,No
16020403,No
8233578,No
10440768,No
9945992,No
8993699,No
23175779,No
10488451,No
16200996,No
11660629,No
8826995,No
22388331,No
23686160,No
11002433,No
22725270,No
9359555,No
7995791,No
13787280,No
15216181,No
16230619,No
12783761,No
15345402,No
8591411,No
19068762,No
18697193,No
7904106,No
17705507,No
14761899,No
13129827,No
8964222,No
19951917,No
10965669,No
22622797,No
11143513,No
11110029,No
20346553,No
8833784,No
14770097,No
21648735,No
7640271,No
18396561,No
9384992,No
9004740,No
20099685,No
10117155,No
9821415,No
17211576,No
18128070,No
19305069,No
12515229,No
10136513,No
14962045,No
16911219,No
12290393,No
21054113,No
16393220,No
9928049,No
9336150,No
9508024,No
17549001,No
14798837,No
7548158,No
23329702,No
8986310,No
12206464,No
12500487,No
9012477,No
13542076,No
10899265,No
15609256,No
20539384,No
21355827,No
23386760,No
18974481,No
21413159,No
12416465,No
21031922,No
7735068,No
9480974,No
18070164,No
19329295,No
12131582,No
13632772,No
23001787,No
13814044,No
15974736,No
17993963,No
23169268,No
11217905,No
18122582,No
16091260,No
9482059,No
12896920,No
10378590,No
9029384,No
14125812,No
21189410,No
13751370,No
10409646,No
12939704,No
8608930,No
14940455,No
18088681,No
13777992,No
23688792,No
17960977,No
12210497,No
18293463,No
20572140,No
19149116,No
9452440,No
11358891,No
16402612,No
16446524,No
9095080,No
20637407,No
15733686,No
8267037,No
9644516,No
7743249,No
14041838,No
12522564,No
16378398,No
11418148,No
20069742,No
12147943,No
17016134,No
8419344,No
16717314,No
10676036,No
21100169,No
21698190,No
16657634,No
14395073,No
10572621,No
13927732,No
21793443,No
18240013,No
8364023,No
14310925,No
10748487,No
11748978,No
13239895,No
21451339,No
10217184,No
10623862,No
11956608,No
23675319,No
21624016,No
18680498,No
7905465,No
15932603,No
23108535,No
23649649,No
8058881,No
20552425,No
14499072,No
14246712,No
10196245,No
18025493,No
12910803,No
8654657,No
11798674,No
8726045,No
20769870,No
20583853,No
22678585,No
9286944,No
15447065,No
18093287,No
11604710,No
16103179,No
17572777,No
8201693,No
22309061,No
12187274,No
22267222,No
18245563,No
10092959,No
18819000,No
18508996,No
8940874,No
11694007,No
14086654,No
11517777,No
14948659,No
18173785,No
13841586,No
20407393,No
20096593,No
8693557,No
7604646,No
9492772,No
17854543,No
9319442,No
23398069,No
9253212,No
18503621,No
17910481,No
9731300,No
15022133,No
19378788,No
23613081,No
9302425,No
23155165,No
22323276,No
19271546,No
17636317,No
18207518,No
12378192,No
11836329,No
8429616,No
11073402,No
10262217,No
13182286,No
13514513,No
15879769,No
9491888,No
8875226,No
15531599,No
13362756,No
22788438,No
13023958,No
7603377,No
11381196,No
17740860,No
21917005,No
23285923,No
16501914,No
11669627,No
12997600,No
20334997,No
22614435,No
11851572,No
23313600,No
23660146,No
18739745,No
13912645,No
12360695,No
9790186,No
7667936,No
9802531,No
13381903,No
12171031,No
14637635,No
10597289,No
8102744,No
20116209,No
13811836,No
19777507,No
11682940,No
13242322,No
17315903,No
16581679,No
12972585,No
18728816,No
7900239,No
12868030,No
22494268,No
21889981,No
10323695,No
14200083,No
23292069,No
15250828,No
16265642,No
23342896,No
13037427,No
22398347,No
22864408,No
14022786,No
10343578,No
7854488,No
12501705,No
23516701,No
10721886,No
21100339,No
12544372,No
19310176,No
9623728,No
17418862,No
20671642,No
14408241,No
12706058,No
9136694,No
23270931,No
20066229,No
12037656,No
15682936,No
12033519,No
8026174,No
18300750,No
10529531,No
14306661,No
20985718,No
23469372,No
20958202,No
13665322,No
14772556,No
13396604,No
21541962,No
7535256,No
12595197,No
13663791,No
11998575,No
17087260,No
19646849,No
11156356,No
16400923,No
16252468,No
9518688,No
20517000,No
19768440,No
13518637,No
13678632,No
23624308,No
16742864,No
16970870,No
23575614,No
14334246,No
12383112,No
21278259,No
14937926,No
23725625,No
13728304,No
19560782,No
22279664,No
19395005,No
9935591,No
13427999,No
17789120,No
10316097,No
21020413,No
21300415,No
22997343,No
17692087,No
23485952,No
16254071,No
18291186,No
19466226,No
16839326,No
10349011,No
21439418,No
19214947,No
19290392,No
9450925,No
19757411,No
12996598,No
9767002,No
10936698,No
20479070,No
7969061,No
19063244,No
20248807,No
15173693,No
15411493,No
19483893,No
8887763,No
21805430,No
21598472,No
9612672,No
22450609,No
9821168,No
9715873,No
12189087,No
13763581,No
13702601,No
20997298,No
15786370,No
23115742,No
10828930,No
18565890,No
18482121,No
16667762,No
14922977,No
14436558,No
13072919,No
14494624,No
14583833,No
15387294,No
9034946,No
15040506,No
11857280,No
17644481,No
18104321,No
13353743,No
21199650,No
16700481,No
18023688,No
14603045,No
19182019,No
14676882,No
12231949,No
9199803,No
13927397,No
14387992,No
21757141,No
15020704,No
11349501,No
21825732,No
19901332,No
20283179,No
11238872,No
19344603,No
9140761,No
22043614,No
8271677,No
17619307,No
15552123,No
10606825,No
19092982,No
22754690,No
12335095,No
17376620,No
22825969,No
16271138,No
13501005,No
9846886,No
17980140,No
8997551,No
16469309,No
23550021,No
20035322,No
22413577,No
11115467,No
8935892,No
15404861,No
15232218,No
10418785,No
8430754,No
10263686,No
9034913,No
11454625,No
16398174,No
15967798,No
21759045,No
16842455,No
14797996,No
11872147,No
19719274,No
20174221,No
23691953,No
12928437,No
13459538,No
10904648,No
7917971,No
20657570,No
11768357,No
19831340,No
16557257,No
10032103,No
8203745,No
17555785,No
23013753,No
15857911,No
13677821,No
19440868,No
12790574,No
11787207,No
21294217,No
10596514,No
10464667,No
20127801,No
18442570,No
19354969,No
16735599,No
12829924,No
9891930,No
11646944,No
13859221,No
22728825,No
10489275,No
8190861,No
22866822,No
9933685,No
17166723,No
16198920,No
22921425,No
14120380,No
12962980,No
15099546,No
18831847,No
10444970,No
22973514,No
8232429,No
20061550,No
12391587,No
23586606,No
17453514,No
13267699,No
19149994,No
21321245,No
7670639,No
20756883,No
14559957,No
17367079,No
14263170,No
8798264,No
19181281,No
22032235,No
18365993,No
9233846,No
21608705,No
21686912,No
12780634,No
18395723,No
14808261,No
20877417,No
13685390,No
10382411,No
18300910,No
19638192,No
8033974,No
16603583,No
10210304,No
14224445,No
7820218,No
18441775,No
18178752,No
14817189,No
15139486,No
17238271,No
10683292,No
23014577,No
22054400,No
16599263,No
17246575,No
16516106,No
11720114,No
21520171,No
8532007,No
8107434,No
19664349,No
23463525,No
20870161,No
9212348,No
21121867,No
17947979,No
21206666,No
20825731,No
21816230,No
14643113,No
18306114,No
23378414,No
23040881,No
12966923,No
9732177,No
13090235,No
9221728,No
20476905,No
14137914,No
12198393,No
13291358,No
15918952,No
14145854,No
23468057,No
13057120,No
16555254,No
11159725,No
11027453,No
16716507,No
13053874,No
20349017,No
22436405,No
21211226,No
15300235,No
21682953,No
18408999,No
14076753,No
22160105,No
9679726,No
7837482,No
15149858,No
19185766,No
18854568,No
12030021,No
8956814,No
17186950,No
16227525,No
18488107,No
13119076,No
13070274,No
8698185,No
21743125,No
18499041,No
13187896,No
14656354,No
22371508,No
13755878,No
8700964,No
9160288,No
9874245,No
14963526,No
8882622,No
11113142,No
12848135,No
20137102,No
15073042,No
12326585,No
21797394,No
8877147,No
13486848,No
13152074,No
23051277,No
13637622,No
11649310,No
19502853,No
8749864,No
10855372,No
20368587,No
17460698,No
21583767,No
20770995,No
10788171,No
8777020,No
19228193,No
22471847,No
15118414,No
17570289,No
14881666,No
13028296,No
22766021,No
15220067,No
14794583,No
14340889,No
16122711,No
20336408,No
21454709,No
11557364,No
15827702,No
22192230,No
13138200,No
21817085,No
9058264,No
10558316,No
20567407,No
16002964,No
22925904,No
18397514,No
21071006,No
15412936,No
16866160,No
14812800,No
15544094,No
19285039,No
15652885,No
17718158,No
7572536,No
17415046,No
9835995,No
9198827,No
13244419,No
10604337,No
17626439,No
18738461,No
11740219,No
19857855,No
15111654,No
11714912,No
17807597,No
13700980,No
14530237,No
10834708,No
7763228,No
17265061,No
8682706,No
21003969,No
19614141,No
17581711,No
23046356,No
17659493,No
22952337,No
19071615,No
12982763,No
14714553,No
13008477,No
20523764,No
13487104,No
16808172,No
14786475,No
19659000,No
17583336,No
15223682,No
9378023,No
15222740,No
21563980,No
21216831,No
19011334,No
17210894,No
18561809,No
20680120,No
18093948,No
11860994,No
11998974,No
10279966,No
7685469,No
8082294,No
14377544,No
22789875,No
21760311,No
9461564,No
12557818,No
20477919,No
16062349,No
23212873,No
8681234,No
21855669,No
21034495,No
12432845,No
12194809,No
13709760,No
14072371,No
22675090,No
12094328,No
12737338,No
12339241,No
9830550,No
22462224,No
16103020,No
20350102,No
8120645,No
10682037,No
9696969,No
16113288,No
21009198,No
20057164,No
23379554,No
16038162,No
22848158,No
22478976,No
8095213,No
22582540,No
15632547,No
18025536,No
21976460,No
17963205,No
18749496,No
18719644,No
12393879,No
9391475,No
14553514,No
23234533,No
16830135,No
23758266,No
7586978,No
11263261,No
11182065,No
21026722,No
8170019,No
19669206,No
19321167,No
21336069,No
15299384,No
8281370,No
18267228,No
10516839,No
17417913,No
18234998,No
12146983,No
10823876,No
19311110,No
19575455,No
21840583,No
13317722,No
19291327,No
8367873,No
21746610,No
7925764,No
8690643,No
17368501,No
7760599,No
12885936,No
16861786,No
19446945,No
23428809,No
15078367,No
15239874,No
19439177,No
19286903,No
10448353,No
23480484,No
12033064,No
21718880,No
11703570,No
7963975,No
9174469,No
10256386,No
10643346,No
23594426,No
8223808,No
11221246,No
10174923,No
11702847,No
23375844,No
15687524,No
15618137,No
15183886,No
20406890,No
16835828,No
9097285,No
18854688,No
10389319,No
10824707,No
14741636,No
18181651,No
14884654,No
22974686,No
9704655,No
20607793,No
22836384,No
12543834,No
13835371,No
17947030,No
22156952,No
12680013,No
18196746,No
17510394,No
14551391,No
15794558,No
7869104,No
15872433,No
8798127,No
7743906,No
11536232,No
14913679,No
20238509,No
9114620,No
15048658,No
22680485,No
9434099,No
17929878,No
20176252,No
19429820,No
10379341,No
19791441,No
22921043,No
18598928,No
17271888,No
22515641,No
11859283,No
11113460,No
19236939,No
12856039,No
18865380,No
20339317,No
9809543,No
20638964,No
15721860,No
16216839,No
23198443,No
9883675,No
19039048,No
12752153,No
11339372,No
15192211,No
20364688,No
19385278,No
13959463,No
9693446,No
18919451,No
13194039,No
17986344,No
18293979,No
15198867,No
8126248,No
14219096,No
18883815,No
21514192,No
23442315,No
9528300,No
19199252,No
9026338,No
19355677,No
9642701,No
15131557,No
11208653,No
9245919,No
11673331,No
7720753,No
11150432,No
14591186,No
15065861,No
10130244,No
9404691,No
8608978,No
11825556,No
12326000,No
17143376,No
9409074,No
16009168,No
19414752,No
11417999,No
14459527,No
14526168,No
14021780,No
20917289,No
18109548,No
19552280,No
19831959,No
9235073,No
17005506,No
19485289,No
13818639,No
11519984,No
12026381,No
12106746,No
8134945,No
17660058,No
13492584,No
11947671,No
19234796,No
8623716,No
19606057,No
23656108,No
18775346,No
21960663,No
11496230,No
8025110,No
16999982,No
12216404,No
15931915,No
9814669,No
18025125,No
15359053,No
14318660,No
17441177,No
23218846,No
8817076,No
8850505,No
20189339,No
12647114,No
13198740,No
13588644,No
9576673,No
15769765,No
21023853,No
13340891,No
15098201,No
23340960,No
8046894,No
10887636,No
15592924,No
15108184,No
22936853,No
16763435,No
22274577,No
18614328,No
10422459,No
10478417,No
9140298,No
9029519,No
14124636,No
8248300,No
22239969,No
23029110,No
23705721,No
8906260,No
18724276,No
8399144,No
17003938,No
15371955,No
22558372,No
8855141,No
16171402,No
15371606,No
20414007,No
21784614,No
17571659,No
22906433,No
21424230,No
14305729,No
21220327,No
14942763,No
10497275,No
15770672,No
13088167,No
18949066,No
20163458,No
12201207,No
10380592,No
19801316,No
17136692,No
14628392,No
13386494,No
12918527,No
14150531,No
13723300,No
18760684,No
21761224,No
23506382,No
11761464,No
12641546,No
8930406,No
22467366,No
12392871,No
21626850,No
18706947,No
12760054,No
17010359,No
22250563,No
16996730,No
14119536,No
19185007,No
16807101,No
12856775,No
11972493,No
16277329,No
23362660,No
10435669,No
19906178,No
22566351,No
10703054,No
9181496,No
15353995,No
14447481,No
18720484,No
7509952,No
9087653,No
17056486,No
8638854,No
11081775,No
10786169,No
15159469,No
8046683,No
16199290,No
23011566,No
15094632,No
21540453,No
13771481,No
19115497,No
9550599,No
7854007,No
21302398,No
21292554,No
13891334,No
8528434,No
21784351,No
8676968,No
11188040,No
11743027,No
22724657,No
15430252,No
9437053,No
17416343,No
12488817,No
10050698,No
9137641,No
11243291,No
12587906,No
20841553,No
13728224,No
20706367,No
8491532,No
17169300,No
20718722,No
9010135,No
20234719,No
22862803,No
23019432,No
8233222,No
12612843,No
13113730,No
10468209,No
9679476,No
20111833,No
9495722,No
17512353,No
14754122,No
20854144,No
13942985,No
20551442,No
18407539,No
9405157,No
19560493,No
17376754,No
15120242,No
11576449,No
14504500,No
19137644,No
18969217,No
13172721,No
17985162,No
8035655,No
22475860,No
19599767,No
17610809,No
21966132,No
8230779,No
11452315,No
9142332,No
19626600,No
9059129,No
21978333,No
10284115,No
13901190,No
21528236,No
13501977,No
16575779,No
8930648,No
11570491,No
15821867,No
17883528,No
17867322,No
21502649,No
20119882,No
10849216,No
17019778,No
17098091,No
20942735,No
8670461,No
9608926,No
11164760,No
14067532,No
16319053,No
15005878,No
23442241,No
18240571,No
15905528,No
9174763,No
14660212,No
18329381,No
14595574,No
20256865,No
19612870,No
18259710,No
15339349,No
16003710,No
18401227,No
7512902,No
23487703,No
8794543,No
11369798,No
20365587,No
22679121,No
11723277,No
20356198,No
14144162,No
12639215,No
9261572,No
12094676,No
23738532,No
11679242,No
11660991,No
17866880,No
13898491,No
9679220,No
9745375,No
14781973,No
23245201,No
16434909,No
10457257,No
9420320,No
22715502,No
20622121,No
8420157,No
20518084,No
13421618,No
15738420,No
10656271,No
10042776,No
21309088,No
23607852,No
11642202,No
8502524,No
11702268,No
12407308,No
10757019,No
13419311,No
23275511,No
13749794,No
10093443,No
14751345,No
14578889,No
18516767,No
14441699,No
12349646,No
20922808,No
13423051,No
20078316,No
17128745,No
15848882,No
15825955,No
18986530,No
17721771,No
12580412,No
22124308,No
19453536,No
20936256,No
15394295,No
8709131,No
11651618,No
13922996,No
22426961,No
19708169,No
20008814,No
16487873,No
7964272,No
19036541,No
22976013,No
22220080,No
13852097,No
18263995,No
14660050,No
17925277,No
21195770,No
17476532,No
9851591,No
18015028,No
22150575,No
7502636,No
21408270,No
18584802,No
16431902,No
18818280,No
21658646,No
16700572,No
12175974,No
14168909,No
9933732,No
10264244,No
23126001,No
7660048,No
17504257,No
23261878,No
22629409,No
23168193,No
8950676,No
21976507,No
22045857,No
12407081,No
8391782,No
7643369,No
8002805,No
19075237,No
17538916,No
13051976,No
23715573,No
18945223,No
8914018,No
10650181,No
22738775,No
10525417,No
15775461,No
18941838,No
14761242,No
15264206,No
14547179,No
16506596,No
12016316,No
11093699,No
8469944,No
19616465,No
21512051,No
9038006,No
7871393,No
20350276,No
17273904,No
12419566,No
18734595,No
13042295,No
19935004,No
22049958,No
18314152,No
8322492,No
9432595,No
13781533,No
16265113,No
14823745,No
20790055,No
23296148,No
10902919,No
15092458,No
10841001,No
9791940,No
14579151,No
17178901,No
14756206,No
15742144,No
16222046,No
13588256,No
14635815,No
9331907,No
13783021,No
10009658,No
9298950,No
10499811,No
8415658,No
11175395,No
18715957,No
18751614,No
9202346,No
9425409,No
17258564,No
16022123,No
22360188,No
20011238,No
20475418,No
16330742,No
17361351,No
23119761,No
23379830,No
21285517,No
12459210,No
17758716,No
14956870,No
10480071,No
20295855,No
11558048,No
8700478,No
9060832,No
16315648,No
8567969,No
10578083,No
11755525,No
16667937,No
22932417,No
22084603,No
13847811,No
20649239,No
20754182,No
8631791,No
19653347,No
11102183,No
15473018,No
7754788,No
16717593,No
19978700,No
13518509,No
20059224,No
8723007,No
12496600,No
19904517,No
7765749,Yes
22866809,No
9369217,No
18494824,No
10812031,No
10553165,No
9959942,No
13829690,No
9537818,No
13121377,No
20991626,No
23163496,No
8704928,No
22687832,No
16033244,No
21101141,No
17283072,No
23710723,No
11759105,No
15213650,No
16787003,No
10788246,No
9951460,No
10796775,No
20355230,No
20831060,No
15044140,No
15464410,No
19489292,No
16783885,No
9575602,No
12593589,No
9222417,No
20335103,No
18423093,No
10011408,No
11403844,No
22652492,No
14933010,No
19576213,No
17706117,No
11455963,No
22424887,No
21543834,No
19319476,No
14054832,No
13617694,No
10264136,No
9068625,No
23195361,No
16521623,No
17824802,No
13312309,No
14361072,No
13914186,Yes
15477362,No
14684760,No
16996603,No
23662740,No
20193810,No
10344566,No
18273618,No
8898347,No
16870548,No
15252784,No
8761397,No
14113796,No
15597405,No
15439051,No
17775220,No
21819419,No
11590194,No
22366324,No
14247194,No
14469429,No
13699396,No
11045767,No
14621662,No
22971779,No
9717781,No
16906054,No
23057581,No
22169142,No
11796594,No
21685096,No
11403649,No
9711468,No
22034988,No
9866462,No
10867191,No
19787264,No
22676223,No
18691856,No
23409926,No
19176462,No
18269466,No
8238435,No
11410110,No
21067861,No
13787716,No
16058747,No
14695359,No
20374037,No
17966045,No
23415887,No
14242692,No
22514211,No
7951644,No
11560276,No
9929116,No
12023684,No
14793531,No
21132741,No
18139836,No
12752241,No
20646723,No
16968528,No
19949374,No
14590132,No
10353774,No
14355249,No
23627397,No
7643926,No
14345636,No
12868673,No
9640613,No
19693501,No
10728457,No
18195660,No
12379104,No
8164857,No
17660747,No
8673426,No
12995646,No
22889998,No
12208557,No
7567505,No
22587251,No
19058767,No
7775757,No
23135393,No
9831463,No
11604745,No
10384022,No
20901766,No
12021283,No
13725148,No
13281366,No
10740166,No
14422280,No
13276243,No
19366968,No
12337261,No
14847931,No
13866179,No
19117805,No
12037329,No
10604601,No
13292857,No
20831879,No
9281560,No
8069153,No
21922638,No
9652381,No
22324748,No
7858490,No
17600584,No
9984228,No
14247962,No
14336309,No
15497377,No
14966665,No
23410943,No
14988992,No
13223644,No
10058683,No
18906045,No
16122538,No
13554925,No
10394640,No
12866418,No
16662907,No
13686152,No
14399120,No
8826271,No
17736116,No
9642185,No
9095173,No
20550277,No
14100274,No
22859268,No
14151319,No
21661893,No
14321934,No
22653233,No
7799962,No
13799226,No
22418414,No
23541401,No
19543539,No
11746279,No
21327802,No
7784275,No
14629577,No
19005598,No
19340303,No
14940645,No
16444589,No
10538616,No
19083260,No
9218510,No
20719920,No
10522163,No
19976191,No
17574364,No
18772789,No
13493804,No
12231701,No
12859646,No
22095223,No
11776720,No
16433188,No
16093278,No
20111756,No
23534618,No
16623279,No
9516501,No
13505563,No
11540005,No
20604736,No
14894519,No
14942145,No
12822359,No
10656462,No
19469063,No
11806227,No
8743895,No
15421803,No
10595309,No
19845067,No
22773963,No
9642115,No
18013353,No
22978922,No
21306752,No
20644993,No
20785772,No
18097148,No
9557182,No
11583400,No
12343143,No
11298571,No
19957814,No
15374851,No
14973704,No
22856145,No
21063101,No
18512690,No
19892036,No
9811622,No
18412431,No
16409775,No
12919396,No
9096974,No
9137614,No
11152085,No
16383313,No
20122797,No
10917120,No
16425023,No
9791655,No
22681083,No
20685443,No
21293671,No
9241262,No
21971500,No
18112996,No
21665720,No
16544769,No
16205634,No
16186064,No
12112047,No
21740967,No
20775130,No
18924634,No
19292070,No
16323163,No
20202834,No
22618512,No
12162543,No
11335245,No
11835750,No
9774506,No
13352636,No
9047104,No
8201057,No
17418420,No
10875389,No
9244654,No
18895894,No
9920855,No
15115602,No
8792553,No
23611683,No
20738426,No
11877311,No
21265429,No
11360946,No
8144080,No
14363308,No
22737152,No
20671931,No
12276348,No
10402973,No
18617392,No
22752867,No
13847195,No
10241951,No
22537501,No
19604588,No
9343819,No
23664542,No
18475463,No
19372843,No
7874186,No
18535237,No
12043487,No
20630764,No
16645408,No
10509701,No
19218101,No
23345164,No
11461111,No
18373029,No
11512874,No
16324270,No
14594495,No
19200551,No
10823065,No
9823868,No
7603549,No
18468860,No
20654919,No
14084522,No
16370840,No
8553879,No
16261317,No
16221599,No
13723562,No
11052343,No
15348411,No
12206445,No
11655970,No
10327097,No
22118073,No
18025805,No
8338164,No
10906392,No
20225099,No
9357080,No
18829677,No
7540566,No
17713224,No
9241169,No
17608118,No
17184097,No
22354343,No
20181852,No
14796963,No
13597601,No
11332578,No
14241338,No
7765610,No
13952454,No
7665030,No
21996892,No
22235190,No
12815697,No
21396044,No
16206293,No
12881260,No
21258846,No
14044068,No
14985085,No
17886309,No
19722539,No
14900812,No
17562769,No
11890127,No
18522897,No
21413716,No
8748416,No
12625262,No
10020918,No
18390555,No
8146558,No
23270164,No
12609557,No
23609698,No
19725030,No
16056072,No
20011586,No
18546217,No
11406255,No
22216484,No
18640200,No
14465670,No
12678215,No
19484041,No
9346032,No
14208923,No
11970671,No
19111072,No
10784924,No
16156485,No
8122263,No
16506359,No
12878801,No
15208174,No
19436007,No
21064988,No
14223681,No
9158047,No
22980889,No
9228830,No
22727031,No
10903587,No
21912045,No
7648446,No
16368457,No
11561132,No
20834205,No
14168180,No
10230541,No
18629693,No
18933674,No
17857575,No
23638095,No
21690902,No
18615817,No
7496585,No
19335706,No
20367888,No
14766286,No
17836247,No
16074767,No
18329071,No
18857602,No
22128009,No
9510017,No
21754572,No
10482715,No
9589019,No
15381018,No
15034571,No
22115542,No
21429391,No
23750666,No
8733743,No
11279317,No
13270806,No
11363165,No
11247115,No
18396320,No
14868057,No
11476021,No
15101812,No
16585025,No
8156826,No
10257967,No
10676554,No
12521902,No
17060290,No
10698732,No
20466713,No
10966446,No
17007287,No
8167272,No
20964216,No
23741184,No
21466275,No
12410933,No
14219797,No
20102929,No
18498754,No
12926863,No
11061446,No
14977755,No
19624064,No
8216245,No
12458877,No
8193896,No
15864891,No
7543951,No
13336695,No
10697575,No
20120589,No
13749560,No
22288500,No
11581530,No
11563801,No
12474552,No
16895820,No
17028587,No
17696400,No
19945625,No
7929629,No
19206508,No
8230511,No
17180089,No
9569008,No
16938357,No
20442260,No
22585131,No
10064421,No
7902589,No
7618130,No
10529924,No
18195801,No
12456444,No
15769228,No
22113906,No
10033688,No
19276874,No
18590172,No
20296398,No
10880620,No
22273108,No
15387007,No
22064076,No
14744887,No
8074563,No
9012414,No
7483801,No
13205709,No
23502027,No
22427175,No
8709071,No
21815243,No
12267982,No
7655132,No
9943844,No
20976207,No
7639110,No
10055452,No
17871577,No
15243407,No
20186856,No
23328264,No
16669006,No
18388641,No
16562223,No
11984835,No
9390906,No
10715851,No
21807075,No
17777939,No
20059539,No
8925724,No
23015367,No
18603042,No
12380320,No
8558212,No
17138556,No
17051033,No
17856313,No
18735877,No
12246757,No
10238985,No
19883401,No
14949231,No
22090419,No
18351124,No
22592607,No
13782585,Yes
21248388,No
10046780,No
10626218,No
13373655,No
16880948,No
11617511,No
15538087,No
16296026,No
20126331,No
20087982,No
21331253,No
16381756,No
22066596,No
23572045,No
18176505,No
22917781,No
20757716,No
12499605,No
10629377,No
16519193,No
14842113,No
22190783,No
11025814,No
20640393,No
14730701,No
17824549,No
11527534,No
18378370,No
13219222,No
9136107,No
11463950,No
20915993,No
9516469,No
13612607,No
12937122,No
18188033,No
8626429,No
12707636,No
10371805,No
17994343,No
19143279,No
16920994,No
19542156,No
14490504,No
12593057,No
16084513,No
17711631,No
17915291,No
15166938,No
10437940,No
8955864,No
12421795,No
10354864,No
19665937,No
13844380,No
13331963,No
7641702,No
22702103,No
19925277,No
18207979,No
7602706,No
17583709,No
15272370,No
14544938,No
16406057,No
11822165,No
10859818,No
23526158,No
17608899,No
12442171,No
21991114,No
16473096,No
11998550,No
17787822,No
23256987,No
15256336,No
16500030,No
14674285,No
7675609,No
16342569,No
18796148,No
15870731,No
17931478,No
17025980,No
18818523,Yes
8032115,No
16499466,No
21389846,No
16454083,No
20245775,No
16094886,No
11208854,No
9362694,No
15393564,No
17390471,No
23687692,No
21052454,No
12130900,No
7955277,No
12349567,No
18309424,No
16356700,No
11944242,No
21131720,No
21595207,No
18442275,No
15081341,No
23638838,No
12214944,No
11052717,No
11773383,No
18560260,No
16973297,No
8350087,No
19633621,No
20243294,No
17410052,No
22621901,No
19470174,No
15098141,No
23371251,No
7614430,No
10093010,No
22912816,No
17685695,No
7882877,No
18216052,No
22132659,No
17941017,No
19079062,No
18839188,No
17917742,No
13580306,No
16295097,No
10063230,No
23657098,No
17312682,No
16521084,No
12608923,No
13576810,No
22473385,No
8439787,No
16065016,No
10842543,No
19560378,No
19807053,No
10904491,No
11950504,No
9448716,No
19692940,No
15599411,No
16575303,No
11775162,No
10397383,No
22764351,No
13240691,No
16456914,No
18892475,No
22146323,No
10476865,No
10393120,No
10373102,No
18591637,No
13009395,No
7555358,No
18845926,No
13041265,No
8163070,No
23553098,No
13893439,No
22911070,No
22071116,No
8485923,No
8353402,No
9931194,No
8204248,No
8375126,No
16897402,No
17665801,No
8615112,No
17688111,No
14864048,No
14502111,No
18016212,No
18174722,No
22633163,No
11386643,No
19706370,No
17000185,No
19448006,No
15438405,No
14057482,No
7714846,No
18038495,No
16808578,No
22105894,No
15317064,No
21511908,No
20121576,No
7605193,No
9180619,No
8920274,No
22390126,No
17935019,No
13040793,No
16574394,No
10512851,No
19076571,No
23016189,No
19764198,No
16865569,No
7511082,No
23165774,No
19235959,No
23681512,No
17998664,No
10335363,No
17792653,No
21303258,No
8478518,No
16155753,No
12730773,No
9522712,No
12082287,No
20447876,No
12440009,No
12806393,No
19448175,No
10140916,No
13476027,No
12540015,No
10171700,No
9668329,No
12405421,No
14266277,No
11003754,No
14952083,No
14544884,No
10166708,No
20102412,No
22559783,No
15877344,No
19546244,No
14716577,No
23476454,No
12661682,No
13102276,No
17654547,No
21393733,No
7775198,No
15390755,No
18174361,No
16170979,No
9189423,No
18122798,No
18048412,No
14511055,No
17940943,No
18960000,No
7798115,No
22063603,No
12525420,No
12978510,No
16165141,No
8243511,No
23055765,No
10731919,No
12723449,No
11599586,No
15462696,No
19820044,No
9545080,No
8576026,No
12981625,No
10754026,No
19294755,No
16160541,No
12541026,No
7815493,No
8542390,No
15474753,No
17743005,No
17542835,No
22218505,No
14448997,No
19263924,No
13544191,No
20252547,No
16470460,No
17032076,No
7979450,No
8875225,No
10141648,No
9500299,No
15075349,No
22492357,No
21635073,No
23186768,No
17130061,No
22988875,No
22079436,No
16077886,No
14436050,No
20143267,No
17425796,No
20664068,No
10932091,No
18944245,No
16152084,No
22913842,No
20909941,No
19985865,No
20287321,No
13234530,No
14488891,No
14291771,No
20839404,No
11109716,No
21325628,No
7644544,No
17373764,No
12912216,No
18274450,No
23025649,No
13311458,No
12131377,No
14952866,No
20972369,No
11606601,No
23746091,No
19363885,No
19855914,No
10432168,No
10903781,No
11003436,No
12022857,No
14186746,No
23548526,No
21875027,No
20317509,No
23742351,No
8787843,No
13341793,No
15832644,No
19267773,No
9468054,No
21224151,No
18153597,No
18886195,No
19953006,No
8047813,Yes
14265278,No
8120959,No
19060294,No
18195481,No
10108209,No
8816187,No
9368913,No
20745071,No
15665378,No
21481775,No
11470963,No
22316164,No
8009779,No
8769746,No
19742448,No
17006600,No
22347883,No
16430177,No
14992518,No
20085632,No
21800140,No
18838826,No
8552269,No
21823029,No
14972765,No
19046009,No
20916012,No
8778413,No
9250030,No
21891716,No
15570198,No
10323220,No
17324883,No
23472687,No
8372273,No
15151505,No
23023026,No
8934710,No
14438666,No
7729006,No
11801520,No
16384460,No
11361077,No
8515319,No
9703726,No
8627748,No
22727194,No
22412081,No
12798256,No
9618760,No
9364633,No
20678639,No
22119485,No
14850547,No
21723109,No
9715040,No
8580534,No
20524206,No
14772334,No
14783957,No
21652965,No
9405105,No
13141735,No
11049219,No
16721479,No
13739810,No
8438083,No
22580188,No
11923033,No
12630882,No
13044396,No
21703827,No
18413721,No
7886264,No
17041935,No
16069453,No
15727199,No
11209366,No
21135833,No
15776511,No
19806869,No
21326885,No
22960517,No
13566076,No
16278941,No
7990165,No
10367748,No
14459851,No
20683602,No
17929204,No
16883749,No
7694992,No
21484302,No
8880897,No
7675648,No
12010286,No
10153615,No
9523729,No
10027907,No
14612072,No
22689734,No
16509249,No
19274203,No
7961787,No
17512327,No
22311443,No
22782112,No
8784362,No
18504837,No
13548169,No
8911772,No
10927955,No
9127974,No
13848058,No
20179977,No
23158156,No
12781560,No
13823951,No
13582436,No
11217721,No
11907183,No
22688241,No
8865176,No
18608614,No
15215683,No
7490224,No
15873438,No
8789738,No
21719897,No
17072499,No
11268171,No
7725053,No
10866336,No
12535409,No
21848733,No
17031207,No
9426664,No
12605135,No
20729377,No
21857586,No
16049542,No
13808456,No
20595364,No
21119920,No
19596664,No
12864021,No
16487542,No
19335843,No
16141592,No
15957505,No
8543469,No
22957103,No
20324078,No
23124464,No
9407313,No
13237153,No
17403868,No
16265850,No
19292836,No
22891811,No
17046085,No
20467765,No
9489005,No
23194630,No
14708111,No
11071382,No
15581223,No
18853676,No
16411119,No
16094037,No
14355870,No
18631280,No
22244657,No
18491743,No
15932012,No
7477153,No
18407575,No
13028018,No
12071060,No
15914394,No
20199841,No
19840871,No
8414611,No
8789323,No
23608461,No
18572119,No
17838779,No
10187600,No
17890164,No
9366124,No
22743976,No
16306507,No
15981077,No
7831793,No
12483707,No
23040043,No
9522320,No
17826814,No
14085886,No
8191778,No
23254460,No
19802295,No
9375023,No
20212778,No
9300494,No
14602003,No
12800490,No
14151315,No
8628266,No
19602295,No
23752711,No
17268325,No
19461208,No
8470850,No
20420790,No
21123926,No
8136623,No
14334592,No
8246109,No
21977561,No
13255360,No
7809020,No
15985346,No
19679675,No
19543509,No
22934113,No
7495593,No
12590116,No
21366918,No
17348853,No
21907123,No
20981842,No
10878942,No
23437846,No
23193360,No
19544477,No
13355033,No
12031576,No
17186839,No
23241418,No
23379996,No
14516200,No
14094545,No
16883500,No
11248260,No
23253195,No
14318257,No
22529524,No
16690706,No
14736613,No
20844845,No
16443435,No
12453109,No
19902368,No
7665143,No
17738107,No
20731959,No
16813545,No
22424553,No
8571917,No
19449756,No
15292347,No
12460417,No
16808410,No
17954766,No
22790614,No
13098395,No
21414697,No
11940358,No
8987196,No
19315707,No
12573236,No
23349336,No
16022414,No
9427572,No
20666137,No
14274391,No
13569509,No
19680446,No
22048085,No
14894984,No
7713805,No
21938507,No
7652226,No
18228653,No
14292894,No
11397397,No
16681972,No
10462183,No
22000513,No
9282290,No
10368621,No
13797140,No
19865990,No
22403673,No
17504394,No
23436439,No
7495993,No
19928277,No
19383140,No
11558759,No
19562601,No
11702709,No
18124111,No
21330213,No
23296056,No
13448217,No
12675426,No
22570626,No
13798862,No
13751773,No
8427169,No
12420093,No
17343724,No
9413327,No
13133480,No
10135624,No
11820682,No
21678075,No
8834745,No
15137642,No
16136912,No
12796396,No
17047159,No
18067105,No
13923494,No
12429931,No
21653144,No
18772122,No
18158731,No
10254625,No
12651308,No
13251299,No
8146476,No
9164116,No
23553078,No
9135051,No
7515967,No
7997227,No
8767077,No
22356227,No
13048026,No
22358653,No
9507254,No
15325385,No
21716926,No
8220448,No
22903253,No
9678019,No
19566506,No
23584425,No
10110335,No
20484106,No
19599481,No
15726123,No
16071708,No
10254187,No
15417315,No
17735299,No
9638834,No
21994413,No
13601167,No
13616195,No
10956328,No
11024884,No
14976285,No
22392289,No
11964030,No
14652267,No
19986541,No
23479695,No
10378347,No
7590092,No
15191297,No
14555883,No
19372267,No
9877601,No
23102517,No
23015200,No
16460530,No
8333327,No
16654449,No
10457068,No
21745794,No
13176159,No
23592988,No
21738397,No
9817251,No
11095241,No
18763888,No
12822282,No
23071722,No
19981738,No
20674092,No
18683706,No
14708087,No
8269468,No
12486352,No
13365077,No
14678063,No
12122198,No
23606901,No
11729379,No
10885553,No
8356606,No
21483461,No
14955552,No
15071219,No
15781894,No
16886737,No
12455503,No
18857785,No
16179858,No
7881992,No
18308421,No
15683394,No
11712839,No
21537164,No
17083031,No
8587374,No
7833170,No
8569433,No
15262937,No
8134903,No
17925417,No
8281863,No
20577871,No
18507439,No
8347451,No
12249958,No
15020518,No
15017569,No
14504987,No
16416490,No
9066924,No
22165949,No
23337365,No
14457304,No
12781886,No
10997933,No
13680263,No
10448251,No
16005676,No
22169190,No
16305136,No
23468913,No
23135617,No
15127474,No
14519813,No
8291953,Yes
22606410,No
11721163,No
11485686,No
10929786,No
13500972,No
9360413,No
22724645,No
14586934,No
19229379,No
19566105,No
22481797,No
12414692,No
17463200,No
14555416,No
22525049,No
13591490,No
7884976,No
12514853,No
10946886,No
15941699,No
21263912,No
13118337,No
18540033,No
17688084,No
12644542,No
21338027,No
19487373,No
16987371,No
20150991,No
21717815,No
8528349,No
22721688,No
23452370,No
8135867,No
20540710,No
19776735,No
14402888,No
21722322,No
10028910,No
18430748,No
20737078,No
21070227,No
12761075,No
11119177,No
23260468,No
18549128,No
22362010,No
12321832,No
14723240,No
22244766,No
9484236,No
19559531,No
8731048,No
9236833,No
15830823,No
18237631,No
11497973,No
16378084,No
13934595,No
10482643,No
12984873,No
12426339,No
17069889,No
11380659,No
17270958,No
12768228,No
7732228,No
8086443,No
21510654,No
18782256,No
11915663,No
13026216,No
22354167,No
19483734,No
18124213,No
18493809,No
17662432,No
9995251,No
7696546,No
23227731,No
15115343,No
20052022,No
15807996,No
18603980,No
14455903,No
15066843,No
15180367,No
19687196,No
8417275,No
15159062,No
14853824,No
19818107,No
20348986,No
22755119,No
7885587,No
17892989,No
21719281,No
16647174,No
20148979,No
10316095,No
8450196,No
11863215,No
20016312,No
16548307,No
20650287,No
15008695,No
10608533,No
10060045,No
21364428,No
12433501,No
20514626,No
14104817,No
8987248,No
18000854,No
11254697,No
10757345,No
14889703,No
7491682,No
14906552,No
11915098,No
20033917,No
14243519,No
19587532,No
15294054,No
20980162,No
18600935,No
18705385,No
21970614,No
13757983,No
20036804,No
9060809,No
16862700,No
22570213,No
17611268,No
17503718,No
8919009,No
16465609,No
20964467,No
12917633,No
12496934,No
13266920,No
14455437,No
16197970,No
14123161,No
17298348,No
9649389,No
13329249,No
22962560,No
11356271,No
17746135,No
10943313,No
12245533,No
21856230,No
12630685,No
12859117,No
13111613,No
19631444,No
8372855,No
10972377,No
17300883,No
19287102,No
10107631,No
16497160,No
9417773,No
21748899,No
17683318,No
20341257,No
11638054,No
19874728,No
13401571,No
22866393,No
16560525,No
8287641,No
14400927,No
19470424,No
14034132,No
13688771,No
8108013,No
19496098,No
15550224,No
16419944,No
15150776,No
20271298,No
12721934,No
23274400,No
10482665,No
19070423,No
17629364,No
11833813,No
19447122,No
8893591,No
10483845,No
12836175,No
10008208,No
14166692,No
10875383,No
19430000,No
9842295,No
13256774,No
11706289,No
10817918,No
11541460,No
22161833,No
9746845,No
17311837,No
20022264,No
10987830,No
12008739,No
22060871,No
9039626,No
7858033,No
22473575,No
21727362,No
20281149,No
17691778,No
23335060,No
10450081,No
21224164,No
19244316,No
21149719,No
18196423,No
19292308,No
10319627,No
21949997,No
14172055,No
12872836,No
12129675,No
12477627,No
20511717,No
22443301,No
16265345,No
18273472,No
17568671,No
8921998,No
20895073,No
12114564,No
23253649,No
8843923,No
16603361,No
19516184,No
13793379,No
10721664,No
10484104,No
17808823,No
19301451,No
20849396,No
14431862,No
20032731,No
14613192,No
10603818,No
21581977,No
19523119,No
19826660,No
20009657,No
21853917,No
21021924,No
15042184,No
8228061,No
11477545,No
9068672,No
9824215,No
23580618,No
10121137,No
15704893,No
12958310,No
15240714,No
22518760,No
15399749,No
13552313,No
7489227,No
15045643,No
23279055,No
16387528,No
10652010,No
10013317,No
21268390,No
19459073,No
7608912,No
13511398,No
22803047,No
19131630,No
14771500,No
18232768,No
15270454,No
22072982,No
10497331,No
20721154,No
22339578,No
15682272,No
12253762,No
9384999,No
14068984,No
18726468,No
7608476,No
18908983,No
9953522,No
12881180,No
21158226,No
10200357,No
17316899,Yes
21080350,No
9814917,No
15825050,No
18259246,No
11050443,No
20210265,No
11066539,No
18867980,No
12921084,No
19885812,No
16172177,No
8171627,No
9772297,No
11680121,No
12447229,No
18021538,No
22141017,No
19405906,No
10649211,No
15944159,No
20208627,No
12166135,No
15829542,No
14669164,No
20791205,No
20263252,No
17944000,No
14062931,No
23730037,No
12797803,No
15696643,No
11759552,No
17313274,No
17203410,No
14903544,No
11293589,No
14061305,No
7995652,No
12830266,No
14448950,No
10792104,No
14495714,No
10112243,No
7723856,No
8025469,No
12542479,No
8810842,No
9229353,No
16424533,No
10460510,No
11265408,No
8430014,No
16421221,No
23099946,No
20029136,No
21117737,No
10233918,No
13644787,No
15088802,No
14442251,No
21861870,No
20192232,No
16756011,No
21309893,No
22999857,No
23061772,No
9417689,No
16353559,No
12461412,No
14722149,No
13978728,No
17827199,No
19176172,No
15197542,No
10930955,No
12933369,No
20507074,No
19463938,No
8159008,No
21902483,No
21976043,No
15149540,No
21124160,No
9825954,No
11748815,No
18822731,No
17368917,No
23156060,No
16952324,No
13368302,No
10730737,No
10234246,No
17433550,No
17248726,No
13436976,No
10410525,No
13895324,No
22523504,No
17561236,No
23155509,No
19482348,No
18698207,No
10375421,No
10736358,No
17724056,No
17172785,No
21827200,No
17239993,No
9830054,No
8425135,No
10967045,No
21101958,No
13340144,No
15080239,No
12430280,No
13539308,No
17764503,No
16989029,No
19502623,No
22019886,No
13599041,No
21323649,No
14982453,No
16245314,No
16278024,No
23175304,No
23103772,No
11140339,No
15946198,No
14570439,No
17903943,No
11681999,No
8614461,No
10967103,No
22877693,No
13151251,No
15149214,No
11122768,No
8092271,No
7556957,No
17193893,No
19798170,No
15362170,No
12470817,No
8627625,No
19490398,No
11141560,No
15622245,No
13314088,No
21291330,No
14855402,No
10082373,No
22094037,No
17867602,No
17655615,No
9068715,No
8871059,No
12782877,No
14711871,No
10704209,No
21883182,No
7764660,No
12162877,No
9202642,No
15961377,No
17447691,No
9412984,No
23147216,No
21125556,No
21104322,No
15063595,No
13989319,No
18858173,No
20744276,No
16999832,No
17116392,No
23611312,No
21029130,No
9157122,No
22710974,No
23035417,No
19725670,No
21461028,No
13065403,No
16681873,No
12001953,No
8895884,No
18805335,No
22877567,No
11815037,No
17222407,No
18072667,No
22652760,No
20733560,No
14336521,No
12471416,No
20144935,No
11356116,No
21944793,No
20562446,No
7877427,No
9205834,No
16250583,No
21366891,No
13898175,No
20190823,No
11337407,No
14350457,No
8917028,No
22068397,No
16424781,No
8804122,No
23411569,No
13865342,No
20885153,No
9228911,No
12065198,No
7754148,No
19834500,No
11459559,No
18525787,No
17938537,No
14431876,No
8302945,No
22325469,No
14596597,No
22589751,No
11165482,No
13246127,No
12113936,No
19314618,No
11599929,No
13214739,No
8586637,No
7948751,No
15046607,No
12616661,No
18139556,No
9906114,No
17335217,No
12927560,No
18744608,No
9357216,No
21365550,No
19103392,No
14949457,No
19506332,No
15187255,No
10450083,No
15260792,No
20407306,No
7612338,No
11183211,No
18536092,No
9358659,No
15611525,No
23587831,No
18899887,No
18352569,No
22232134,No
16423850,No
15718996,No
12848371,No
16500086,Yes
16031703,No
9699151,No
14456533,No
18324680,No
9965505,No
15062222,No
12470434,No
13434417,No
19938708,No
18846754,No
23641277,No
16197660,No
18166109,No
15655112,No
22020532,No
19016855,No
9992300,No
14669536,No
12919752,No
18577887,No
14725294,No
9780993,No
14542746,No
16859236,No
16499139,No
9603976,No
21180927,No
14813719,No
23140566,No
8910481,No
20098565,No
11922046,No
19578685,No
18775174,No
14583944,No
8603204,No
22509237,No
12201464,No
19371890,No
17694786,No
8010586,No
19216007,No
15790343,No
12644494,No
23018867,No
19391056,No
13292256,No
16859093,No
9320542,No
17492105,No
16717245,No
13226273,No
16726097,No
9001468,No
19668026,No
17628050,No
21810709,No
10150380,No
15875787,No
11183543,No
18556129,No
20520549,No
13975613,No
15186494,No
16795653,No
11750876,No
19339805,No
8833837,No
12175772,No
13187075,No
13753772,No
9268641,No
16713723,No
17926453,No
14409022,No
21155235,No
21664459,No
9058070,No
17745382,No
15801013,No
22083863,No
12024883,No
14425353,No
23725492,No
8058336,No
19659943,No
8226267,No
7550762,No
10561369,No
17142156,No
11465539,No
13615714,No
9619521,No
9512098,No
13667032,No
8937758,No
7659384,No
16106951,No
16189111,No
8577740,No
15239335,No
7525129,No
23071531,No
17275258,No
18872691,No
19704128,No
18407715,No
22452801,No
19648157,No
10832513,No
17213017,No
23174485,No
22007189,No
20736640,No
10970057,No
19638463,No
17697999,No
17293481,No
10298586,No
22580470,No
23000325,No
8372916,No
16547700,No
12366853,No
19149239,No
17370440,No
17352576,No
9469054,No
15417565,No
20138448,No
20434664,No
22783646,No
13219350,No
18854579,No
22078468,No
7703300,No
12383914,No
9101311,No
14123632,No
19202317,No
13633482,No
23162889,No
20294632,No
12017539,No
9269599,No
12548446,No
21917352,No
9245735,No
8211736,No
14226688,No
23131122,No
14516157,No
12329960,No
12321908,No
17136133,No
12228062,No
14501099,No
21585404,No
17604241,No
13667043,No
9225885,No
16471705,No
7829563,No
18400372,No
11572120,No
7824032,No
14336270,No
21169285,No
22125377,No
20828892,No
16854551,No
8637528,No
12144917,No
11388007,No
17125050,No
20908299,No
15558262,No
11187082,No
7676250,No
21434510,No
23268366,No
18240634,No
13211420,No
13503913,No
17299636,No
21836876,No
20808198,No
8048310,No
19171405,No
23588964,No
12249852,No
12676830,No
17288649,No
18604241,No
10063053,No
14503599,No
13882133,No
20467109,No
17467102,No
19910044,No
11879301,No
22178190,No
7646427,No
17385467,No
23036388,No
14501079,No
21626827,No
7660261,No
8073610,No
8789482,No
23452572,No
17236873,No
10828028,No
11086297,No
14403954,No
21979784,No
22545463,No
15994967,No
9343579,No
22033498,No
23069715,No
20344449,No
22718296,No
18137096,No
15163759,No
9710829,No
21380736,No
13777818,No
12070965,No
21377313,No
8947506,No
11667425,No
8754192,No
22593741,No
12291081,No
15796705,No
21707870,No
19224006,No
16774604,No
18222470,No
17731319,No
21841896,No
18380523,No
21850326,No
16584250,No
20354120,No
19170687,No
9854103,No
9094823,No
15609711,No
7691251,No
21082069,No
20924634,No
23706594,No
21104650,No
9243645,No
9215423,No
11377633,No
17326792,No
9854833,No
20222633,No
16485571,No
18904895,No
21650482,No
16421737,No
19739793,No
13067271,No
20925909,No
13687940,No
18418850,No
16066037,No
19123387,No
17027412,No
13798780,No
19281031,No
9905668,No
12039688,No
17258201,No
7896899,No
10884473,No
13334283,No
21373320,No
9753220,No
9271387,No
11330316,No
9283758,No
12623341,No
12204771,No
20168634,No
17343521,No
9907343,No
16838695,No
16009002,No
14299895,No
20723872,No
8640162,No
20083532,No
18751813,No
16777129,No
13301937,No
14928863,No
9430965,No
15564877,No
13504813,No
23117107,No
15785818,No
8791354,No
8829954,No
20212430,No
20925334,No
15371869,No
9024664,No
11172723,No
8659357,No
15806591,No
13768824,No
11204002,No
14909687,No
15410017,No
18878817,No
20488534,No
9272382,No
15894411,No
12508706,No
14846018,No
11927591,No
14790494,No
19280738,No
12845319,No
16468859,No
15867691,No
11924913,No
23466773,No
8300141,No
22684008,No
14608214,No
19515080,No
21402627,No
18274645,No
22419038,No
9998279,No
16789563,No
23275999,No
17586339,No
22662154,No
11261198,No
18288601,No
9614348,No
10110535,No
14339849,No
16993499,No
10404313,No
20439484,No
22501981,No
20189918,No
14482943,No
15550121,No
8017704,No
15357390,No
21080527,No
23524055,No
8053024,No
14704014,No
18185985,No
20372660,No
19534275,No
20835223,No
19393825,No
11368892,No
8347768,No
21656127,No
12384595,No
17913865,No
17491848,No
19360433,No
21772999,No
16264590,No
18565783,No
22413931,No
11422663,No
8250616,No
13128461,No
18266863,No
20894667,No
16788380,No
8852423,No
16554018,No
13804821,No
21268493,No
10066369,No
8585875,No
17366616,No
14363974,No
13573245,No
13835824,No
19322176,No
20163991,No
19632600,No
13489346,No
11462587,No
7653418,No
21884808,No
21516534,No
11750008,No
10095075,No
15553743,No
18960704,No
16553879,No
10194055,No
8280585,No
18036782,No
22626528,No
20682389,No
21244865,No
8678813,No
16242290,No
8988740,No
15739432,No
14714019,No
7820777,No
21565575,No
17793256,No
17517417,No
20001848,No
8142622,No
11290683,No
9655453,No
16937915,No
7846300,No
22988299,No
11828798,No
23041460,No
23273196,No
14240968,No
10146752,No
20691396,No
18243990,No
22786677,No
12725919,No
15099036,No
10266244,No
15861169,No
16556565,No
8704892,No
18928640,No
18321286,No
19976641,No
23315601,No
11457008,No
8495503,No
22692436,No
19586279,No
17809913,No
9817527,No
19437331,No
21590709,No
13633297,No
16960745,No
7926374,No
22082310,No
7629058,No
16112602,No
15127655,No
7955870,No
13447147,No
17939798,No
13226295,No
11940439,No
7898708,No
12068376,No
10700099,No
16245952,No
12867571,No
7487306,No
18427386,No
17720963,No
8737986,Yes
17456727,No
12100226,No
7777202,No
13820380,No
23159848,No
14018194,No
18570117,No
9983153,No
15087575,No
22099423,No
10601904,No
23252482,No
12238221,No
21137417,No
19384429,No
18281488,No
19060064,No
17976642,No
9742650,No
12396395,No
13028069,No
21058453,No
18638149,No
8849986,No
11308165,No
8419780,No
11134808,No
8255770,No
20812071,No
8512638,No
21415395,No
15491274,No
10033465,No
8355743,No
8869576,No
15816815,No
8436002,No
7683241,No
12309305,No
23505854,No
19261179,No
8359721,No
17240018,No
23064635,No
15633585,No
8097744,No
12899479,No
16438286,No
12415328,No
18191338,No
17586650,No
21500404,No
21240557,No
18963007,No
17824124,No
14112230,No
18226520,No
9034811,No
8959715,No
16616121,No
13032267,No
20023950,No
12801546,No
20027274,No
22464818,No
11166392,No
9544866,No
22489812,No
14794969,No
8998578,No
16492268,No
21248903,No
12418980,No
8104236,No
22329193,No
8986539,No
12008993,No
8686323,No
22734189,No
23266729,No
19814902,No
18082890,No
16458941,No
13566694,No
19034023,No
23085088,No
8410234,No
23279579,No
22820860,No
17163919,No
8988105,No
21400314,No
15581517,No
20159332,No
9847113,No
15224587,No
18017657,No
9775658,No
18343848,No
16048785,No
18156477,No
19195589,No
16376069,No
19560737,No
21526147,No
14336490,No
21262162,No
15668506,No
11678760,No
22839596,No
19427751,No
20251165,No
10219411,No
15591113,No
10519951,No
9807331,No
11728460,No
23198602,No
8633995,No
16761938,No
11485627,No
9182476,No
20476600,No
21224874,No
19738917,No
15102536,No
11152031,No
7565031,No
9103587,No
17365639,No
18190076,No
9540458,No
11704329,No
23505133,No
16482319,No
14871641,No
8841471,No
11308795,No
16035973,No
21681596,No
23621951,No
13737482,No
22135151,No
19599555,No
14690875,No
22827751,No
16263542,No
14565971,No
23444645,No
10063923,No
12837436,No
23033554,No
20951940,No
21152444,No
22553117,No
22498119,No
11880505,No
16927093,No
8065479,No
15809468,No
12614234,No
16373797,No
21016410,No
12001847,No
18739976,No
22928511,No
20321360,No
10480340,No
12782656,No
10145907,No
13968326,No
18220290,No
14259113,No
12413229,No
21655185,No
8817494,No
19015137,No
16018683,No
15118221,No
16369202,No
7786977,No
23077386,No
9944996,No
22254713,No
13860419,No
15585425,No
8873904,No
12380094,No
22609099,No
9419575,No
8703089,No
23707706,No
7893038,No
13102742,No
18029381,No
15335901,No
13290415,No
22819779,No
8596706,No
18913378,No
22330229,No
7878392,No
16179208,No
8994609,No
8962075,No
13855760,No
15433122,No
14313545,No
17695028,No
20925692,No
19008017,No
16942151,No
14776116,No
7567100,No
14540846,No
20904087,No
8722893,No
8955457,No
7708688,No
21569267,No
17711210,No
18310388,No
13695473,No
14241638,No
17900064,No
23569713,No
17125925,No
12426137,No
19753597,No
14410621,No
13111508,No
21570724,No
18982961,No
20959336,No
13885276,No
21144186,No
20364553,No
22732275,No
7909217,No
12323937,No
9648949,No
17451947,No
17447187,No
14288870,No
19797268,No
22753850,No
20700374,No
23483119,No
18968190,No
23144394,No
20698679,No
17337894,No
9308736,No
9606471,No
21815423,No
15645924,No
18223369,No
9657730,No
8957445,No
19731149,No
22963853,No
14519992,No
9706358,No
9427629,No
10936987,No
12551004,No
19511470,No
22796699,No
16618409,No
12674172,No
16764034,No
8208202,No
13438114,No
12862699,No
17531191,No
11939543,No
13417323,No
13275191,No
22648335,No
9749640,No
20907759,No
9376190,No
10594249,No
7701698,No
9338705,No
12105121,No
11735283,No
8773516,No
12568914,No
8088195,No
12966941,No
12831631,No
23584426,No
13247014,No
23600839,No
11715773,No
17418917,No
16953409,No
9034288,No
10432188,No
21204930,No
16037561,No
10403580,No
17358385,No
10410599,No
15427520,No
18116903,No
14672829,No
16083552,No
19929709,No
17663161,No
15181191,No
14571555,No
19124873,No
12288312,No
19354445,No
18218346,No
11612555,No
21932413,No
21149691,No
9159627,No
8968323,Yes
12714351,No
18960049,No
14188893,No
18998376,No
11366915,No
16831763,No
18185392,No
11308935,No
8594252,No
14782195,No
12674786,No
19433535,No
15256725,No
16059847,No
13322878,No
19373120,No
22615142,No
19066044,No
17952191,No
9030401,No
10198820,No
9553732,No
9266750,No
8359116,No
12043621,No
17464683,No
8626643,No
17719440,No
22392496,No
8627688,No
11435947,No
14942963,No
21460616,No
21793726,No
8255222,No
17233203,No
10035419,No
16550526,No
9907125,No
20607807,No
12371745,No
12406498,No
14243253,No
8718862,No
15335434,No
12248189,No
8860561,No
18588086,No
12145068,No
11729154,No
15002677,No
10702061,No
22908570,No
20535092,No
17363039,No
7486107,No
11432354,No
17179436,No
9603392,No
8438426,No
19541853,No
22565420,No
21661835,No
20821156,No
13426558,No
19896103,No
14251413,No
14459493,No
7987647,No
22799544,No
17985785,No
10608790,No
22386530,No
14712456,No
21891564,No
11434082,No
13525333,No
23042043,No
10954733,No
18104211,No
17919227,No
11963068,No
21275019,No
11267413,No
16157187,No
15898211,No
10526245,No
20743560,No
19650240,No
21425069,No
17518480,No
13821025,No
15951741,No
20141601,No
19991963,No
21045998,No
17724747,No
11416124,No
22089694,No
17575218,No
17480359,No
13899082,No
18247525,No
10059784,No
22413527,No
10022505,No
17985514,No
15615069,No
13475844,No
9808285,No
18576656,No
22678654,No
22156309,No
10761407,No
10191637,No
11476628,No
22216883,No
17129408,No
13466452,No
16795088,No
14141353,No
19566981,No
11521420,No
14860720,No
18847280,No
14318448,No
9132227,No
12135486,No
12798560,No
18824609,No
14677163,No
15513514,No
20468900,No
13996102,No
22003219,No
17767634,No
19513070,No
22662344,No
11539586,No
22007809,No
9275403,No
16088172,No
8883517,No
14524241,No
15677463,No
23572889,No
23439478,No
15562963,No
14495066,No
10394170,No
7516497,No
19951811,No
16063255,No
20334566,No
22095662,No
16583554,No
8479506,No
22859366,No
12104364,No
13537018,No
21600907,No
22499309,No
11720879,No
11388626,No
12853878,No
16322262,No
20833748,No
16694275,No
11223308,No
11994972,No
21383300,No
19346936,No
7703176,No
14556259,No
9287141,No
21203358,No
11568698,No
14830126,No
13406110,No
16016826,No
7895626,No
17403780,No
13187854,No
9907416,No
16014801,No
22585128,No
16608094,No
16766192,No
19495833,No
7869055,No
18762908,No
14639101,No
19365000,No
17437892,No
12470007,No
22854652,No
8588298,No
21894629,No
13191553,No
9349638,No
21971866,No
22498719,No
22365961,No
16468691,No
21622639,No
19296046,No
22280437,No
11536410,No
16267991,No
17932062,No
15461797,No
17688871,No
17257035,No
18253878,No
13808002,No
21242758,No
8513123,No
16089271,No
16079592,No
8381682,No
11117078,No
11159481,No
22531000,No
20817561,No
10905750,No
11812765,No
22534351,No
16636527,No
16854255,No
9860764,No
19394659,No
12921704,No
20045173,No
16148858,No
19893746,No
9839956,No
7744354,No
16240207,No
16685385,No
10720844,No
19973057,No
8990854,No
16298445,No
15628520,No
13284884,No
16734882,No
11159421,No
21407935,No
13768104,No
23358894,No
9395293,No
12894086,No
18227811,No
8260895,No
8039494,No
21308884,No
9077468,No
17261539,No
17277688,No
22429716,No
7803611,No
23626355,No
21122789,No
21818049,No
12242072,No
9219740,No
11683095,No
10523252,No
22510473,No
20048097,No
19635242,No
8519964,No
18556482,No
18860270,No
9096611,No
22187817,No
17108201,No
10834816,No
23039323,No
20472806,No
8152702,No
21192145,No
10576550,No
21005231,No
17438636,No
8216253,No
14087348,No
9261158,No
13732280,No
18003740,No
23034088,No
18881549,No
17762481,No
10287148,No
19890800,No
7989723,No
11096648,No
16162044,No
11581676,No
18156210,No
16793922,No
19371729,No
15271913,No
23229444,No
15850437,No
19578144,No
21217227,No
21225065,No
15154776,No
17790865,No
23129818,No
11881540,No
21450544,No
23597499,No
17393385,No
17803633,No
8624548,No
20163196,No
9177602,No
15013985,No
11439173,No
17886633,No
11457359,No
19985423,No
18718924,No
8214098,No
9763980,No
21558862,No
14617532,No
23306484,No
16955315,No
10334044,No
8706691,No
21237129,No
15673150,No
7859502,No
7743945,No
17340714,No
21059770,No
10092248,No
22443799,No
23128832,No
11952597,No
12627919,No
13310103,No
11214439,No
10532750,No
7872190,No
9876696,No
15247966,No
15538030,No
20188216,No
13213907,No
20107180,No
13026215,No
15019659,No
23345995,No
11328172,No
8443186,No
17921393,No
19409109,No
12433027,No
8800497,No
18221416,No
10165962,No
9966176,No
16258146,No
17634277,No
22832978,No
13843702,No
15513586,No
16219193,No
17068692,No
9657161,No
16960160,No
17896069,No
11124913,No
8461084,No
17650130,No
17267537,No
20282303,No
10443895,No
21702146,No
21379961,No
14200300,No
18338598,No
12070738,No
17009372,No
14511135,No
16824161,No
13802618,No
16848848,No
10784756,No
9716887,No
11348936,No
9338611,No
12788661,No
12138450,No
23415592,No
13766004,No
19736426,No
10700270,No
9349961,No
20216538,No
7886104,No
9431599,No
18084282,No
13394947,No
18019562,No
20666043,No
18662485,No
18700981,No
16637879,No
10053221,No
22048510,No
12721188,No
11153443,No
19190764,No
16356562,No
16507604,No
15662923,No
15518149,No
7927465,No
7624049,No
20591181,No
12494496,No
16426870,No
8394728,No
11053405,No
16836200,No
15708048,No
11396910,No
11462199,No
16094449,No
14552333,No
17760876,No
9757673,No
17950486,No
14032890,No
12882937,No
13610074,No
23540697,No
9861266,No
14676400,No
15894767,No
21270317,No
16135059,No
13183753,No
19255504,No
11811728,No
12599517,No
22963318,No
10866525,No
10325869,No
13896674,No
16034221,No
14057426,No
7513705,No
8131103,No
9440513,No
13364339,No
10155999,No
13553894,No
21128110,No
13336196,No
12849801,No
8877171,No
15122764,No
20504383,No
19787026,No
20756210,No
18443330,No
22629150,No
14937435,No
20968376,No
18017290,No
21055898,No
21520886,No
12973273,No
10314181,No
12189159,No
18238308,No
22640893,No
9431689,No
15756224,No
19979992,No
14683728,No
16792416,No
17647774,No
18238946,No
9174450,No
16487048,No
11455132,No
11499821,No
15783496,No
20980176,No
16522899,No
12153125,No
22515190,No
19496950,No
14343093,No
20036417,No
21524394,No
16793921,No
21369332,No
20385031,No
14806159,No
10427325,No
17341749,No
19948357,No
23312568,No
8432310,No
16679279,No
12842499,No
23096659,No
21162013,No
20679638,No
13955052,No
7733075,No
20739451,No
13221971,No
9718655,No
23571442,No
20355739,No
10970260,No
21776733,No
15473310,No
20737746,No
19128464,No
17225285,No
15641713,No
22242877,No
18900868,No
14977979,No
15502835,No
7608385,No
18952705,No
7989678,No
23291695,No
7951505,No
20178833,No
23167518,No
13925343,No
21368522,No
8726847,No
23471723,No
17084667,No
19773555,No
19755205,No
9748210,No
17162859,No
12530843,No
22144958,No
20827344,No
12914461,No
8824705,No
22727064,No
9091845,No
23628930,No
15089742,No
19848793,No
21492063,No
18872444,No
11851669,No
22872938,No
16281833,No
8465819,No
12881853,No
22325977,No
9894156,No
17037269,No
18771007,No
13608267,No
17385561,No
16447672,No
10064206,No
16734545,No
13365915,No
22868485,No
8803325,No
17234470,No
23500870,No
11830319,No
17003867,No
18605851,No
19912174,No
13579211,No
19191990,No
14696473,No
13742332,No
10852735,No
19202671,No
20033063,No
10173818,No
7542986,No
9857024,No
17437246,No
23014820,No
20550109,No
12519360,No
14477660,No
11024785,No
11421969,No
16272591,No
13410489,No
15879372,No
18560621,No
19533412,No
8874067,No
18936716,No
8473475,No
22867166,No
17618844,No
21735116,No
12675810,No
20903046,No
15186619,No
20977473,No
7732173,No
13999203,No
21741332,No
23002513,No
19165042,No
14709798,No
17314361,No
17746509,No
11750841,No
13206453,No
18145187,No
10773720,No
18438296,No
12504332,No
18857975,No
7489617,No
14153905,No
16883284,No
13516065,No
13375074,No
19842379,No
14788084,No
22957567,No
22262815,No
11128337,No
15653176,No
11086969,No
21322218,No
21110715,No
10663435,No
18560119,No
8094158,No
14152475,No
12357220,No
19568724,No
18755614,No
17908335,No
10248290,No
7716382,No
22212933,No
10090980,No
8282247,No
9671199,No
18700111,No
15355221,No
16800660,No
7998297,No
22993102,No
19752708,No
20373751,No
22662017,No
20577723,No
21080763,No
22561215,No
11744811,No
17098642,No
14656220,No
7528211,No
8996390,No
18524901,No
17785103,No
10669711,No
14109452,No
19011414,No
19546570,No
10796368,No
10132786,No
15744780,No
23049712,No
18858658,No
19051711,No
12741270,No
12228209,No
16756993,No
18253547,No
8954877,No
22792466,No
10330201,No
11085913,No
21127951,No
8988386,No
22777121,No
22480851,No
20609594,No
12558055,No
15882362,No
10956904,No
15465849,No
10023927,No
15136334,No
19766601,No
22084258,No
20916423,No
23708908,No
18192008,No
23541602,No
20455174,No
19010845,No
20889162,No
7958982,No
16868040,No
19041552,No
20562350,No
8457293,No
19569942,No
7951449,No
8909230,No
17080419,No
18443073,No
22486248,No
23704328,No
15258440,No
7722585,No
10395256,No
10642177,No
18950317,No
8642513,No
15947568,No
8175406,No
13429178,No
14619227,No
19661757,No
18231567,No
19182591,No
16338397,No
21847730,No
21794816,No
18727191,No
8831381,No
13869684,No
18527667,No
11076854,No
23526726,No
15222190,No
19539999,No
23543157,No
17461435,No
11806164,No
11803504,No
23101134,No
22490254,No
7650852,No
20155515,No
23499522,No
10894625,No
8313166,No
14408055,No
11194920,No
13128909,No
15807282,No
9705452,No
11913171,No
14626141,No
18760822,No
15064805,No
9702707,No
10599438,No
12221689,No
18498487,No
11641084,No
14273988,No
9265665,No
11818025,No
8239389,No
20039783,No
8784020,No
21463619,No
17999123,No
7833671,No
12093257,No
17403969,No
13306069,No
13808324,No
18800233,No
8526380,No
15998255,No
11842576,No
11458078,No
17598046,No
13743828,No
15369178,No
18507266,No
23527132,No
20980355,No
11247553,No
7504394,No
7815671,No
13686302,No
23701344,No
20214963,No
23104434,No
11524670,No
20571721,No
16964392,No
13303543,No
9608830,No
13519820,No
21224585,No
12555498,No
21366865,No
12893971,No
9255299,No
19211390,No
7688874,No
20283270,No
20629874,No
8050540,No
9380075,No
8696895,No
15848794,No
10463020,No
11485460,No
13155611,No
23446806,No
21862036,No
8695296,No
9754999,No
19756509,No
10746882,No
22385265,No
13027573,No
19978910,No
18669617,No
20689120,No
9197927,No
18210729,No
19096173,No
19490613,No
16256220,No
15953527,No
12167517,No
9533367,No
18337523,No
21238406,No
10384688,No
19643908,No
8511944,No
20186496,No
9745148,No
15158832,No
15300508,No
10645611,No
15758703,No
11321333,No
13763071,No
13127504,No
13494557,No
15117154,No
10063829,No
14036523,No
16674220,No
20800940,No
10476689,No
15500378,No
15441773,No
22009656,No
23541576,No
8604310,No
19449669,No
10227374,No
12746067,No
22302894,No
19026660,No
16414678,No
19757439,No
9945625,No
7499026,No
10753071,No
13480334,No
12318480,No
22196950,No
13751753,No
9893871,No
16863652,No
18295987,No
9894584,No
11232243,No
14606023,No
20744907,No
19951345,No
15405793,No
17057190,No
19055443,No
14171215,No
13089692,No
14115220,No
22211632,No
20615223,No
9650757,No
20545192,No
12483864,No
20532688,No
18903030,No
11010245,No
12302168,No
7557800,No
10970654,No
17615802,No
18171731,No
21275666,No
18882338,No
22324255,No
17167689,No
9775613,No
11168005,No
14734098,No
7718574,No
11240963,No
19488088,No
9768431,No
17397910,No
18701863,No
19955077,No
19369517,No
13750265,No
21597631,No
14700216,No
21413056,No
15229905,No
17402226,No
21781112,No
18893977,No
17138116,No
13579738,No
22824910,No
13083165,No
21078468,No
12864925,No
13892324,No
11933384,No
18895179,No
9439714,No
12605563,No
18660134,No
20370395,No
18893373,No
13049893,No
17415691,No
8576705,No
14330423,No
14790337,No
11242071,No
11523574,No
11542455,No
12629791,No
13842107,No
11476836,No
12169078,No
13379050,No
13446107,No
14284290,No
13674264,No
14499321,No
15055134,No
17717983,No
20099579,No
7823537,No
9617625,No
11793051,No
13392168,No
22748007,No
19558282,No
13852910,No
20711684,No
8822718,No
7613928,No
16239011,No
8632262,No
16130182,No
17203796,Yes
23064001,No
23182236,No
20589395,No
10532551,No
17292527,No
16086927,No
20946236,No
17787495,No
13315746,No
18555083,No
11019489,No
16430163,No
15538091,No
17976473,No
11953201,No
19758700,No
14455664,No
7535346,No
20520546,No
17611228,No
11840412,No
20513986,No
11579350,No
16121568,No
8783319,No
13318523,No
19303987,No
14830611,No
12555480,No
18622749,No
20163867,No
13687128,No
19163654,No
12317617,No
10567829,No
23742436,No
10055294,No
14671731,No
9355661,No
12560505,No
11828369,No
13759991,No
13152419,No
22211967,No
14295343,No
18800549,No
19884534,No
18355287,No
15813309,No
8372277,No
8806173,No
20700997,No
8791381,No
14592656,No
10847650,No
13795549,No
12235327,No
11195304,No
22778147,No
12734584,No
21100601,No
8874284,No
20087766,No
16515156,No
15921812,No
13967201,No
16132242,No
17815364,No
20277673,No
13857361,No
16775840,No
19008111,No
14549591,No
17251741,No
15349546,No
11551760,No
16720516,No
18801187,No
22996811,No
13938114,No
18677396,No
22869781,No
21904054,No
13695396,No
16512413,No
20851031,No
11076862,No
10744818,No
20843387,No
21892586,No
18831408,No
16396286,No
18236248,No
22648253,No
16902335,No
22237831,No
19070790,No
22392082,No
18242313,No
20356868,No
14531351,No
21677256,No
16513294,No
20819605,No
22931911,No
21126855,No
16235455,No
17565798,No
19171764,No
17523785,No
22923598,No
10029022,No
15428194,No
18582893,No
20422152,No
12077388,No
11475665,No
17917200,No
21185907,No
13979261,No
15611856,No
14723689,No
12830830,No
21021148,No
17987546,No
12185912,No
17481549,No
16463558,No
18658329,No
11750875,No
16616039,No
21541509,No
20889419,No
14032416,No
14441667,No
9655537,No
8130759,No
7773969,No
11791688,No
8220675,No
12555252,No
22734677,No
9122001,No
10997520,No
19623158,No
9529716,No
8529219,No
10771325,No
9794201,No
15699075,No
8211842,No
17848209,No
11235908,No
11256190,No
8932936,No
9657380,No
16285944,No
11637300,No
12594088,No
7971329,No
20682488,No
18598387,No
19222336,No
9728649,No
18476540,No
17713867,No
16369599,No
13273919,No
23587005,No
12714659,No
9636495,No
10485593,No
17317827,No
13887760,No
7712458,No
22632911,No
16431642,No
14662276,No
15185985,No
17005049,No
15821405,No
9493498,No
14868362,No
13214228,No
17716691,No
18461511,No
10069464,No
19263528,No
11435938,No
20091531,No
15162132,No
19576354,No
10541251,No
15372171,No
19612232,No
18706222,No
22593967,No
13442640,No
12782968,No
20146162,No
21814365,No
22086926,No
21645384,No
11330250,No
17223499,No
10126568,No
12431026,No
10119509,No
9850372,No
7695541,No
10639822,No
19252727,No
16040338,No
19568794,No
19326232,No
10251108,No
9033743,No
17718879,No
17150285,No
7942254,No
12336723,No
13764676,No
14770278,No
9941263,No
9822231,No
9553030,No
18679235,No
22588340,No
15504984,No
19721646,No
18700477,No
21681651,No
12162449,No
18737187,No
12070464,No
17592734,No
20888054,No
22582188,No
20808273,No
17371896,No
14846428,No
7843802,No
19408441,No
12435143,No
18424552,No
18053758,No
23693358,No
18035442,No
9565986,No
12322576,No
15102970,No
9152171,No
17263988,No
12207639,No
10712474,No
22768909,No
21233579,No
23441394,No
19008494,No
17686920,No
21310726,No
18690974,No
13749907,No
20808984,No
9376502,No
12281635,No
23601616,No
17807650,No
13962305,No
21305609,No
19710449,No
7672659,No
23374227,No
22768831,No
8994867,No
23352560,No
15241645,No
9961819,No
12105112,No
21574691,No
17425298,No
8652808,No
11639694,No
13678656,No
10470194,No
19164356,No
19212814,No
21661430,No
18351283,No
8800072,No
19124089,No
23326076,No
20293085,No
9957690,No
13112500,No
23355123,No
9892600,No
11589971,No
11219305,No
8619633,No
20211738,No
17828124,No
22159061,No
9179613,No
10109729,No
23555465,No
22152027,No
22514435,No
22118239,No
17523595,No
19615896,No
9291549,No
14802648,No
7983717,No
14481550,No
10198749,No
7670002,No
9402826,No
18936750,No
7733242,No
7718249,No
17361600,No
20189683,No
22546574,No
17748113,No
20528318,No
18341847,No
16568541,No
16981634,No
16877948,No
9541171,No
17922369,No
20142880,No
22288175,No
10974582,No
16615393,No
15393147,No
23637749,No
12421379,No
16029015,No
15400415,No
15681810,No
20513672,No
19151004,No
17001809,No
21484444,No
11613352,No
10022984,No
10752813,No
12646930,No
16875491,No
17609601,No
22171751,No
18280773,No
15985343,No
23516706,No
23123007,No
16686750,No
19222227,No
14055704,No
14326468,No
21023530,No
9369642,No
18644545,No
10807369,No
15314434,No
18785061,No
16088879,No
19121467,No
18929937,No
13074869,No
22684496,No
9795174,No
12421840,No
17583549,No
14993072,No
22702367,No
9650651,No
14921756,No
10236749,No
17984164,No
14578883,No
9647267,No
9417232,No
16244015,No
13498882,No
10586375,No
16779926,No
22026548,No
19508903,No
16631540,No
8202159,No
22738685,No
10575489,No
20129340,No
9431115,No
16238149,No
22581716,No
19667438,No
12074416,No
18693370,No
21898903,No
17180958,No
23562495,No
10265897,No
13543977,No
20093981,No
22404663,No
11568508,No
18126199,No
8389924,No
7707083,No
21129105,No
18073813,No
21715737,No
13381949,No
11269727,No
7523123,No
21212299,No
23287922,No
10809953,No
11889135,No
17177191,No
20335231,No
18818078,No
15176593,No
17950873,No
19148064,No
10727984,No
10946975,No
18573975,No
8744561,No
17357016,No
20159860,No
18576807,No
19886031,No
12835479,No
22518705,No
19374901,No
23681761,No
7652356,No
9592395,No
13351934,No
16887282,No
20860622,No
9209571,No
9842227,No
19713852,No
22176015,No
18942558,No
21946173,No
12486534,No
11220192,No
19312304,No
12200184,No
16639490,No
16026640,No
17749436,No
9871807,No
21020497,No
21384226,No
23313479,No
16102306,No
9184874,No
17986811,No
7495997,No
8958857,No
13518903,No
22490508,No
21809209,No
13725821,No
15836877,No
18154705,No
12911408,No
11562235,No
18238354,No
17300898,No
11011703,No
14356074,No
21968913,No
19786682,No
14085259,No
19701211,No
20201415,No
8382136,No
9174355,No
19140562,No
10974949,No
12855262,No
15650982,No
8042569,No
9113192,No
23599433,No
17703546,No
9467772,No
9193684,No
22755926,No
18550925,No
12039813,No
11775877,No
18803502,No
10340271,No
12044238,No
7703969,No
11212249,No
8155501,No
14880341,No
21488101,No
15453322,No
10206274,No
12842139,No
12338442,No
17119537,No
14690401,No
22740890,No
17497780,No
18778816,No
10633523,No
7752087,No
10531541,No
18916641,No
14856210,No
16939619,No
17946892,No
8197903,No
18027570,No
13410717,No
20460459,No
20031110,No
7679463,No
10512578,No
19611268,No
17675681,No
8768450,No
19594603,No
23190009,No
19844864,No
8793924,No
12824691,No
17055435,No
22525920,No
7945985,No
19404915,No
13897728,No
9812575,No
19837977,No
22595810,No
9453641,No
23632356,No
11910059,No
20722310,No
9866507,No
16627852,No
17835999,No
13659300,No
20470494,No
19654571,No
22061602,No
12285614,No
13602946,No
9740100,No
16072957,No
20209365,No
14142628,No
14663378,No
19148471,No
10401648,No
18992416,No
16673746,No
13085747,No
16619913,No
19108885,No
18167951,No
11445678,No
18656267,No
18049455,No
9710096,No
9776853,No
16250128,No
11447139,No
17611113,No
22679022,No
8326097,No
20694534,No
12709861,No
17072994,No
17725995,No
8287942,No
8503385,No
13372230,No
16567006,No
16564625,No
18152585,No
16106559,No
14635990,No
19916690,No
20220816,No
22987449,No
20343483,No
12324092,No
14576161,No
15679661,No
9383446,No
11168978,No
8628095,No
22695947,No
17236006,No
7870736,No
10350068,No
14259465,No
18728230,No
20026049,No
23308492,No
13663932,No
10758804,No
11999825,No
16943124,No
23120528,No
23604110,No
19850720,No
8528178,No
12461998,No
12191362,No
18760045,No
19562124,No
9077014,No
19897202,No
23692550,No
13477208,No
9233564,No
23359490,No
17672350,No
11967840,No
9187999,No
7848975,No
9663052,No
21432958,No
12841353,No
17776968,No
7513172,No
22113807,No
23025113,No
7848871,No
7728193,No
10451950,No
19418682,No
23213409,No
20634879,No
10426542,No
15379941,No
12523363,No
9449277,No
10829253,No
16735215,No
10234315,No
18714775,No
20858784,No
18064790,No
23002995,No
23421232,No
8002586,No
23318893,No
13959858,No
22188603,No
17595595,No
10565311,No
15285021,No
21776877,No
16309992,No
14929834,No
7764514,No
20884670,No
12455399,No
13153260,No
8505545,No
16171938,No
9511131,No
10389081,No
10943742,No
19838987,No
21720719,No
12638825,No
18090622,No
14363894,No
10506994,No
12231873,No
21478851,No
7598565,No
21715255,No
9920242,No
10776671,No
10430155,No
19758970,No
19101841,No
10134588,No
21509611,No
14035320,No
14499847,No
11563643,No
14991891,No
19395195,No
14591412,No
14906152,No
8413509,No
14068694,No
20156587,No
15568083,No
13332051,No
13836192,No
10616672,No
14333051,No
20276385,No
14226432,No
18092377,No
21693906,No
13783981,No
18244615,No
14191120,No
13992451,No
9446114,No
14657563,No
12975080,No
21267372,No
7849596,No
16184455,No
17691224,No
17913327,No
16161566,No
22615786,No
20126503,No
23163393,No
8813118,No
23351212,No
20877616,No
9189752,No
20328598,No
15800911,No
9784417,No
11904379,No
23648007,No
7491834,No
14103059,No
20779988,No
8547802,No
13981792,No
19919382,No
17807966,No
8154222,No
7658486,No
20424209,No
14380130,No
9885993,No
12738861,No
10806598,No
20034511,No
16346053,No
9673081,No
9294934,No
17245373,No
13775244,No
15819028,No
19079554,No
9947387,No
13994002,No
16674492,No
22808623,No
12389510,No
16642251,No
20174892,No
8716661,No
21537694,No
20722238,No
11521435,No
19346369,No
12897132,No
11937722,No
19978394,No
18030035,No
12728190,No
18757588,No
22995300,No
16338432,No
10354501,No
23058067,No
11916584,No
11436695,No
13984993,No
22686218,No
8567769,No
17334294,No
11196558,No
21925719,No
22116016,No
8637365,No
9472917,No
12320807,No
12420244,No
7577486,No
19213519,No
16588212,No
23564530,No
19153019,No
10762908,No
20554375,No
23555894,No
7779955,No
14379499,No
12154401,No
18229608,No
17075759,No
21238587,No
10389411,No
13021672,No
12662654,No
11057980,No
15957015,No
13741604,No
8378172,No
11947187,No
18982265,No
16533149,No
8973721,No
14483068,No
23227529,No
13906077,No
8425130,No
15474122,No
22797831,No
15689312,No
16771144,No
12591380,No
21744987,No
20334685,No
15507312,No
19417960,No
15639332,No
8856454,No
21780700,No
19675086,No
10965666,No
7742518,No
17391272,No
22950791,No
11218372,No
23155918,No
19267121,No
12877993,No
7616307,No
8132377,No
11497756,No
13344888,No
17346253,No
21925887,No
14496308,No
23464436,No
18408154,No
18636502,No
15229280,No
17298523,No
20908481,No
16928728,No
22786528,No
17314050,No
17558971,No
21359123,No
12134611,No
18784187,No
22220513,No
9223914,No
23667623,No
22549552,No
20609408,No
14458936,No
20236799,No
13893724,No
23066017,No
23371565,No
16742957,No
19230002,No
12464808,No
15414480,No
13110528,No
12658884,No
20049387,No
14523242,No
12685078,No
14212685,No
9418184,No
19768411,No
19553949,No
10653622,No
23022598,No
13142131,No
15182183,No
13460645,No
10449719,No
19255472,No
17659669,No
19439128,No
14392023,No
18524493,No
15138545,No
20548009,No
9225951,No
19491772,No
13467227,No
19545028,No
7872506,No
16841805,No
16706319,No
17730801,No
19976720,No
10382712,No
19702920,No
13963879,No
21998752,No
8235181,No
14957205,No
16672015,No
7932782,No
13578939,No
15908610,No
8988757,No
16069552,No
20884205,No
15366353,No
12456548,No
12901405,No
23482203,No
8020975,No
19212869,No
18298099,No
12503796,No
22339045,No
8425248,No
17596826,No
19394421,No
22813357,No
15980729,No
23106941,No
18521004,No
19031320,No
12776815,No
11495478,No
9054824,No
12609426,No
10695594,No
16520707,No
17222660,No
8277846,No
9689929,No
23243589,No
16760776,No
21427762,No
12801157,No
10732275,No
13263742,No
19227263,No
18501620,No
8352388,No
17523317,No
23359051,No
23208393,No
19047360,No
13561627,No
19605999,No
23176142,No
22725833,No
11006092,No
13584384,No
14491144,No
13029125,No
17856085,No
20658257,No
8595546,No
13984778,No
16459445,No
21932079,No
11212546,No
12558048,No
13097543,No
8864838,No
20167548,No
13861666,No
9232529,No
9448691,No
22657869,No
22465856,No
8002242,No
10387326,No
18917119,No
10244869,No
10730527,No
17534104,No
17475488,No
22981828,No
19898421,No
23543634,No
14537721,No
8601332,No
23187475,No
23733018,No
7980501,No
22385806,No
15042534,No
22138503,No
9444064,No
14235044,No
17543068,No
16042698,No
13946142,No
17060363,No
8073216,No
22451465,No
15807151,No
14332347,No
16229419,No
15224387,No
14176338,No
19330323,No
11987983,No
22089859,No
19587282,No
12836957,No
9518084,No
17196253,No
22178736,No
23169025,No
13870020,No
8872440,No
15452678,No
22331380,No
14180985,No
14324648,No
13682404,No
16896522,No
9087121,No
19205395,No
11011073,No
21413243,No
7940920,No
22331647,No
20375137,No
21635411,No
15283229,No
21015048,No
9588707,No
17902248,No
23348569,No
9933290,No
16948376,No
17563353,No
19448472,No
16583196,No
13942322,No
18242854,No
22749285,No
14898375,No
23379708,No
9645438,No
15082718,No
7885636,No
13362855,No
21634282,No
13096113,No
23288336,No
10920094,No
17655813,No
22729528,No
18666635,No
18118170,No
17320039,No
20358121,No
18003308,No
13150460,No
22119593,No
23744382,No
20396102,No
22273223,No
16481174,No
14681493,No
21611133,No
9711486,No
19701295,No
16416632,No
8111504,No
16921202,No
23520958,No
10105403,No
10359643,No
16874623,No
9722899,No
12710037,No
18125606,No
13262973,No
12222579,No
18920685,No
8315986,No
13641740,No
12401398,No
17628223,No
22830518,No
16020759,No
22791736,No
18383723,No
15864627,No
10398891,No
22950958,No
18941769,No
18660650,No
9452114,No
19632580,No
9838595,No
12141476,No
8503370,No
20815424,No
14087034,No
22004160,No
18599984,No
7769965,No
22123823,No
12690837,No
12250901,No
9747940,No
16104716,No
10403098,No
14268318,No
23008076,No
10158162,No
8790624,No
11835972,No
9574540,No
16075974,No
20321460,No
11858410,No
11978844,No
16128186,No
20280209,No
16240773,No
7533673,No
22785555,No
22309942,No
20080434,No
9858114,No
10983728,No
18878640,No
15256870,No
16147828,No
15578401,No
15485998,No
16991512,No
12937665,No
11975530,No
21507669,No
18414022,No
13293626,No
16932919,No
22698960,No
13441320,No
18379289,No
19034256,No
10395554,No
22124900,No
19175838,No
22448231,No
11448066,No
7635192,No
15584588,No
11674066,No
7777075,No
8811562,No
12393134,No
19282608,No
18134564,No
10255015,No
11262593,No
21189558,No
23451923,No
11801119,No
19621542,No
19384717,No
18117035,No
15918633,No
8890097,No
15340575,No
17087826,No
19192619,No
8882071,No
22205230,No
8868887,No
10250286,No
14826680,No
9064190,No
10328930,No
12589412,No
19900170,No
17667666,No
17997310,No
12933355,No
16651347,No
20652456,No
10217568,No
17658587,No
9051066,No
18832161,No
10014916,No
7507406,No
20369968,No
18558127,No
8624238,No
10437701,No
12460525,No
11882592,No
12650892,No
14638621,No
16071623,No
12991747,No
23726418,No
9827939,No
12788918,No
22915817,No
11181375,No
20228420,No
8754846,No
18743381,No
11632585,No
19434117,No
9547131,No
20438376,No
23726262,No
8827716,No
8061928,No
13186254,No
13805239,No
9066428,No
23296261,No
15966341,No
8692750,No
9399591,No
22618148,No
21007625,No
22419437,No
20941399,No
17114648,No
18263933,No
18737634,No
18010246,No
15318743,No
23056532,No
16035534,No
9950978,No
8084286,No
14229937,No
15377457,No
18576309,No
14120052,No
8338385,No
22343528,No
20134731,No
21213889,No
13955169,No
10830045,No
10983064,No
21218853,No
23696305,No
17952976,No
18799830,No
18436756,No
8199626,No
12086071,No
19523877,No
20238257,No
10304572,No
8633351,No
9439689,No
17134434,No
14295619,No
18960865,No
20030615,No
11354731,No
9567283,No
16208001,No
21465331,No
18894894,No
8073783,No
21749530,No
18336341,No
23484480,No
19354234,No
20014421,No
14873581,No
15747116,No
9317382,No
22350502,No
21481409,No
10330642,No
16456278,No
12826355,No
16996781,No
11977629,No
17446959,No
14018738,No
10453433,No
12419931,No
14121117,No
18370110,No
14193936,No
18672056,No
10700687,No
12524120,No
20301196,No
7497457,No
20107401,No
22924741,No
22447756,No
7702420,No
21989327,No
22865688,No
19271991,No
18974342,No
13459083,No
21479403,No
23718809,No
17134609,No
21789241,No
21126874,No
21502808,No
21195851,No
17909385,No
18630156,No
12649868,No
17531607,No
11890906,No
14496119,No
18636054,No
8576589,No
15960788,No
10104532,No
17133568,No
8476692,No
14761770,No
10154478,No
17148167,No
11618335,No
17563542,No
11248701,No
9270614,No
21119803,No
23738521,No
13467965,No
10265302,No
20022287,No
11464687,No
15011044,No
12897437,No
17994000,No
13146255,No
20980236,No
12505379,No
8058710,No
8588898,No
22632708,No
12789400,No
18322870,No
10252282,No
22563629,No
21864663,No
15036411,No
12498005,No
8056036,No
8642654,No
12682346,No
8745477,No
12050366,No
12670293,No
20614634,No
16306074,No
14869771,No
23516337,No
22667396,No
15750042,No
16827627,No
12263170,No
11713882,No
14396854,No
13899440,No
22642500,No
15125506,No
14942000,No
10599319,No
21927266,No
16695130,No
14708040,No
20074539,No
20389434,No
20158881,No
17944356,No
10507047,No
11433448,No
8352839,No
8476252,No
19753525,No
22158618,No
18339297,No
21996643,No
7657257,No
16005963,No
15512543,No
11211103,No
13654147,No
13992416,No
16095225,No
17271929,No
21849462,No
15579428,No
12546887,No
16697638,No
17721185,No
15302943,No
20539088,No
10651308,No
13849151,No
20794977,No
14705313,No
19202026,No
12077608,No
9189908,No
18430843,No
14106911,No
15653372,No
7943167,No
22055585,No
17801911,No
23724999,No
16760416,No
19325280,No
16882620,No
20630050,No
23460292,No
9230123,No
23335209,No
11466924,No
7601833,No
16351491,No
9964388,No
17213185,No
8088953,No
17177225,No
21290426,No
11859829,No
10799535,No
14421424,No
7753329,No
23154538,No
17103233,No
21706526,No
10070725,No
9197406,No
18295064,No
14940209,No
16790494,No
10513793,No
10221389,No
22530091,No
12890040,No
9906029,No
19065040,No
9216910,No
15380460,No
15790132,No
11350318,No
12888767,No
11634674,No
19639771,No
21222412,No
9619542,No
14562084,No
14550895,No
10324652,No
16516878,No
23175324,No
8048891,No
8077544,No
8893601,No
8129144,No
16337096,No
20870049,No
9664182,No
11556047,No
13882970,No
20059535,No
18942819,No
18105120,No
15917385,No
8565975,No
11491414,No
10299655,No
21514799,No
12866521,No
20130236,No
19997530,No
23467424,No
9566896,No
14195618,No
8409007,No
12471664,No
19028085,No
9127383,No
11911716,No
12886869,No
10753706,No
16009897,No
23213044,No
13095689,No
15721565,No
19649404,No
15639076,No
10268464,No
21093533,No
13388900,No
8880736,No
21457634,No
8895137,No
14704684,No
17742703,No
10503892,No
9311846,No
23694770,No
16975757,No
14077255,No
11309184,No
8597162,No
22462937,No
11631141,No
10522214,No
20719860,No
17458371,No
8886595,No
23519017,No
9329888,No
18433102,No
15424558,No
12355491,No
10349780,No
16767867,No
13826016,No
22398802,No
10866624,No
13468449,No
21971881,No
19258967,No
23529862,No
20983583,No
12570729,No
22782834,No
18278376,No
9779695,No
17136153,No
20394640,No
22549730,No
20451358,No
15744846,No
17403217,No
23397564,No
13195211,No
21376272,No
21303481,No
19140189,No
21070501,No
9435524,No
19690549,No
22558276,No
8770700,No
14577190,No
16060614,No
13613878,No
23640382,No
18688901,No
18225048,No
19008886,No
21387815,No
20814829,No
22019838,No
19880378,No
10302246,No
22438689,No
13697025,No
8537370,No
8636803,No
8613194,No
15079968,No
18818440,No
8028790,No
10692681,No
22557404,No
14877303,No
13094892,No
20059138,No
19180620,No
8255730,No
7699540,No
22691555,No
21449068,No
21881721,No
17217314,No
12479774,No
23410512,No
16844305,No
22272646,No
22417020,No
14920005,No
19594253,No
20724437,No
19703161,No
21402074,No
13978530,No
16140093,No
12468246,No
20850008,No
20823661,No
10118965,No
16257218,No
11467703,No
17081252,No
15494801,No
12453276,No
10077213,No
14642550,No
8095706,No
12273287,No
13874344,No
15470480,No
19829160,No
14377903,No
16602188,No
14278932,No
18338531,No
19261978,No
17923428,No
23107248,No
17347979,No
21791389,No
23395924,No
12281730,No
16512997,No
23549982,No
15259031,No
14622820,No
11256307,No
10588129,No
18027598,No
17753455,No
22467186,No
19792825,No
20355271,No
8117112,No
10445703,No
19169176,No
17203232,No
18450870,No
15964875,No
14253336,No
11567075,No
19005294,No
9839783,No
21428943,No
10369048,No
19600755,No
19507733,No
17381200,No
16953569,No
22471918,No
16907285,No
11627374,No
22312460,No
12697694,No
14681100,No
19802959,No
17674830,No
8050531,No
12805392,No
20265215,No
10225346,No
13976539,No
15282761,No
22626396,No
9075213,No
14988002,No
10529448,No
19962530,No
14180046,No
14760475,No
12348478,No
18344648,No
12879623,No
17074792,No
17174227,No
22254231,No
13936768,No
20242215,No
20465893,No
12783391,No
22669804,No
18840660,No
12287554,No
10540694,No
12840556,No
22282490,No
14523411,No
17208577,No
14440265,No
20219477,No
15685446,No
9441655,No
10101364,No
16135911,No
21094021,No
15022168,No
20504622,No
10213370,No
14662214,No
23315727,No
8681694,No
8401128,No
9625321,No
9341831,No
22836903,No
13709917,No
13762238,No
13912049,No
13916993,No
22431374,No
14406045,No
8195939,No
10165408,No
15960416,No
12481812,No
15462396,No
22045138,No
10314446,No
19436815,No
12013727,No
9557871,No
13034102,No
13585211,No
10821518,No
17772840,No
10099055,No
17282138,No
15984413,No
10909366,No
14750598,No
10089097,No
18873948,No
17715716,No
7990924,No
13754646,No
10481857,No
11391996,No
9304842,No
21954887,No
21076328,No
19880518,No
17388592,No
15021948,No
10282839,No
18003629,No
10840623,No
18961702,No
7889486,No
21288134,No
21437203,No
23314994,No
21392725,No
11293997,No
22638259,No
19980852,No
20556201,No
10775991,No
9319990,No
18457099,No
23700158,No
15641591,No
16455641,No
22693435,No
8843982,No
23013853,No
9144614,No
20840951,No
17350946,No
17826436,No
20994728,No
13708613,No
14535558,No
15436479,No
20136531,No
19611118,No
20666254,No
19681951,No
16384918,No
11656852,No
17084817,No
14627836,No
16425618,No
22320835,No
20532986,No
12128474,No
18799509,No
19755054,No
17103659,No
22041409,No
9321087,No
17230441,No
23431191,No
9707490,No
17746112,No
15843338,No
21888599,No
18280965,No
19452472,No
7715153,No
23344330,No
17281761,No
7795369,No
8410310,No
17386892,No
11205716,No
14729065,No
20271721,No
21481499,No
20388607,No
22969272,No
22285048,No
17314550,No
16758278,No
10754729,No
14003558,No
20591010,No
11879110,No
13788925,No
17561148,No
8827433,No
9965556,No
21108313,No
22165954,No
9314567,No
21988688,No
21574429,No
18586958,No
12863052,No
22611299,No
9638562,No
17684776,No
10398586,No
8510484,No
13011134,No
15546804,No
22270972,No
10334073,No
23623883,No
13930799,No
8205643,No
19786551,No
17434516,No
16551433,No
16457206,No
18070113,No
7549358,No
15213107,No
11816319,No
9786625,No
8025597,No
11338703,No
16528763,No
22917841,No
10124926,No
23230526,No
8677765,No
9313613,No
11749249,No
13629715,No
23647641,No
9375326,No
14562002,No
13589767,No
10564606,No
18550072,No
18069183,No
11084842,No
23584584,No
20834107,No
21631329,No
7517420,No
21878639,No
11700802,No
16149941,No
17959107,No
8168152,No
9672457,No
19205510,No
22408981,No
7664746,No
23032634,No
13030947,No
19076669,No
17567556,No
21515099,No
10276856,No
12909442,No
13692586,No
7568822,No
13679858,No
12349320,No
16090054,No
19832285,No
19490743,No
15092105,No
9590786,No
18820029,No
13719560,No
14620963,No
16369274,No
17381177,No
18253918,No
16651410,No
8825758,No
13983614,No
20840269,No
12201650,No
22418693,No
9189282,No
14582473,No
7595819,No
22508828,No
18108326,No
9093139,No
11219876,No
9533691,No
10844627,No
18221248,No
18929824,No
8758739,No
9744757,No
19246321,No
9962652,No
23678135,No
22879414,No
16628528,No
17715939,No
9844400,No
9801778,No
11168658,No
9956038,No
15774414,No
22619003,No
8194815,No
7728468,No
12354376,No
19724777,No
16012429,No
8911646,No
10653827,No
19073277,No
15710800,No
11862178,No
16963735,No
21491573,No
10207763,No
19984050,No
23216615,No
15559358,No
17979347,No
13163030,No
20860925,No
16496355,No
16727320,No
19956811,No
20134448,No
14243961,No
13451078,No
15401528,No
21071472,No
10736766,No
16589277,No
23704544,No
13799858,No
9448239,No
19242148,No
20108063,No
12407995,No
13889656,No
9496215,No
13209209,No
13542900,No
18000210,No
12289512,No
15652434,No
12416209,No
9935322,No
14838207,No
23053209,No
10390108,No
12180217,No
18785773,No
9671487,No
8613755,No
22922537,No
19433094,No
21396172,No
7757313,No
18836851,No
19452122,No
16347549,No
7548920,No
13461939,No
8025578,No
8952937,No
11349872,No
21160212,No
7726392,No
9847722,No
14312427,No
16860486,No
16361908,No
9032468,No
10882476,No
21762722,No
9641204,No
20584369,No
21668998,No
10209685,No
11646741,No
18926051,No
18353024,No
15111406,No
19264546,No
12928498,No
16118609,No
22356541,No
15434023,No
15814978,No
11586492,No
17759552,No
7939804,No
22112368,No
8069480,No
18942613,No
18788327,No
12239691,No
15535467,No
18832135,No
21353523,No
21071471,No
7757813,No
18942073,No
8388725,No
22852316,No
21056589,No
19103775,No
11809897,No
14943319,No
12115083,No
21051094,No
16721343,No
11097616,No
16251391,No
18804020,No
22608009,No
14403777,No
11729765,No
22555240,No
14432784,No
14342118,No
13309977,No
11183668,No
10096186,No
13479595,No
9684385,No
15450600,No
21496514,No
11994165,No
14060217,No
21214144,No
12366533,No
11391598,No
21281242,No
14304167,No
12364949,No
19638953,No
14655803,No
21925119,No
23640252,No
15576073,No
22972126,No
17440705,No
16055782,No
13485836,No
13528624,No
13202344,No
9330320,No
7617783,No
18423517,No
17169050,No
12698350,No
11601948,No
10939626,No
9612485,No
21128977,No
21184674,No
22268124,No
17618798,No
10829328,No
9592223,No
18124376,No
15485315,No
17559349,No
17031420,No
9177622,No
9709288,No
14505188,No
18101510,No
21825431,No
14837531,No
8380606,No
7775174,No
14877653,No
14500258,No
8341820,No
19257865,No
20056509,No
14824941,No
7936622,No
14468602,No
23218617,No
20097367,No
9009001,No
7944547,No
15741291,No
12996272,No
7775763,No
21847692,No
11250878,No
21493044,No
20503487,No
8670937,No
10068685,No
17266401,No
17364443,No
20883235,No
7900869,No
10742818,No
22592453,No
17468953,No
20036239,No
10226238,No
17074194,No
21379288,No
10877569,No
11634668,No
12885927,No
16189311,No
16327016,No
11218367,No
9793570,No
21594071,No
14968931,No
8796082,No
9374347,No
13512997,No
14215950,No
10262665,No
21254563,No
22444525,No
11740448,No
15202628,No
19988462,No
19148142,No
19234816,No
12306910,No
11494212,No
13462405,No
17613576,No
18680832,No
19717772,No
7985229,No
23355170,No
9537586,No
13609361,No
13071858,No
17533845,No
23048515,No
21417592,No
20302263,No
17802820,No
19631236,No
17615030,No
12680502,No
15674265,No
20712939,No
21004753,No
14383775,No
15512213,No
23342301,No
23310298,No
12919900,No
10279533,No
15554209,No
23439619,No
14484821,No
13706258,No
9269934,No
23075506,No
17453865,No
15906653,No
15838667,No
23601839,No
7540951,No
12811646,No
10899028,No
18387370,No
10161485,No
8847142,No
13310740,No
10475668,No
21173308,No
20298582,No
21310216,No
19087295,No
17741040,No
17891517,No
10561517,No
14298277,No
13240561,No
23402392,No
19341063,No
21298183,No
18104307,No
15629407,No
9771148,No
21210228,No
22892252,No
18999216,No
9321831,No
16480897,No
17904475,No
9880121,No
14631568,No
20091386,No
22398816,No
22887127,No
21345307,No
12724690,No
22621812,No
20519222,No
18214158,No
12170326,No
12109050,No
8766094,No
20556037,No
23337927,No
14961792,No
9425455,No
16077215,No
11782290,No
8247584,No
14164507,No
19915782,No
15182598,No
13355951,No
23136830,No
22825869,No
20823117,No
11926043,No
17150466,No
12486080,No
13615129,No
17810809,No
18445883,No
17074864,No
15655480,No
16142525,No
21799258,No
20283798,No
10140303,No
9603543,No
19374425,No
21227974,No
8433784,No
22961690,No
11394231,No
13765108,No
9644801,No
8920976,No
22619254,No
9019655,No
8588868,No
10750759,No
9274585,No
19741958,No
22906259,No
20465279,No
9417910,No
7750525,No
21682261,No
22322764,No
17492471,No
21892319,No
8032553,No
20427102,No
21502968,No
9030775,No
9214909,No
10892336,No
10803489,No
7695526,No
18696626,No
11317869,No
7743846,No
9574951,No
11115494,No
23418425,No
20950444,No
12746488,No
14881956,No
12491731,No
17938126,No
8334137,No
21517462,No
14741642,No
23369268,No
14952977,No
23584070,No
23240660,No
9745549,No
10497762,No
13951995,No
10213870,No
8621622,No
7801354,No
15968896,No
9579421,No
17644688,No
21825463,No
22195364,No
14580114,No
10835628,No
22466623,No
23121266,No
16422916,No
10857060,No
19862372,No
12637329,No
20309531,No
8823307,No
20113231,No
21244497,No
9232356,No
7952827,No
17688563,No
18720481,No
23062756,No
22995522,No
12294064,No
12278222,No
12255815,No
22783297,No
12643827,No
20945280,No
20605483,No
12082078,No
12770390,No
20771107,No
21697112,No
17237669,No
8688275,No
20462735,No
13770037,No
12233700,No
16745242,No
13296209,No
13531558,No
21510525,No
16516511,No
11503321,No
9454432,No
9587895,No
9078394,No
23453063,No
12187010,No
8655401,No
9503733,No
13928687,No
22430369,No
20817680,No
8469502,No
14891043,No
11437461,No
17323291,No
9705917,No
20028824,No
16797148,No
12561268,No
15299326,No
21428129,No
8185849,No
23099992,No
18637586,No
22988687,No
15009368,No
16345246,No
13235324,No
8101565,No
22750276,No
12773939,No
11332893,No
21938531,No
9176953,No
13736817,No
16799120,No
12269966,No
17956098,No
19653673,No
21648042,No
18129477,No
20715789,No
23607071,No
17302846,No
19292307,No
20351528,No
15665775,No
18247370,No
7796688,No
15822462,No
14705389,No
18768551,No
13403520,No
13788483,No
21198549,No
19119832,No
20859662,No
11277520,No
15763280,No
16035117,No
12812215,No
18689544,No
12010862,No
18640808,No
9614210,No
23743423,No
12234341,No
15466399,No
15460480,No
14946922,No
9760981,No
11868085,No
19541078,No
17292495,No
23390068,No
21459068,No
18319406,No
8382205,No
14664134,No
8954442,No
11149387,No
14470237,No
21202762,No
23605117,No
16179586,No
19394593,No
12354122,No
13322737,No
21999039,No
19117126,No
12075876,No
22089479,No
19764885,No
21234039,No
16592761,No
11553019,No
13176106,No
22583088,No
11999744,No
16384341,No
16830990,No
14311342,No
20072943,No
22743192,No
18954368,No
9708518,No
20387563,No
18399051,No
21331279,No
17171851,No
17131483,No
13368689,No
14783574,No
18358475,No
18522447,No
10090402,No
19582239,No
23723770,No
19524127,No
17728053,No
21939123,No
22486653,No
8249825,No
18854262,No
8578892,No
15606140,No
20665938,No
11538327,No
18965582,No
23016670,No
21631875,No
16357934,No
11540759,No
20088341,No
15275474,No
10567639,No
23106969,No
23017093,No
13266168,No
23353617,No
16341340,No
11883177,No
19443828,No
8544397,No
15973499,No
22456468,No
14656318,No
16852002,No
16407519,No
20183042,No
9875281,No
13118604,No
7823883,No
17961920,No
10448328,No
13128219,No
13008627,No
8569862,No
18513268,No
14427135,No
14454220,No
19630984,No
15556914,No
22078755,No
9521432,No
16254883,No
19746273,No
16068050,No
14526233,No
8797554,No
21262477,No
12684756,No
10832257,No
9317971,No
22002267,No
7879358,No
20365706,No
14454796,No
15307505,No
14703977,No
15604524,No
21193319,No
11831766,No
17443937,No
15180224,No
16809057,No
10966548,No
15290195,No
9141493,No
22555348,No
21690959,No
22842823,No
14107295,No
19517787,No
22775412,No
11244162,No
21450014,No
9073115,No
14343349,No
12029368,No
20505288,No
14704260,No
8078021,No
12572048,No
17912275,No
9133024,No
15931413,No
12547705,No
10218023,No
16710891,No
17718809,No
13143185,No
15380928,No
18016622,No
11794913,No
17249522,No
9116656,No
9370441,No
13536785,No
22098888,No
19554053,No
18047267,No
15802845,No
10114974,No
12117211,No
21515207,No
16159881,No
12282813,No
19701754,No
7897235,No
22594087,No
11847792,No
19887587,No
21618726,No
16411568,No
16017905,No
20920241,No
9274386,No
15030203,No
18320076,No
9610311,No
8430607,No
8091435,No
22368397,No
14117715,No
9961630,No
19165878,No
10393057,No
8335975,No
15924300,No
18284813,No
12556007,No
13383482,No
17561001,No
11761924,No
11677566,No
7654110,No
18752506,No
15933026,No
10628452,No
16807558,No
12729479,No
9357456,No
16530151,No
20906443,No
16976154,No
12765485,No
17951495,No
15077316,No
18119517,No
11056352,No
17584667,No
17201279,No
13940387,No
19155463,No
9539409,No
21296181,No
14430977,No
9696754,No
18731072,No
10879110,No
20242356,No
12658030,No
14573568,No
20500058,No
13457706,No
21203572,No
18940153,No
19797844,No
21239901,No
21839807,No
23011693,No
15652584,No
13826282,No
10572295,No
8554017,No
21640471,No
21989624,No
12296693,No
15809440,No
16888423,No
18253936,No
12732087,No
20258886,No
7960077,No
17278288,No
12177904,No
12662375,No
22566558,No
13764784,No
11011111,No
8569088,No
20201941,No
18183876,No
11675938,No
12273998,No
22771425,No
21016145,No
22208703,No
14949610,No
21274952,No
14375463,No
19662050,No
18694545,No
22375432,No
13612161,No
12946703,No
20929411,No
9158726,No
13536702,No
14473742,No
7993806,No
10314413,No
14835621,No
18186943,No
18705524,No
13401165,No
16845943,No
13248280,No
7552968,No
13669519,No
17146509,No
17636732,No
12143666,No
13738847,No
16676575,No
20501376,No
18073214,No
7820430,No
21355087,No
23625911,No
12419209,No
8892917,No
17525923,No
17054011,No
20892896,No
13682537,No
20357803,No
14397948,No
10372062,No
18824478,No
7702909,No
19662542,No
17875652,No
23719567,No
23011102,No
19086246,No
20802703,No
13449605,No
9293523,No
20266860,No
15823709,No
16860511,No
17242725,No
10846651,No
7792795,No
21873522,No
19304388,No
11262739,No
7555546,No
21352795,No
10283569,No
18737536,No
11355084,No
21458262,No
9295753,No
17867133,No
12662265,No
16005899,No
8295685,No
23350672,No
9463397,No
11383223,No
15611649,No
11302800,No
19599999,No
7561550,No
8453306,No
23495700,No
9942950,No
7648639,No
23299887,No
23364533,No
21488263,No
12620334,No
18442601,No
17009632,No
13641687,No
23257063,No
14974360,No
9672959,No
21221202,No
9512292,No
12444021,No
20794467,No
10820398,No
8278472,No
21450013,No
15038506,No
17617508,No
18480405,No
23366267,No
14355088,No
20031005,No
13647877,No
20784338,No
11310136,No
8946083,No
13870518,No
23198559,No
21499966,No
12543409,No
21743417,No
13603155,No
8054773,No
13602740,No
14137568,No
19831463,No
18720314,No
14745086,No
15599757,No
10029539,No
13319023,No
16761392,No
9357675,No
10992438,No
14549276,No
21053910,No
13821992,No
14349886,No
10146894,No
9234552,No
8655773,No
11704628,No
20732154,No
14919639,No
9506779,No
14326360,No
15580723,No
19947373,No
11873904,No
20388815,No
23457283,No
16990752,No
20886565,No
20307856,No
21589607,No
22747913,No
14688388,No
10462877,No
10055080,No
10407072,No
20788215,No
18705076,No
14224234,No
15625472,No
21897538,No
10393320,No
9048522,No
14188977,No
21941197,No
12546466,No
10431321,No
9019067,No
10681578,No
13502463,No
10705786,No
17582459,No
14509526,No
17971430,No
21079990,No
8933138,No
22484237,No
23219655,No
10503275,No
12292569,No
12262061,No
19636161,No
10324106,No
14568872,No
18867201,No
21414243,No
13853957,No
21119159,No
22542973,No
16371994,No
21612617,No
12903249,No
8829425,No
12996246,No
23119337,No
16714421,No
9358838,No
8269284,No
14456794,No
11212735,No
12614964,No
20211059,No
20238759,No
8662401,No
11056400,No
16162946,No
23309747,No
9828960,No
15672089,No
12810047,No
19217940,No
9476497,No
14765979,No
21048643,No
8759164,No
10237636,No
8241159,No
18327731,No
8372396,No
14136209,No
22796387,No
12035776,No
23399030,No
15266051,No
20276425,No
11173879,No
13860377,No
23179155,No
21198474,No
9740631,No
8784211,No
19534899,No
22301618,No
11952327,No
9022288,No
21549365,No
12907686,No
17745955,No
23055054,No
7728498,No
22572502,No
8089080,No
8332515,No
11474064,No
9386571,No
16379833,No
12384613,No
10169200,No
19085201,No
14961446,No
10517596,No
14456137,No
17616268,No
18158331,No
12007985,No
23403525,No
17791771,No
9315743,No
18039588,No
17957634,No
16952429,No
10727942,No
15487613,No
13524805,No
20447441,No
12626833,No
16342244,No
18649629,No
20170282,No
16018713,No
16228675,No
20483575,No
16609120,No
16963362,No
9759335,No
8322517,No
12481678,No
10948551,No
19070305,No
18365630,No
15043083,No
11075751,No
13594343,No
17784243,No
19802996,No
15938372,No
18796912,No
13156608,No
9002707,No
7531905,No
23523131,No
19688869,No
7681897,No
11861010,No
10129071,No
11316090,No
22285776,No
12032163,No
14080787,No
23341051,No
15334599,No
16748904,No
20440823,No
22551966,No
23270181,No
10240928,No
22064798,No
20439586,No
14074589,No
15676074,No
8585323,No
21312592,No
23550368,No
13453866,No
12666061,No
10054338,No
16888739,No
10838267,No
17443741,No
11565923,No
9344068,No
11035941,No
11003302,No
7935884,No
19079284,No
18977490,No
17163857,No
17321851,No
17753776,No
12861531,No
18721140,No
12600890,No
13715946,No
19394884,No
15980582,No
15564819,No
7756786,No
21954471,No
9539793,No
19744667,No
17771159,No
11545315,No
13005587,No
21126745,No
20214748,No
11781742,No
13468933,No
23353429,No
9024205,No
16811833,No
12396464,No
20616276,No
17048654,No
18510607,No
20004311,No
10403875,No
8197709,No
16724214,No
16317586,No
20362472,No
20310138,No
14272975,No
9218480,No
18301643,No
22913483,No
7636569,No
22079778,No
15363806,No
13316546,No
12697549,No
14812446,No
18870890,No
10326881,No
16940449,No
10935956,No
11487374,No
7527208,No
22416561,No
21443515,No
11897924,No
17148986,No
20484431,No
20409741,No
11452684,No
20486139,No
11399643,No
8018206,No
16960252,No
10142954,No
14330546,No
14341804,No
16587349,No
10733370,No
12151829,No
10920208,No
15050746,No
13898219,No
20067311,No
8226140,No
13998774,No
17328479,No
8769915,No
11591324,No
13269736,No
8035813,No
17155486,No
17099730,No
10447668,No
11079391,No
12383363,No
8132385,No
17529786,No
17427058,No
14813555,No
20682295,No
12277916,No
15854291,No
15538136,No
19349888,No
13357843,No
17595141,No
17919744,No
18761560,No
18096855,No
18344299,No
7771388,No
21177467,No
13686180,No
18680655,No
11866941,No
8084377,No
8251442,No
11005026,No
18737732,No
17244419,No
10205457,No
14799230,No
9302038,No
13961579,No
16592653,No
13345811,No
15381360,No
7536561,No
21478803,No
10165707,No
7613347,No
17390672,No
19059476,No
16494278,No
10334618,No
21751567,No
8058052,No
8438241,No
23062155,No
8576916,No
20562844,No
15045485,No
11357770,No
16514834,No
14981281,No
20978492,No
17857408,No
14436266,No
17826883,No
14528677,No
10767385,No
16325800,No
14005071,No
22513321,No
23653150,No
11239128,No
10999304,No
17534936,No
23607109,No
8175121,No
19920672,No
8427195,No
10176782,No
19356763,No
7848731,No
8038749,No
22471491,No
9756835,No
11897757,No
9239686,No
13881183,No
20424224,No
21221416,No
11495264,No
16732299,No
15613090,No
8695088,No
20573724,No
13826583,No
18376941,No
16032676,No
16852274,No
16584759,No
7773067,No
18818529,No
20175953,No
20630074,No
21906524,No
21832061,No
19062408,No
8221902,No
9970225,No
15844232,No
9390373,No
16369534,No
16676345,No
15350594,No
21821731,No
15775832,No
20292168,No
10712640,No
19875101,No
8860825,No
14989778,No
9665218,No
17782337,No
17063068,No
10605792,No
13021399,No
8046904,No
14640915,No
14637144,No
16096533,No
23068200,No
14384486,No
23751547,No
22501782,No
16648008,No
21820522,No
22669941,No
9720251,No
22866288,No
22644904,No
17220948,No
9969574,No
17495105,No
21165109,No
20148609,No
23635371,No
19367874,No
19831430,No
14381693,No
13182641,No
22150448,No
7773869,No
11733483,No
19507226,No
21816772,No
22519689,No
23389649,No
19176848,No
10527442,No
13306692,No
20773830,No
20260389,No
18120050,No
10496433,No
19167814,No
12442108,No
16020925,No
8739871,No
11632606,No
22714934,No
15273729,No
21021516,No
15336264,No
8141245,No
19059664,No
21867250,No
12944361,No
18094977,No
14959258,No
10660115,No
16030572,No
16887566,No
17449558,No
7652860,No
11336114,No
20676919,No
12462636,No
9486061,No
8622012,No
18269354,No
11942434,No
22188001,No
17288375,No
10699822,No
23156386,No
15118519,No
22179881,No
10498603,No
10603679,No
12971748,No
13229865,No
12508515,No
21429303,No
23634965,No
8623821,No
17888288,No
18659572,No
15255814,No
9930071,No
14428757,No
10001345,No
18777612,No
13695009,No
10740613,No
21839041,No
15123487,No
9070622,No
19410014,No
16508881,No
14667442,No
12967741,No
18349465,No
13510904,No
21032911,No
8898961,No
20165419,No
21346814,No
8524146,No
16663322,No
18090256,No
15228958,No
11970635,No
14003011,No
8887604,No
10966571,No
14841858,No
11251627,No
9759169,No
12517534,No
11082441,No
7807690,No
11067877,No
17007152,No
15405794,No
16760160,No
16836743,No
9059259,No
18751941,No
11634040,No
13901181,No
17642934,No
15627124,No
17793016,No
17782321,No
18700366,No
11168084,No
16107955,No
20260194,No
16574576,No
16862639,No
9569166,No
8386521,No
11809352,No
10680440,No
17327772,No
12311989,No
10081001,No
18760940,No
12221994,No
8472425,No
15558709,No
23578312,No
14657236,No
20731919,No
7542185,No
17271939,No
8994285,No
7772569,No
9720192,No
10699497,No
10902344,No
9714661,No
22551044,No
9832367,No
18654160,No
11902449,No
14721746,No
23252392,No
8257176,No
17197880,No
23322260,No
18616601,No
16129461,No
11979285,No
22119703,No
17551386,No
20802827,No
18454876,No
9076059,No
10512745,No
19150652,No
18231120,No
20468004,No
23574262,No
22301081,No
14802287,No
23476442,No
10542038,No
7526623,No
10125704,No
7890417,No
16949764,No
20411864,No
20058120,No
18688274,No
20136080,No
17547007,No
21154747,No
16264541,No
13569743,No
19777617,No
16305915,No
8538958,No
8851078,No
18526249,No
16217203,No
11123435,No
20133292,No
10344493,No
16737192,No
22975996,No
11659584,No
16831325,No
17189629,No
18700266,No
12032833,No
14096029,No
19801035,No
13217830,No
22128782,No
11498059,No
15205579,No
9522375,No
14359130,No
19059238,No
18053901,No
15067571,No
18328867,No
18327999,No
13825056,No
11170235,No
13612770,No
7942212,No
19947301,No
11696606,No
14991866,No
20085465,No
23673081,No
7879257,No
12617460,No
15799193,No
8700475,No
17978510,No
23162573,No
21617443,No
23124645,No
18842686,No
7957244,No
18213170,No
21210030,No
10311577,No
10543655,No
8456704,No
22690912,No
21120191,No
10664398,No
22714085,No
14570670,No
9749634,No
16025564,No
17114624,No
18023725,No
16578559,No
10495433,No
13886356,No
21601731,No
22312390,No
13095735,No
13288665,No
15494686,No
10881210,No
18447732,No
11238183,No
8249323,No
16983145,No
12243991,No
14219403,No
12951527,No
21542930,No
14376436,No
7825754,No
13490215,No
22469727,No
10802462,No
19772507,No
21987624,No
11359887,No
22577207,No
13371728,No
13243531,No
10917553,No
18503608,No
10091546,No
17815710,No
23051418,No
10926811,No
19331462,No
14482635,No
12723271,No
14900610,No
9967801,No
21975982,No
10750482,No
18091665,No
10531581,No
8678282,No
18245646,No
17089437,No
17095455,No
9998324,No
19018304,No
12156733,No
9378152,No
19598393,No
19007540,No
14416827,No
19707781,No
18355039,No
10681018,No
18042643,No
11126994,No
15342408,No
16692079,Yes
20845480,No
9786010,No
12816695,No
20170457,No
19344413,No
21148340,No
22411503,No
11166688,No
11153303,No
17388048,No
17392226,No
17638033,No
9154578,No
15982743,No
9509750,No
8519106,No
8990514,No
18856700,No
13537879,No
15756454,No
12367995,No
22206378,No
10891435,No
13240435,No
17160765,No
21833472,No
16548101,No
13370235,No
22262981,No
19620271,No
14305926,No
18849631,No
23498031,No
20825687,No
21802298,No
15886400,No
19078049,No
18758541,No
16269947,No
23053247,No
23351493,No
22802211,No
17120776,No
14250039,No
7937950,No
17605458,No
22853133,No
13591879,No
8738485,No
10871710,No
12973685,No
18171852,No
15496211,No
11870907,No
11850845,No
14628831,No
15362269,No
12905619,No
12287592,No
22196336,No
21213318,No
13971882,No
10259051,No
22551009,No
9410721,No
10619550,No
18173460,No
22491482,No
7751731,No
7571066,No
13510782,No
14312404,No
20634610,No
12082047,No
10469142,No
8686199,No
17253167,No
11838507,No
13162681,No
8437868,No
17103653,No
15771502,No
13216737,No
10742704,No
7839094,No
11374981,No
7632633,No
7563440,No
16727942,No
12833194,No
15238633,No
21259421,No
14193219,No
13152185,No
9298563,No
7975550,No
21071446,No
20037345,No
13822696,No
18698470,No
18692950,No
12964035,No
13035497,No
13753786,No
11525074,No
20774932,No
17635573,No
12070043,No
21912312,No
9274960,No
15619357,No
8596386,No
14954609,No
17638581,No
9522435,No
22248650,No
20654219,No
15618961,No
13631122,No
21742092,No
23503278,No
17201089,No
8603404,No
12593194,No
20325168,No
17816849,No
9769538,No
21067698,No
18929022,No
19905758,No
13231534,No
15934723,No
18511587,No
20848094,No
7530576,No
12586320,No
23103392,No
10625986,No
21917068,No
8467294,No
23581310,No
8461110,No
11257404,No
21137582,No
7751775,No
19047871,No
7706656,No
16976488,No
7855971,No
8821723,No
13661762,No
8788537,No
16587535,No
9888288,No
11728831,No
9747435,No
17921593,No
12431376,No
17918080,No
11343022,No
23329865,No
22917433,No
12602239,No
9935073,No
21559787,No
23198594,No
19541730,No
16888253,No
20906549,No
7858354,No
14215455,No
9680306,No
8958442,No
16688023,No
13203111,No
21180132,No
10519658,No
15135734,No
15310608,No
19797034,No
7923827,No
12174653,No
22905196,No
20676597,No
16890331,No
15416913,No
8238835,No
17635666,No
12183173,No
14567263,No
10373743,No
22014054,No
19620835,No
11077020,No
19035175,No
12298274,No
11130044,No
14028169,No
12476915,No
10873806,No
9412028,No
10380887,No
9697164,No
22398208,No
12465656,No
10438029,No
11252086,No
21253526,No
22787280,No
7974184,No
8549457,No
17274050,No
22177969,No
9887682,No
8667380,No
7490741,No
7563431,No
9664694,No
9443083,No
8158420,No
23656995,No
9076834,No
13253151,No
20211118,No
17633270,No
16909930,No
22470874,No
9597338,No
17116849,No
15618509,No
9127329,No
8336641,No
19197250,No
8136275,No
12988486,No
11000063,No
21109514,No
7532170,No
22003235,No
20191823,No
11924839,No
23302680,No
22583946,No
23555552,No
7798334,No
10245940,No
17614976,No
23574359,No
20080223,No
20872004,No
10652258,No
19137069,No
13245461,No
16456332,No
21164885,No
13471746,No
13562590,No
23602614,No
11347163,No
22555228,No
7659726,No
20083023,No
15049926,No
10822658,No
20792465,No
16648301,No
19858470,No
20155174,No
10639159,No
11296296,No
19809714,No
16350866,No
21084990,No
12397841,No
17872757,No
8001557,Yes
14522919,No
11735120,No
14358051,No
18090378,No
15389492,No
17206204,No
16428223,No
20017492,No
14024129,No
8914200,No
20566265,No
8688181,No
18599363,No
22069925,No
16127859,No
18981825,No
9538775,No
15342601,No
22981188,No
16122372,No
22897900,No
9651879,No
7834093,No
10692274,No
20082600,No
19226751,No
8868007,No
21639532,No
18015624,No
10424279,No
18965968,No
22735221,No
17442977,No
11731020,No
17783613,No
14587840,No
18691815,No
13330378,No
11782496,No
23755050,No
15726284,No
11945234,No
8999827,No
10856111,No
12145152,No
23484885,No
11613406,No
10197974,No
16490689,No
17702735,No
13672144,No
20710330,No
11978452,No
8837643,No
17499449,No
17628877,No
13814637,No
23669660,No
16069781,No
11439283,No
11604178,No
11149305,No
10830376,No
14880827,No
13647320,No
12626815,No
19510812,No
13718610,No
19942252,No
22244957,No
14682784,No
22907073,No
23549654,No
17957393,No
16206504,No
21833302,No
18948115,No
22753139,No
16764296,No
14829090,No
13829223,No
14205192,No
9839153,No
16936864,No
22933238,No
23146006,No
7564143,No
23424945,No
17392681,No
19191726,No
16362922,No
14088525,No
10985974,No
18686216,No
20584316,No
11912040,No
16907817,No
7733587,No
15241830,No
16586117,No
17984793,No
16486631,No
20242929,No
12976584,No
18448833,No
16133111,No
14323763,No
10908749,No
8764072,No
11333141,No
17663850,No
23548859,No
20032709,No
18529379,No
21540906,No
19439874,No
9928787,No
16811094,No
23389923,No
19030212,No
19294420,No
14025722,No
8140794,No
9386400,No
12379812,No
11986404,No
21634403,No
13619648,No
23443574,No
10528968,No
16040601,No
23479042,No
8467905,No
22506632,No
18189814,No
13018778,No
22274620,No
13848256,No
14178787,No
23732552,No
15911248,No
7475600,No
19836832,No
13800586,No
8303024,No
9447374,No
17833198,No
15240957,No
16245041,No
19217821,No
9143480,No
18035477,No
12253110,No
15579660,No
14203892,No
11129001,No
10819031,No
8731727,No
14220517,No
22813769,No
20499300,No
12022797,No
18111884,No
21882926,No
10492545,No
19916685,No
9415079,No
17737555,No
10818922,No
15148346,No
18272850,No
10236689,No
20499441,No
11639235,No
20311598,No
16926530,No
10796382,No
19830439,No
12567019,No
22766043,No
21785904,No
19766212,No
13180743,No
22247030,No
15006523,No
12777054,No
18898067,No
19361052,No
8012598,No
15364566,No
13976111,No
12973038,No
20350169,No
8645248,No
8415471,No
21899527,No
17402568,No
11531233,No
17020824,No
13603613,No
15500210,No
11809445,No
9630622,No
12020219,No
13075529,No
19772410,No
14420547,No
12645876,No
15701665,No
10883176,No
18434122,No
14274183,No
22040946,No
17500255,No
23049634,No
17371902,No
16723037,No
18904579,No
18581024,No
16232228,No
18319316,No
20498469,No
11993079,No
17892415,No
12333365,No
13272564,No
20425609,No
17464458,No
14741697,No
23073472,No
17569056,No
16007331,No
9672084,No
9749451,No
15723775,No
18380119,No
15325817,No
17775812,No
8139349,No
16999381,No
11612870,No
18258021,No
11122070,No
12166869,No
12271956,No
18877022,No
13810473,No
19874061,No
16732956,No
9866889,No
20497249,No
16332110,No
12377144,No
12430844,No
7542961,No
21866834,No
18372820,No
11090999,No
11499211,No
9126695,No
12498193,No
12843944,No
15479642,No
18528617,No
11960731,No
21631454,No
8179241,No
7506198,No
8884202,No
22132259,No
19461513,No
8588385,No
23220711,No
15004090,No
20397703,No
20503720,No
10740401,No
20936100,No
8234232,No
9737822,No
14677290,No
14352719,No
16776455,No
8804995,No
8328449,No
22968199,No
21161256,No
18313149,No
22971639,No
14028748,No
11700507,No
14642976,No
12084108,No
19612415,No
9305705,No
16864133,No
12623854,No
14354892,No
14303875,No
20388043,No
18959438,No
23561902,No
11912481,No
10088728,No
19513219,No
21409899,No
21356045,No
17125369,No
12772171,No
23470282,No
16279597,No
13857442,No
7836561,No
18295594,No
21621022,No
9742869,No
19828983,No
23735194,No
15314523,No
10761439,No
20184597,No
23312517,No
23514717,No
13225984,No
14348705,No
14077689,No
19435929,No
16443394,No
21828887,No
8334464,No
22823925,No
8959939,No
14423492,No
19266881,No
23118415,No
21221258,No
19593101,No
16545760,No
21513610,No
12383912,No
12893248,No
12202611,No
19808726,No
21901570,No
16982497,No
17968891,No
18719106,No
10732848,No
11833408,No
17628712,No
18333818,No
22557456,No
19901725,No
15877819,No
19634017,No
9677442,No
16926297,No
11137072,No
12926719,No
11615322,No
15105987,No
9629692,No
22643257,No
16351249,No
12457956,No
9251123,No
23388818,No
15863667,No
9234388,No
19301584,No
16167407,No
11085659,No
23690924,No
15045436,No
18340202,No
8886773,No
9186449,No
15980690,No
13386318,No
14222595,No
11372031,No
8667008,No
12163404,No
7661428,No
13267009,No
22273551,No
9494087,No
15538914,No
14952306,No
9422974,No
20953065,No
19444092,No
13927035,No
14638720,No
17767503,No
18843462,No
16781928,No
15274547,No
19848166,No
21399826,No
9645289,No
22961208,No
20253620,No
21450950,No
18635415,No
22034714,No
7619218,No
9889908,No
16906605,No
11203155,No
17272305,No
8867486,No
11040357,No
21960514,No
11528275,No
22273674,No
9686198,No
18865593,No
15884522,No
13408764,No
8902827,No
10942990,No
8834693,No
22576765,No
9423647,No
11306591,No
8688767,No
10042774,No
9703022,No
8670222,No
13096051,No
22948467,No
14835058,No
8219418,No
14947630,No
22171768,No
15693531,No
17347280,No
18103510,No
9182700,No
15529115,No
8329312,No
21660764,No
18190958,No
12584138,No
23478470,No
17167790,No
21569618,No
7957381,No
8292772,No
16667038,No
15418022,No
20873390,No
9257558,No
13662145,No
13845646,No
8201965,No
15477195,No
19762449,No
14056576,No
14259762,No
22546988,No
21582304,No
20723681,No
19899772,No
8146975,No
13883364,No
20002976,No
18823832,No
23009517,No
14375623,No
21352065,No
11552110,No
13885277,No
9745377,No
14172605,No
12613676,No
11271554,No
19845573,No
21419077,No
13712157,No
12050868,No
16156283,No
13797286,No
7934525,No
10491793,No
22736141,No
7643678,No
16008469,No
16778846,No
18513303,No
8703021,No
9681634,No
10090343,No
23600290,No
19059047,No
11956140,No
12862278,No
9015969,No
13981580,No
22048663,No
12255365,No
11284821,No
21845945,No
13334967,No
13049665,No
17645576,No
10721217,No
10029743,No
16994872,No
22067676,No
13959213,No
7490174,No
16673476,No
9236081,No
21156245,No
22589631,No
23597831,No
10098784,No
23064669,No
19434314,No
9810714,No
9321281,No
8683770,No
10281797,No
22881328,No
17225230,No
21779071,No
9880959,No
23462692,No
10288958,No
8260671,No
19863138,No
17460568,No
8062032,No
19562181,No
13140235,No
20258057,No
13963448,No
22554253,No
13935816,No
10933491,No
14706162,No
11432793,No
17218452,No
13383153,No
12680727,No
15196487,No
18064933,No
19776906,No
21979075,No
17760241,No
11762036,No
19805342,No
18475861,No
17820579,No
18235439,No
11336966,No
11115614,No
22036414,No
23000175,No
11755520,No
23234191,No
8792022,No
20397398,No
23204810,No
11792231,No
13686743,No
18253002,No
14358888,No
15484776,No
12687240,No
20706133,No
23713192,No
15676936,No
13858103,No
16511240,No
13083909,No
16006227,No
15378332,No
11536430,No
21157845,No
12930542,No
12913397,No
21241128,No
18962605,No
14868871,No
20304937,No
21360153,No
23312130,No
19214750,No
12040358,No
19222427,No
19632734,No
11002158,No
17508866,No
13037984,No
12973041,No
13470368,No
20929529,No
14775714,No
19197502,No
11352597,No
16575783,No
20692131,No
11443755,No
16618125,No
20477370,No
21224582,No
10488629,No
14606698,No
13871335,No
10103298,No
20397339,No
10239149,No
14393028,No
22719494,No
9402417,No
16935391,No
18640151,No
17128975,No
19422845,No
21284025,No
14250106,No
12845230,No
21579819,No
18010218,No
8784201,No
8866828,No
22237633,No
15690877,No
15143081,No
20622029,No
8817485,No
21927723,No
13486891,No
10439825,No
10360366,No
22860157,No
8946727,No
19405052,No
15730842,No
15076043,No
14012019,No
16858123,No
16731730,No
19120893,No
14720926,No
22147399,No
15828415,No
13442488,No
8716688,No
10388237,No
12966618,No
9531330,No
9374851,No
15174856,No
23000343,No
13036229,No
10298224,No
15726311,No
9058283,No
13121539,No
22038557,No
20787915,No
7906331,No
23020398,No
10834570,No
7556149,No
16651657,No
8890659,No
9452867,No
21465290,No
22122110,No
13875538,No
21715515,No
21600823,No
13415722,No
9239911,No
17640486,No
15212527,No
19347590,No
12579586,No
13897283,No
23083001,No
22331603,No
15495227,No
8409764,No
22233185,No
11855651,No
9376800,No
17552586,No
16640666,No
18299419,No
19897560,No
10820093,No
23116667,No
7609096,No
10844823,No
9689328,No
18719988,No
23340592,No
17085391,No
9789981,No
21780500,No
19110542,No
23359903,No
8664740,No
8961376,No
19903724,No
14911661,No
14370801,No
17703518,No
17162692,No
19574124,No
19942051,No
19218336,No
20563940,No
21016312,No
9454826,No
21368842,No
14183978,No
10752270,No
15834896,No
12180002,No
8562470,No
15242145,No
13912686,No
22510341,No
10452321,No
12820768,No
13637107,No
22538528,No
11213700,No
18573039,No
10863160,No
15174197,No
8544068,No
21956240,No
11540424,No
19829314,No
16733321,No
20889341,No
20661300,No
13959791,No
19028051,No
8193362,No
15274586,No
21423245,No
23285828,No
23278034,No
9280871,No
15957114,No
21067610,No
13965242,No
14193950,No
14159433,No
11162028,No
10862469,No
18739115,No
23428732,No
8300028,No
20957319,No
17839666,No
14174537,No
14918437,No
18008928,No
12413736,No
14484045,No
17347993,No
11977660,No
19973626,No
16352221,No
20088208,No
18731399,No
18160490,No
13568591,No
12750348,No
22706293,No
11000265,No
9771654,No
8049139,No
11286634,No
11318251,No
17005801,No
9665248,No
9648025,No
17126123,No
9214075,No
12718895,No
23153062,No
20549254,No
18228267,No
8923316,No
17806566,No
13369696,No
20845696,No
11666828,No
20596499,No
9003008,No
13231005,No
15054405,No
8707810,No
9852631,No
21587731,No
8458863,No
19300924,No
10304030,No
21689830,No
11212299,No
22809401,No
10375005,No
21184000,No
18425171,No
14145404,No
16233225,No
14187416,No
21431071,No
20165327,No
16775739,No
12817102,No
19320128,No
15169535,No
23335663,No
17108259,No
21899845,No
17665672,No
22755453,No
10084369,No
10363244,No
7939334,No
14474714,No
15131434,No
9151934,No
17233646,No
12872470,No
13723600,No
9054597,No
22756674,No
12410928,No
16788073,No
16270656,No
14493309,No
12669495,No
9097168,No
8988311,No
16830854,No
16015535,No
12314237,No
17452016,No
9712112,No
16412475,No
23726763,No
16747094,No
9113915,No
21670398,No
15520845,No
19702663,No
12511908,No
16609859,No
15873913,No
19129477,No
16135904,No
9831536,No
9692961,No
10136618,No
23363338,No
10419745,No
8127259,No
15357383,No
15829891,No
10080997,No
8252863,No
18691800,No
10702404,No
22021568,No
20865280,No
10143271,No
17590747,No
15874373,No
9784289,No
23329665,No
21099678,No
20584283,No
20638707,No
7798156,No
21330585,No
15111448,No
7597193,No
10740061,No
14629271,No
8577347,No
17145186,No
17947992,No
10554479,No
12707279,No
18678897,No
11705266,No
17545896,No
20914119,No
13912437,No
21450758,No
22908085,No
12781938,No
23540139,No
12575523,No
17520794,No
13886502,No
10121856,No
9373883,No
16599163,No
16183484,No
15445844,No
8758165,No
20545247,No
16523121,No
8639068,No
7487718,No
13970095,No
20772640,No
14623489,No
11559705,No
14723271,No
12417009,No
9262669,No
14674951,No
21238549,No
21489930,No
18355128,No
18007527,No
15001031,No
17430684,No
13701323,No
13769165,No
11222258,No
22576767,No
23092499,No
13362905,No
17281445,No
16243687,No
19272842,No
17839988,No
17457724,No
10327517,No
18920773,No
22600731,No
13227449,No
19581958,No
15615945,No
7660811,No
19626908,No
10973194,No
20379819,No
12943232,No
20886095,No
18575351,No
14037725,No
8335954,No
17514385,No
10097367,No
22316691,No
15178583,No
22467452,No
9807061,No
21771190,No
10262931,No
19579118,No
10281388,No
18673803,No
14411327,No
22988142,No
23074549,No
14970080,No
15059497,No
22388881,No
21815494,No
23655849,No
8662801,No
17937514,No
8325531,No
19842749,No
18995150,No
15979100,No
22107215,No
20117253,No
22898801,No
21526004,No
21205451,No
16330015,No
19791250,No
10255430,No
12610015,No
9548197,No
12078012,No
20004500,No
14488515,No
12088621,No
16702098,No
9934026,No
18493977,No
12559549,No
19071900,No
9146529,No
19242168,No
10669710,No
18963005,No
9131528,No
17906127,No
18877016,No
16141620,No
16016089,No
20387100,No
12992029,No
17248640,No
16063412,No
11055918,No
13368994,No
20269104,No
13638590,No
8264434,No
10394795,No
19426979,No
23353680,No
19015734,No
13144517,No
13726118,No
23031173,No
10171668,No
18219510,No
10904257,No
12221074,No
8758069,No
9103768,No
12025277,No
7695573,No
17156848,No
21076933,No
18683651,No
14294038,No
15787485,No
23680146,No
12637594,No
12518056,No
20604582,No
23177013,No
22444720,No
18026251,No
21869431,No
8531346,No
12210594,No
18371646,No
15756420,No
11802990,No
20728554,No
19425933,No
12108494,No
20251154,No
14187670,No
17065883,No
16887584,No
13642761,No
13814812,No
11492467,No
17882054,No
12228708,No
16826356,No
8766400,No
17149300,No
19088482,No
15413091,No
9537988,No
18876307,No
18276051,No
8483924,No
8452528,No
19866106,No
23371472,No
18787836,No
15941993,No
16229296,No
8381380,No
17759138,No
22231585,No
7961724,No
17614098,No
10624751,No
20539542,No
13555590,No
10948796,No
19036647,No
14259637,No
10433902,No
18057231,No
16236244,No
22204328,No
20283605,No
10452715,No
13940016,No
16541631,No
16837039,No
16765833,No
11602786,No
21478755,No
8099503,No
21981165,No
15586327,No
23700776,No
15679857,No
22785017,No
13750707,No
8143312,No
19320390,No
11269063,No
13730942,No
10804228,No
10453165,No
14936012,No
12442015,No
14500585,No
16599798,No
14409083,No
12668333,No
17695760,No
10757794,No
8696302,No
17680934,No
20525819,No
14968604,No
12847816,No
10556397,No
22438780,No
12839043,No
15011346,No
14105035,No
10762590,No
17289052,No
22603337,No
7478674,No
8263774,No
19477089,No
10860524,No
12196729,No
23112425,No
10602987,No
8308948,No
23637585,No
7958218,Yes
18423164,No
12287715,No
16271304,No
21577867,No
13309968,No
12744643,No
17263033,No
12033459,No
22326663,No
9057263,No
8387834,No
20883099,No
20181531,No
14786923,No
15424650,No
21498665,No
14674793,No
23597229,No
18098815,No
19429441,No
8037659,No
16359542,No
13787163,No
12136229,No
17693655,No
19496737,No
12354964,No
15199414,No
15856319,No
23185284,No
14559187,No
10691863,No
13872335,No
12064201,No
22383846,No
10558819,No
19548382,No
15775171,No
17046904,No
10901536,No
13041680,No
14161431,No
22432038,No
15942444,No
19606903,No
17027358,No
9406470,No
13705412,No
20395168,No
20328260,No
19846416,No
13107611,No
11861827,No
9376856,No
11655060,No
20149670,No
17489760,No
16828525,No
14435140,No
7605498,No
15811800,No
14100290,No
21133545,No
21450869,No
14265163,No
15692789,No
17352070,No
13713096,No
23012322,No
12327963,No
8849098,No
15496186,No
7589522,No
20292525,No
8019540,No
8697028,No
10992701,No
16681475,No
23334935,No
17933175,No
9886603,No
11561938,No
14728378,No
23340318,No
22184711,No
22925871,No
12089811,No
15793778,No
16837353,No
11451136,No
21083286,No
17699213,No
19489426,No
16647559,No
16720652,No
12296328,No
10698733,No
19157246,No
10233131,No
21437047,No
14068744,No
20358979,No
22300953,No
17361358,No
23595673,No
18967078,No
8894061,No
13309483,No
19616882,No
19022338,No
13782858,No
7562663,No
8689161,No
10910180,No
11507184,No
8555201,No
7960115,No
22913635,No
11424859,No
9898036,No
23188684,No
13299327,No
21153638,No
12087200,No
13960154,No
12138291,No
18239752,No
18358292,No
19025981,No
20085169,No
21228550,No
12863400,No
12598159,No
21282466,No
23504307,No
12623313,No
13978790,No
8146726,No
9875803,No
19637639,No
10581390,No
11295909,No
17766142,No
13032862,No
15776474,No
22905034,No
22209861,No
12264851,No
14611037,No
10040161,No
18569073,No
15110212,No
10847444,No
8928297,No
21527328,No
14126435,No
9720579,No
14533038,No
9798872,No
9458728,No
16586079,No
15034338,No
8870843,No
14565130,No
22523937,No
17242526,No
16092808,No
9312814,No
11950760,No
8959001,No
10307358,No
8380510,No
18420838,No
14948856,No
10975884,No
23644920,No
15796083,No
9340143,No
10467287,No
21104109,No
12011332,No
16022327,No
9653641,No
18277467,No
15631893,No
17026940,No
15220950,No
12714560,No
20590144,No
18761479,No
12596550,No
20495712,No
20089780,No
21683324,No
13837821,No
8407009,No
7544698,No
19413950,No
12642775,No
19505853,No
19240535,No
23361281,No
9476170,No
19248881,No
9947795,No
22382401,No
23387707,No
19301010,No
16147298,No
22600815,No
14913439,No
10372687,No
22525726,No
7945221,No
7491767,No
9461271,No
14194069,No
22631830,No
11142550,No
16020317,No
15997986,No
23459714,No
9828148,No
19009979,No
13596572,No
8841072,No
17150341,No
7933295,No
14855095,No
15631044,No
7978749,No
14572964,No
15054812,No
15554388,No
19526722,No
7623755,No
12310860,No
14223671,No
15401927,No
11518843,No
19653351,No
11189253,No
11682349,No
20188876,No
23731281,No
12469007,No
10341554,No
17261619,No
14253426,No
11355993,No
23010279,No
15007924,No
14439387,No
9533302,No
8037815,No
12464669,No
16808046,No
11954601,No
21323316,No
18925306,No
14181744,No
18362153,No
10682777,No
14391118,No
16826692,No
8657556,No
10331899,No
18129813,No
17191623,No
20140861,No
15059252,No
15380943,No
19467819,No
8777345,No
8824491,No
17146422,No
15393281,No
11146120,No
15040310,No
13600700,No
14398004,No
22969843,No
13901895,No
20363457,No
10665855,No
19224815,No
10927176,No
17886991,No
16805376,No
14555023,No
10193536,No
21370487,No
10100915,No
19573917,No
22305489,No
21974898,No
12016958,No
9957743,No
22773597,No
11026538,No
20587477,No
11018764,No
8137093,No
9905085,No
21526267,No
14395667,No
19099646,No
19884243,No
17068647,No
22482373,No
11095320,No
10414463,No
20851110,No
18500569,No
14277888,No
9127487,No
16953282,No
16041463,No
9016194,No
23663040,No
17838005,No
19601092,No
8591937,No
9391496,No
7835947,No
13703855,No
10550083,No
18600579,No
10641957,No
13731398,No
8420119,No
23534374,No
14278122,No
12276573,No
17541040,No
7890849,No
22942813,No
17868825,No
9975345,No
20419418,No
18905747,No
8462918,No
13865763,No
16924357,No
20225908,No
9825248,No
22438693,No
11117264,No
11955657,No
11621045,No
22293575,No
14282110,No
14191655,No
16805130,No
11579528,No
21788979,No
21498274,No
23517945,No
12173318,No
9126340,No
12020001,No
20315296,No
14833704,No
15326242,No
9152783,No
8566565,No
9996689,No
10034931,No
13134891,No
9495077,No
7867359,No
10395266,No
19810072,No
19178102,No
10880220,No
10142339,No
11706084,No
11465956,No
23479569,No
18332726,No
10593916,No
15413957,No
16015601,No
15807238,No
21225456,No
17594961,No
20450571,No
21134186,No
15923137,No
7752550,No
23621115,No
15525165,No
15013317,No
17424494,No
16247085,No
22857412,No
7632894,No
17284635,No
9078689,No
23199789,No
22303791,No
23239176,No
21523289,No
9996377,No
21957273,No
13315730,No
22008299,No
12713338,No
11064571,No
13600409,No
9685386,No
10759895,No
22199203,No
18880861,No
16414864,No
9229822,No
14829502,No
18491413,No
8640576,No
12937022,No
21421247,No
12077065,No
18237433,No
11130486,No
21118046,No
16447165,No
13367731,No
23170262,No
10833152,No
19632923,No
16872456,No
23282811,No
11302729,No
22754533,No
9856794,No
8708552,No
11681415,No
22879748,No
19537281,No
12507314,No
22127018,No
22884099,No
13151835,No
8160704,No
8941001,No
18290481,No
18417610,No
14537945,No
23383011,No
18270803,No
21591486,No
21846774,No
16058198,No
17231992,No
12333190,No
12031059,No
16701192,No
10403860,No
15035850,No
22405310,No
19805353,No
22218231,No
9840143,No
11789813,No
21480254,No
13056881,No
13534779,No
11303216,No
17734541,No
7945036,No
11744064,No
8129936,No
12528827,No
18691947,No
19775990,No
17153602,No
14463467,No
17995058,No
22594053,No
17836371,No
13450350,No
19295801,No
7757036,No
20318768,No
14744669,No
17419933,No
9684903,No
14483166,No
21976741,No
9181297,No
11477531,No
16271145,No
23637342,No
15007735,No
22684022,No
13631609,No
17851608,No
17710719,No
7761292,No
19947252,No
20850643,No
19251806,No
8692852,No
18341945,No
18089746,No
22229838,No
9260486,No
23607152,No
20509938,No
23757240,No
23729610,No
20088956,No
11154258,No
12384131,No
12164977,No
16751420,No
22021061,No
13517272,No
8180760,No
18671989,No
7785828,No
21057164,No
11290817,No
11172705,No
8411569,No
11135188,No
13938745,No
9794631,No
14359918,No
14076401,No
12962121,No
15225040,No
13632626,No
20621255,No
14451251,No
20396055,No
20035832,No
17288421,No
15535370,No
20888231,No
16074484,No
8461643,No
9558762,No
19545889,No
8756819,No
13631831,No
18338805,No
14796024,No
7638259,No
20166874,No
8457325,No
12242561,No
15632035,No
19151751,No
7766089,No
16340149,No
13204327,No
11164087,No
9251879,No
15161461,No
20067925,No
22078736,No
8005264,No
15990569,No
19962439,No
19442530,No
9109292,No
20102119,No
15652156,No
21596927,No
13554946,No
14932435,No
21212203,No
19781245,No
8320163,No
12080978,No
21507113,No
19890474,No
15946703,No
11994343,No
12765612,No
19937252,No
10285276,No
9946531,No
21409641,No
7531294,No
9515506,No
16844766,No
17748170,No
13625280,No
8322892,No
15148503,No
13426255,No
9534264,No
18135144,No
9221783,No
9948691,No
17920174,No
12663712,No
16607878,No
16158878,No
20919859,No
10154671,No
16365540,No
22529705,No
13811926,No
13422067,No
19068292,No
7805865,No
12799184,No
11261707,No
21582552,No
14362162,No
9207605,No
7682512,No
8550403,No
10240415,No
21399389,No
10935933,No
18214525,No
8146925,No
19658244,No
21648199,No
10447244,No
9478872,No
19529897,No
14852505,No
8084208,No
8339904,No
7961286,No
10549435,No
20447689,No
16538928,No
11420864,No
8721931,No
8620025,No
21206126,No
8175096,No
13712268,No
10736433,No
12834033,No
14312776,No
10007515,No
11376247,No
19269110,No
10948676,No
21949811,No
9179971,No
10553444,No
12367193,No
14237128,No
21396097,No
7766841,No
10387676,No
12332488,No
23372529,No
17024457,No
13173025,No
13902879,No
14548639,No
14206529,No
14440809,No
22981990,No
21061245,No
12328473,No
10976344,No
10114418,No
16623173,No
15367718,No
15079032,No
10864607,No
10981638,No
14420338,No
8778349,No
15850540,No
23156585,No
20433508,No
11886189,No
8777387,No
12215587,No
11541781,No
18078144,No
8323964,No
20218086,No
17048448,No
17200886,No
11043461,No
11453226,No
19220370,No
11062540,No
8697034,No
20009905,No
10894780,No
8745127,No
23711202,No
8700843,No
8771582,No
13087077,No
19386004,No
12050764,No
14008836,No
8552097,No
15761885,No
20416465,No
10157031,No
15044644,No
10911735,No
21583859,No
8231439,No
19222486,No
21724628,No
7688455,No
18123602,No
10349935,No
19765165,No
8994432,No
22429274,No
18055626,No
12548964,No
16254065,No
17528325,No
20987051,No
18109005,No
10900429,No
23558623,No
9749479,No
14533558,No
14326044,No
21939911,No
8566348,No
10451680,No
13808372,No
17981263,No
20472019,No
21234838,No
18297903,No
14278755,No
16766524,No
16628109,No
9400363,No
18269130,No
20422872,No
19738457,No
13454163,No
15428128,No
11164600,No
14877764,No
17993425,No
19762744,No
15297386,No
20116323,No
17021495,No
14938919,No
15998945,No
13087139,No
10780535,No
11906669,No
15148181,No
11320328,No
9149367,No
12083421,No
9046715,No
19222437,No
21198435,No
12096691,No
14281124,No
17764914,No
10010805,No
17171083,No
11786103,No
20690244,No
19734446,No
18478318,No
20018717,No
22420835,No
16592967,No
8599614,Yes
22500519,No
16595596,No
8932362,No
18094159,No
17111336,No
14070373,No
14166042,No
21089359,No
17453161,No
8009784,No
7555667,No
16047494,No
15626024,No
18282463,No
17763054,No
17485060,No
23660109,No
9262211,No
10009828,No
17077485,No
16611371,No
10470554,No
22485748,No
8476736,No
9023157,No
11530742,No
15686070,No
18733562,No
15901407,No
21738848,No
15781952,No
16018152,No
13366758,No
9445959,No
17373669,No
21685004,No
19749438,No
8529965,No
21705715,No
16184653,No
11195104,No
8005079,No
15954999,No
21428980,No
18502664,No
14495612,No
14848863,No
12618776,No
14510569,No
21655650,No
15792764,No
19709711,No
10466241,No
18747616,No
10047245,No
14895328,No
17001500,No
11002444,No
15057809,No
20922588,No
18278583,No
18039814,No
8381413,No
13042319,No
9954443,No
22825849,No
11717619,No
20313589,No
20537718,No
19727027,No
7554077,No
11637308,No
12802675,No
23169501,No
22381503,No
22800519,No
20984770,No
20651582,No
12906433,No
15693414,No
10672327,No
8607414,No
14897761,No
18312987,No
9424275,No
14649832,No
15848904,No
16014365,No
11524467,No
11119129,No
23297869,No
11628516,No
22629190,No
21649593,No
21151252,No
13473366,No
18996098,No
12256668,No
22261011,No
19048639,No
7984255,No
19849874,No
18766613,No
8292056,No
22070134,No
14027053,No
18701624,No
19052500,No
22539457,No
22048555,No
22345190,No
17621183,No
14817405,No
19790802,No
18296641,No
19639807,No
23649325,No
23749217,No
21689557,No
22454381,No
8543058,No
22844266,No
15129615,No
10230068,No
18751627,No
11355671,No
8229596,No
20730615,No
22778709,No
21366418,No
10198643,No
15267384,No
11680378,No
11509556,No
20855531,No
9193569,No
13356873,No
15371472,No
11972911,No
21040417,No
15097143,No
10806340,No
17203630,No
19983892,No
12708847,No
18604019,No
11749721,No
14133056,No
11755140,No
20236683,No
20903220,No
14364277,No
12590971,No
19544426,No
16615739,No
16822870,No
20048032,No
8505736,No
23748789,No
12940138,No
19229032,No
9581581,No
19726767,No
16773563,No
16141628,No
23680581,No
17018051,No
11971590,No
18220019,No
13490152,No
9500510,No
14942205,No
19480829,No
7721789,No
14113529,No
17956294,No
22664998,No
15248950,No
14152802,No
14797452,No
14598949,No
8174971,No
10911869,No
14838786,No
14838067,No
13380584,No
8358118,No
18314020,No
8320047,No
18708940,No
21563193,No
16838334,No
8285879,No
9059639,No
22710455,No
23220392,No
12003066,No
8963551,No
13195224,No
21933408,No
11876476,No
10646586,No
15326869,No
15928173,No
20575048,No
14017114,No
9760076,No
15636582,No
8248076,No
7708628,No
7804158,No
11183624,No
21948000,No
20747176,No
16024593,No
22269773,No
22911744,No
7754169,No
16765285,No
7642980,No
9533181,No
18037430,No
11025340,No
11138415,No
19219379,No
11961031,No
15094456,No
11828394,No
7614401,No
17233800,No
14935592,No
12284878,No
22873913,No
9162416,No
10213490,No
22825697,No
12019161,No
23281903,No
15854658,No
20041516,No
12307319,No
15191316,No
9154921,No
12123762,No
9809600,No
18101543,No
19485592,No
8674712,No
14954965,No
21878016,No
17845421,No
9909085,No
21462367,No
22026270,No
10107109,No
7626397,No
8090038,No
21563768,No
14258469,No
15771882,No
22114981,No
20680133,No
19380710,No
10733667,No
19812430,No
12324664,No
10880457,No
15057973,No
21116203,No
8927006,No
16310268,No
13214407,No
10065159,No
16092621,No
17485591,No
18916897,No
10138790,No
13898552,No
17070407,No
23280014,No
10163276,No
14946302,No
14031527,No
12837146,No
18036456,No
14083040,No
16803978,No
22927910,No
20861970,No
17388436,No
17817045,No
13715992,No
12051988,No
19982483,No
10723522,No
22753887,No
18926536,No
21410906,No
14870944,No
9898973,No
17116830,No
21700976,No
15896144,No
23347428,No
23567110,No
17673753,No
23574707,No
17098311,No
22829156,No
15267321,No
15283250,No
19599163,No
21645947,No
20826618,No
10502537,No
18741488,No
21949682,No
7708028,No
19102698,No
13397828,No
13989849,No
10588030,No
17128666,No
9365078,No
21084855,No
18961350,No
11414733,No
15319724,No
15816259,No
14328043,No
20753635,No
12219981,No
9575196,No
11019413,No
21323674,No
20321932,No
18761005,No
14917763,No
17084588,No
10466389,No
19814163,No
17900515,No
8166816,No
14068545,No
9919837,No
8436255,No
13365321,No
7953408,No
8173615,No
14335796,No
11187378,No
14690119,No
8420031,No
10813546,No
16743449,No
11090825,No
22348283,No
7826250,No
8542070,No
23526215,No
15384370,No
11224317,No
16455986,No
22035169,No
12005422,No
9647571,No
20685431,No
9480697,No
22672549,No
20172066,No
10197375,No
22939569,No
8575311,No
16560237,No
23045308,No
11800989,No
19451302,No
11362484,No
16915668,No
17309012,No
20251452,No
22768239,No
15544443,No
14861670,No
18802600,No
10026185,No
11677225,No
11990134,No
11799756,No
17061884,No
17961701,No
17527417,No
8798987,No
22637057,No
11369837,No
17911336,No
15509494,No
15787105,No
16943843,No
18351065,No
18558516,No
11209376,No
23716440,No
19396926,No
21076195,No
19245735,No
22906937,No
14751012,No
17415185,No
19605181,No
23532769,No
20704605,No
8265687,No
11057383,No
10940671,No
14525114,No
12570172,No
21961376,No
11799816,No
10416269,No
11289227,No
22217475,No
18916525,No
8891386,No
19305274,No
21264902,No
20075957,No
22722013,No
13048344,No
12345091,No
9618991,No
23476783,No
14763324,No
19728826,No
11092735,No
9217899,No
14289802,No
13667649,No
18616696,No
18649999,No
7860490,No
21607879,No
11085977,No
20411197,No
15235951,No
16128312,No
22561811,No
8728166,No
23019351,No
13848361,No
13543799,No
16445058,No
22186579,No
11981871,No
21148342,No
22192949,No
19507761,No
14011041,No
18818073,No
16318046,No
17278818,No
16475884,No
10952187,No
10246596,No
20252436,No
9591693,No
20054194,No
20365425,No
11788283,No
20195229,No
22178693,No
12841590,No
16344647,No
21610552,No
20659717,No
7717512,No
9130028,No
20171611,No
13533665,No
9412550,No
15401795,No
15389077,No
13554807,No
13185829,No
11967036,No
8281556,No
20645116,No
23356363,No
22343669,No
23253391,No
11210405,No
20501079,No
14463730,No
11999376,No
18118096,No
9325276,No
23308663,No
14295574,No
22910463,No
23255344,No
20445883,No
12904058,No
10711728,No
14143661,No
8166217,No
19552125,No
15776544,No
19880258,No
10390002,No
21760680,No
13359112,No
7484548,No
14264569,No
8779953,No
12672794,No
15052726,No
8554584,No
19091284,No
7700160,No
18039386,No
10495682,No
11865633,No
19131507,No
15099875,No
16893153,No
16303706,No
14084229,No
11933249,No
10131754,No
15418690,No
18553123,No
13621017,No
15884493,Yes
20185548,No
8376283,No
10954684,No
17444395,No
14779299,No
8151285,No
19513912,No
8868392,No
22500066,No
16575447,No
18870325,No
8401367,No
20430608,No
7922898,No
10414143,No
8457994,No
7843739,No
19724031,No
21688505,No
18652015,No
15848257,No
8860346,No
15454400,No
20801646,No
17375666,No
18038074,No
17817587,No
15920669,No
18755431,No
15579403,No
9323083,No
8513085,No
10595680,No
9650630,No
13587058,No
19245613,No
22821843,No
12339734,No
13864835,Yes
15159484,No
13194436,No
10357847,No
8252554,No
14504410,No
20406577,No
20882462,No
11455401,No
21463237,No
11866820,No
20867990,No
17672051,No
19366071,No
16826062,No
19107741,No
11935095,No
10577905,No
19175542,No
23101640,No
21463189,No
10227434,No
12220206,No
14850854,No
7852790,No
18188535,No
19397384,No
21664117,No
14291645,No
16181900,No
8543312,No
16721937,No
8754057,No
15529157,No
20001598,No
20972007,No
17626389,No
17359236,No
19628065,No
10362019,No
17816753,No
8248684,No
20230054,No
13620893,No
13199719,No
16095656,No
20052772,No
18861366,No
10510394,No
15524194,No
23079744,No
14077286,No
22607233,No
17595726,No
17385934,No
15929581,No
10847239,No
20939657,No
23222997,No
13434159,No
16458347,No
15431418,No
10652675,No
11882028,No
11260145,No
20493894,No
22582137,No
10471654,No
16167264,No
23199263,No
9711946,No
12485891,No
22612909,No
13549319,No
23604908,No
13797523,No
14276206,No
12243980,No
20395477,No
23560191,No
18699865,No
8321071,No
20303930,No
8701355,No
7623245,No
9867845,No
17212551,No
9215990,No
15433647,No
14488386,No
11690101,No
15607941,No
14181502,No
11537841,No
23741448,No
9788192,No
11911911,No
11558226,No
10373793,No
14867627,No
14002171,No
13328104,No
13265749,No
20801228,No
9244237,No
14554794,No
22400599,No
20526517,No
20686242,No
18262276,No
10261426,No
23460896,No
9389040,No
12937366,No
19056731,No
8342967,No
7551439,No
14718793,No
13031609,No
22952502,No
11433558,No
19063564,No
8414766,No
11182765,No
8010254,No
19387170,No
14786425,No
9801477,No
9402137,No
22001744,No
12371843,No
17417907,No
19012966,No
9513028,No
14902163,No
19383754,No
16697787,No
12455267,No
7643137,No
22858693,No
9882615,No
10706742,No
21284193,No
18406078,No
7728455,No
11766531,No
14331499,No
9409903,No
21074797,No
10795447,No
20497004,No
14873497,No
10570983,No
10569451,No
20738772,No
7621719,No
15233512,No
14116596,No
19054985,No
18244511,No
12538512,No
19848047,No
19540273,No
21964082,No
22972959,No
22619513,No
19802803,No
21833831,No
14646005,No
18971677,No
20252241,No
8808814,No
21570839,No
9510674,No
22221315,No
7888665,No
19395011,No
19101191,No
9458638,No
22403843,No
9075001,No
17141827,No
18776884,No
9038923,No
11811279,No
9425773,No
13025473,No
22130627,No
20833683,No
15639824,No
23731992,No
16659573,No
21036173,No
10101633,No
21771920,No
12859734,No
9446544,No
20955168,No
23348269,No
23570940,No
17001394,No
8261898,No
22698998,No
12531383,No
8345069,No
12507667,No
8062599,No
19777957,No
9251623,No
22033207,No
20991764,No
13748812,No
7946132,No
21215977,No
18194885,No
8434718,No
14902245,No
13802684,No
23377747,No
9717982,No
10034714,No
20941036,No
12110730,No
10399000,No
10011802,No
21489726,No
18233311,No
19862368,No
13699315,No
11572300,No
17000181,No
13344895,No
19034964,No
16692176,No
16202342,No
21218865,No
20071977,No
11233564,No
19648599,No
12025579,No
16803945,No
13146221,No
10663471,No
18026961,No
12861121,No
10261258,No
17265130,No
22442850,No
9533082,No
23427925,No
21118681,No
9208934,No
19212791,No
20540427,No
12821693,No
15589126,No
21376508,No
11563280,No
22830174,No
8171230,No
12690937,No
11906551,No
10615105,No
13278849,No
8876380,No
20420080,No
14533249,No
13370790,No
23681729,No
10744608,No
23689725,No
16431067,No
11282560,No
8475640,No
12202709,No
21992745,No
7486733,No
8310890,No
22526880,No
17767225,No
23233517,No
11176358,No
9695076,No
7799920,No
10288385,No
14143834,No
10025021,No
13131249,No
15907940,No
16612033,No
10950838,No
9094438,No
18541348,No
23667470,No
11473355,No
19924316,No
9255468,No
14213879,No
20605317,No
20363870,No
19112343,No
17583694,No
14678479,No
20196475,No
15815442,No
10075742,No
16956352,No
13919663,No
19236995,No
18979061,No
16178245,No
7636384,No
20061143,No
17879236,No
11947453,No
18556852,No
19113510,No
13878505,No
20567651,No
13475735,No
22793553,No
22958930,No
12412333,No
12039183,No
15723928,No
17335319,No
19194459,No
20247403,No
23536070,No
11205849,No
22475452,Yes
9743282,No
13497474,No
21290651,No
13514704,No
19312960,No
16900974,No
10073030,No
19878485,No
11692495,No
16057303,No
9864434,No
13680401,No
18847983,No
11381621,No
10476387,No
19415716,No
20556302,No
20167723,No
7668203,No
21668264,No
8151631,No
9457467,No
21747075,No
8982347,No
19853859,No
10602797,No
19557295,No
7973933,No
23510919,No
10763143,No
11956671,No
23733100,No
16357727,No
9045156,No
23621392,No
14996889,No
12770251,No
14450502,No
8433384,No
13243667,No
7603639,No
9309105,No
12983510,No
22408371,No
17671792,No
21399411,No
16825905,No
18028521,No
23123139,No
21386004,No
21860949,No
21901073,No
9602130,No
8145684,No
14178719,No
22668111,No
21714252,No
12512640,No
11540204,No
20910899,No
18466654,No
20516635,No
18666286,No
17380361,No
9326618,No
8738927,No
9926545,No
17863384,No
21929780,No
17794488,No
18909631,No
21912621,No
8591214,No
8100733,No
17689643,No
17958503,No
14165782,No
15136132,No
12924903,No
15506443,No
19132139,No
12635230,No
10863637,No
11952372,No
19721761,No
22597335,No
23611270,No
21618396,No
19707330,No
8301685,No
16891350,No
19739205,No
18195813,No
8256053,No
21006374,No
10932625,No
20791182,No
19745301,No
15449356,No
16125137,No
23493281,No
11336883,No
20926690,No
19233507,No
21374333,No
22151984,No
18555178,No
12275882,No
10435201,No
22568935,No
16417588,No
17664543,No
8117181,No
14694642,No
18416247,No
19920848,No
15116393,No
19737233,No
13095492,No
14031284,No
11036783,No
10468525,No
19153417,No
22690690,No
21914883,No
16081912,No
23034117,No
13945157,No
12530773,No
10637215,No
21639113,No
11529821,No
22964295,No
12649601,No
8691627,No
21115746,No
15077710,No
17097048,No
16353143,No
12896530,No
14767684,No
11833511,No
10333509,No
10954317,No
18332900,No
23609391,No
17988222,No
19106317,No
15058692,No
13506506,No
17114299,No
10682482,No
10690631,No
17852430,No
20013119,No
10097148,No
10216320,No
12382400,No
17868929,No
8609487,No
8603046,No
10376761,No
13074890,No
10082986,No
15290170,No
21328462,No
13667685,No
17806832,No
8686426,No
21230912,No
22079855,No
18057021,No
18152807,No
20881053,No
14176234,No
15490475,No
10023543,No
19549178,No
9195284,No
18551982,No
17156789,No
17044633,No
10631248,No
20523922,No
20829535,No
20520613,No
15858626,No
14796158,No
22157040,No
10487553,No
15985641,No
8479652,No
20552684,No
13403317,No
19526954,No
12579480,No
23716189,No
17446199,No
17079602,No
21940353,No
16142744,No
22857320,No
21318595,No
18979359,No
10608865,No
16681511,No
16594901,No
8227593,No
12144305,No
20524678,No
16276211,No
13832538,No
10589137,No
21702091,No
13631874,No
13869877,No
23218652,No
21495220,No
11551170,No
12053373,No
17029731,No
16553651,No
20661396,No
12854471,No
13984870,No
14801552,No
8744942,No
14000544,No
18935304,No
13037101,No
22701189,No
8275681,No
12681490,No
9674325,No
16610239,No
13012596,No
12919424,No
10452843,No
14657044,No
14587584,No
21495007,No
13785527,No
17863734,No
20441959,No
8026808,No
7544057,No
12952168,No
22683915,No
10559262,No
20283327,No
22237849,No
23595538,No
21783128,No
13026117,No
14911203,No
11772356,No
20084683,No
12749349,No
22773737,No
8637705,No
10104085,No
19805152,No
15797591,No
23496751,No
11821124,No
19727602,No
17081022,No
12082594,No
10136240,No
23499737,No
9338252,No
20885184,No
22181426,No
22939250,No
8974321,No
9327621,No
13145587,No
21650713,No
16310186,No
9292300,No
15526313,No
14114143,No
19918255,No
14642254,No
20403545,No
11345299,No
15643826,No
22639135,No
17352943,No
20891791,No
16376667,No
19498269,No
8091764,No
18329312,No
21234977,No
20526986,No
18045096,No
16426936,No
23755797,No
9184045,No
8193138,No
20844474,No
20853852,No
8400014,No
13482093,No
20771697,No
10877443,No
20457572,No
16842623,No
16751306,No
20734092,No
14978291,No
15372104,No
7883922,No
16860701,No
11085924,No
21554097,No
11964271,No
10986503,No
13962702,No
19802518,No
21421408,No
16914960,No
21402498,No
20541703,No
21227603,No
19602228,No
15789669,No
12355204,No
11471495,No
21699593,No
9017642,No
15572098,No
18679630,No
10068568,No
12301131,No
21006931,No
10475623,No
15358216,No
16120921,No
17755082,No
16937723,No
8802852,No
14169229,No
15104085,No
14195783,No
11079029,No
14980013,No
11086023,No
15995355,No
15977026,No
8036852,No
14503664,No
15005671,No
10335159,No
13539037,No
8194765,No
15531754,No
9268230,No
23668199,No
23689302,No
13951627,No
23055180,No
21942104,No
13775079,No
8833029,No
15410739,No
20929073,No
10979997,No
23622600,No
7851665,No
21418465,No
22550293,No
17431421,No
14047984,No
16112851,No
15978558,No
23537332,No
13966224,No
9057395,No
23060825,No
21641848,No
21047876,No
17127492,No
20488919,No
10362760,No
11245248,No
21664694,No
13450008,No
18549633,No
11890070,No
13280912,No
20381987,No
19986838,No
16023156,No
11216399,No
10626499,No
19584585,No
13775714,No
10700803,No
17148768,No
22081500,No
12191074,No
20587611,No
13070847,No
14163790,No
9578865,No
9766036,No
9504693,No
14141054,No
18026967,No
21053371,No
9826239,No
20257346,No
21314449,No
16144622,No
9625158,No
12237205,No
10205643,No
22352790,No
14785628,No
11313185,No
20098809,No
10068819,No
11716890,No
10021087,No
23590130,No
17247673,No
13886037,No
22665969,No
10882830,No
19476472,No
20912450,No
14679637,No
11172231,No
15614984,No
12605882,No
21723529,No
12653445,No
16208149,No
12567814,No
20118239,No
17188418,No
14358538,No
13220036,No
14771925,No
16995719,No
12585971,No
14085679,No
17871298,No
17752532,No
20739587,No
12942907,No
12764961,No
15986827,No
18703880,No
9054221,No
9586331,No
10086089,No
14000351,No
16952016,No
10164342,No
12242727,No
21811158,No
16109545,No
14295941,No
9267307,No
9548575,No
12560615,No
20455092,No
12458278,No
14845535,No
12321561,No
16352524,No
22411399,No
14278842,No
14620353,No
8340672,No
17091748,No
22529217,No
15144648,No
14770384,No
12726986,No
15094964,No
23477999,No
10607646,No
18625814,No
8670509,No
14513125,No
13598125,No
13920189,No
20123555,No
7512667,No
9719370,No
21732276,No
12720731,No
20050689,No
12867476,No
13841644,No
22096155,No
14256291,No
12256074,No
16628853,No
10520092,No
19620510,No
22928288,No
9334153,No
16752694,No
15981716,No
14839495,No
19173572,No
14742869,No
16043563,No
8775215,No
11759602,No
11423214,No
22266010,No
21282301,No
16740081,No
14320776,No
10302356,No
15824775,No
13170063,No
16157869,No
9626521,No
21370205,No
18562062,No
11318498,No
16218057,No
16450715,No
21102007,No
22554214,No
21975228,No
17177951,No
22871813,No
12117927,No
19258872,No
17961076,No
16766118,No
13828205,No
13457785,No
20400959,No
21972658,No
16317389,No
23214929,No
14866811,No
11142691,No
13133529,No
11889408,No
16819562,No
8592368,No
17489278,No
13517214,No
9753834,No
21886017,No
23586282,No
20565882,No
22594391,No
21341757,No
18111336,No
11568753,No
14364378,No
9751083,No
18761122,No
19551733,No
19787016,No
8322094,No
22877822,No
22374424,No
23635490,No
19183040,No
8420483,No
23223920,No
23386341,No
9994400,No
12092569,No
17296276,No
13199625,No
21068824,No
19017821,No
23418331,No
10233830,No
17017011,No
9291672,No
10415569,No
12404970,No
20446137,No
22463978,No
19619718,No
23463329,No
10213155,No
19933326,No
11684296,No
7871938,No
23692414,No
9736704,No
14474703,No
23035099,No
14236291,No
16978400,No
9836885,No
17468897,No
10312832,No
8730976,No
19059183,No
20758558,No
7852675,No
11507769,No
23399724,No
19339541,No
12072159,No
21652385,No
20504138,No
12684381,No
10357817,No
16184546,No
8464297,No
19633637,No
8254943,No
10103637,No
14042778,No
14515561,No
10972270,No
17367940,No
18058204,No
15234487,No
15374596,No
17412563,No
12492671,No
13531646,No
19040698,No
21838893,No
17170746,No
23750808,No
14194207,No
20773679,No
22014349,No
13804525,No
16216628,No
22351820,No
14789985,No
13318437,No
16137868,No
7727113,No
11743490,No
16320964,No
22563458,No
22673731,No
18723823,No
8353126,No
9936882,No
14038570,No
11580120,No
22224744,No
7599490,No
16151008,No
10762739,No
21897239,No
20070848,No
21274157,No
11576952,No
16174684,No
13502078,No
22987372,No
10643560,No
23210418,No
9268693,No
15188439,No
17970797,No
21279592,No
11891501,No
16978675,No
20818464,No
8430747,No
23428294,No
11910264,No
12975843,No
17283160,No
16071966,No
13054621,No
22263098,No
8609431,No
13368404,No
12967425,No
20444732,No
13360384,No
13248438,No
16522218,No
23438972,No
19279808,No
7844709,No
21284601,No
17548966,No
20626307,No
21277033,No
22383366,No
19436952,No
14125833,No
23149484,No
13582130,No
21011565,No
20325511,No
22420525,No
19087277,No
15732948,No
14169888,No
15237647,No
20038156,No
12013640,No
16282553,No
13563094,No
15097335,No
11671144,No
14636033,No
11955545,No
20668337,No
17163969,No
21713630,No
21314614,No
10518914,No
23266046,No
10315721,No
23568360,No
15114266,No
15603427,No
15644425,No
21870752,No
9629405,No
23004834,No
20217113,No
17166739,No
20559213,No
22089813,No
16868885,No
21945625,No
13420298,No
15595873,No
17830803,No
18800330,No
14585686,No
8632549,No
10641925,No
12774012,No
8808712,No
17954514,No
19464346,No
13611382,No
15453138,No
9741623,No
21916637,No
20847727,No
20406162,No
8486151,No
13174917,No
20849766,No
7882618,No
19637063,No
15064129,No
21139211,No
14393789,No
12709791,No
16037039,No
9599366,No
20537824,No
15313346,No
11249645,No
18837928,No
16323639,No
17923295,No
22672355,No
11615610,No
7775759,No
10841654,No
13740739,No
9511498,No
22100884,No
18868927,No
16892961,No
11034321,No
14167719,No
9898391,No
17962666,No
20810188,No
11545700,No
16216183,No
17006342,No
19778101,No
23032891,No
9229327,No
22164866,No
22248465,No
9464893,No
17818160,No
10181590,No
14760685,No
21987916,No
19926759,No
8569592,No
21351589,No
7635306,No
20728252,No
14336441,No
8884242,No
21762190,No
8480336,No
14434253,No
11042672,No
18767135,No
20573961,No
19417699,No
23211354,No
8376111,No
22165405,No
21262893,No
12751764,No
12977833,No
8492820,No
12801033,No
12145180,No
18422068,No
11807626,No
23444624,No
11722156,No
18517939,No
23047350,No
11235213,No
21722697,No
19294918,No
21561574,No
13858791,No
21700286,No
20652055,No
8787131,No
8475859,No
19817553,No
8064325,No
20393151,No
13215679,No
14091639,No
13556976,No
21797293,No
21281210,No
17690849,No
17285436,No
22312262,No
18571446,No
8484925,No
20462446,No
8727988,No
8188115,No
20946225,No
21719466,No
14734886,No
7912360,No
20034127,No
22685616,No
13743704,No
21623340,No
13691129,No
9450145,No
22914030,No
13801423,No
10355741,No
8121242,No
19974225,No
15101157,No
18365031,No
15963091,No
16350483,No
12405276,No
15128259,No
13203536,No
11417897,No
14391605,No
15460165,No
11704064,No
8841122,No
18409134,No
14849148,No
23412723,No
11410007,No
21876701,No
18193886,No
23717729,No
8288688,No
14547265,No
14146486,No
11297275,No
8666205,No
11816074,No
21209652,No
22119397,No
12775866,No
10051821,No
11987661,No
9554161,No
20214933,No
8898049,No
23705225,No
8843925,No
13105785,No
13851563,No
19693086,No
11881497,No
17097684,No
17325222,No
9191464,No
19143647,No
19023457,No
19703575,No
9416505,No
16630738,No
10015717,No
8936763,No
13557933,No
14742910,No
11327767,No
15058239,No
18048663,No
19218609,No
21070091,No
17222286,No
15108049,No
11515137,No
23556249,No
22798192,No
20426323,No
10254496,No
10423013,No
18269667,No
16386582,No
16722506,No
13988906,No
10156133,No
20432152,No
16459112,No
13195375,No
23686637,No
12610980,No
11955637,No
8189627,No
7765953,No
10664003,No
16989525,No
17823738,No
18373343,No
15296162,No
21358622,No
21823974,No
23194103,No
17580792,No
9070799,No
10751780,No
16179249,No
9012853,No
16560188,No
13381998,No
11958392,No
13554528,No
22852835,No
12317895,No
18838922,No
12508934,No
14177148,No
11114327,No
15708582,No
12246550,No
11486699,No
9386531,No
21562836,No
22842952,No
10720860,No
8517239,No
18239063,No
20821589,No
22640273,No
17587915,No
9371175,No
12226791,No
18919804,No
21488332,No
10789567,No
20205784,No
8569475,No
11013123,No
16987981,No
23722913,No
8487687,No
15863214,No
8613252,No
19398156,No
20278536,No
22561280,No
16550068,No
20356642,No
9059375,No
23598785,No
15060331,No
12454899,No
18435551,No
18949736,No
20733389,No
18798781,No
9631657,No
12896958,No
13965724,No
13892272,No
11775687,No
12307762,No
22390752,No
10803168,No
17899668,No
17089975,No
15270149,No
18210261,No
16523748,No
21548957,No
12294928,No
23027781,No
19280915,No
12273148,No
19465411,No
16925162,No
11524628,No
8258521,No
14112014,No
18076928,No
9084063,No
14428645,No
18954890,No
16098673,No
17876400,No
21877325,No
17433993,No
13621364,No
22031427,No
22247690,No
12841483,No
15171927,No
16286518,No
15456446,No
8756846,No
9995515,No
7956243,No
23070800,No
20816345,No
15415856,No
13134504,No
23417570,No
17159768,No
12566719,No
19665057,No
11650718,No
22312603,No
22305283,No
19097016,No
7545031,No
8681824,No
18618883,No
14214332,No
7966173,No
8211707,No
16197444,No
20619083,No
17357048,No
11305834,No
21897032,No
16803792,No
20520228,No
21149049,No
12485154,No
19174407,No
17334438,No
16442156,No
14344164,No
21819948,No
9844947,No
14648032,No
8366411,No
23490388,No
10023036,No
8822113,No
20807409,No
8654721,No
12092701,No
9749953,No
17854832,No
14618198,No
18289933,No
17858247,No
22741009,No
18773029,No
22358258,No
18369012,No
10328118,No
9930844,No
10737951,No
8688398,No
22015641,No
8022177,No
10771474,No
8450852,No
20080898,No
20460024,No
17528246,No
23064590,No
12879364,No
7834672,No
13883536,No
12289067,No
18042404,No
11050473,No
16575290,No
21424039,No
21644540,No
10846749,No
13372949,Yes
16177808,No
12505560,No
8117544,No
15864331,No
8789669,No
23538749,No
19912552,No
19266550,No
9066276,No
23216770,No
20654785,No
16415719,No
13624078,No
11833708,No
14445395,No
11258697,No
12968409,No
13160699,No
18022438,No
22142363,No
12576200,No
18993026,No
21357104,No
11950650,No
10088958,No
11215158,No
12110776,No
10705157,No
14506748,No
9322873,No
18988958,No
14890731,No
15845330,No
16644873,No
10873873,No
18579750,No
19052622,No
8295585,No
8210908,No
15954911,No
13742065,No
12013668,No
18417310,No
8379292,No
13523714,No
15405747,No
12011062,No
14674873,No
15236164,No
14944805,No
12704389,No
17628374,No
16091504,No
7924215,No
21460508,No
14159666,No
16745917,No
23315318,No
18079273,No
19390485,No
11314617,No
21545028,No
15110564,No
19650071,No
17131138,No
23662730,No
15165046,No
18830141,No
16033757,No
19461128,No
13601358,No
22652165,No
19158758,No
16605180,No
16592336,No
18935212,No
22347647,No
13908214,No
16297627,No
18268953,No
14016146,No
21494319,No
16507777,No
9654384,No
17894073,No
17175860,No
13336693,No
21993051,No
15048267,No
20488258,No
10173508,No
20863377,No
14371613,No
9563626,No
13235956,No
17814752,No
19100415,No
14189322,No
13679145,No
17535887,No
11417243,No
10603929,No
17128575,No
12585518,No
18340354,No
17403932,No
16101459,No
20104359,No
13906511,No
20456103,No
23393470,No
15540811,No
10960153,No
15410865,No
14151922,No
23268291,No
12117373,No
13405536,No
13534200,No
11391440,No
23182802,No
18958428,No
17841641,No
17069119,No
13150058,No
15638362,No
22875816,No
20837492,No
15567265,No
15130587,No
16213699,No
18970731,No
18244288,No
17545695,No
21373254,No
15434063,No
16016077,No
10263529,No
16858609,No
19992644,No
7555893,No
15611585,No
10408459,No
11827382,No
23570663,No
9343822,No
10794863,No
13826885,No
8128855,No
21120514,No
13422315,No
9123325,No
16495900,No
15755223,No
9924197,No
18156552,No
18742065,No
20159004,No
19036299,No
20026202,No
12308925,No
10588688,No
19087050,No
12894332,No
9066336,No
14400412,No
9672406,No
9523818,No
16956901,No
7841067,No
21251009,No
11481535,No
8928553,No
15316372,No
11247969,No
17052182,No
14420162,No
23527721,No
12339341,No
17191727,No
18932810,No
21415388,No
16838170,No
10816339,No
12541089,No
21371807,No
9183091,No
13927620,No
16298507,No
17256443,No
22962860,No
19276718,No
11689536,No
15425165,No
7969587,No
17749147,No
15510990,No
11903614,No
8910656,No
16542620,No
10356744,No
8374884,No
17422572,No
19832551,No
20300030,No
14127587,No
16524298,No
17772381,No
23378142,No
8669564,No
23654219,No
15047576,No
10809089,No
20674759,No
14395328,No
12638588,No
9110421,No
8629180,No
23518910,No
9837681,No
12056296,No
16413224,No
14567230,No
19390504,No
21242930,No
14478666,No
12328404,No
19967794,No
20730776,No
12319382,No
21436223,No
11381448,No
20525660,No
7619254,No
19978727,No
19092670,No
17029942,No
9609779,No
21273968,No
7979234,No
21683629,No
20467549,No
19165362,No
10515487,No
9525498,No
17138550,No
18876585,No
19905003,No
12869707,No
19172302,No
10132391,No
21677197,No
12065513,No
14538747,No
12198645,No
9777678,No
20947424,No
7755641,No
10068410,No
14607590,No
10900032,No
13929353,No
8267085,No
8199238,No
16954341,No
13565682,No
11878260,No
18094368,No
23471140,No
17989355,No
21330691,No
9598984,No
17957923,No
20208704,No
12505579,No
10037606,No
16726127,No
8583122,Yes
22544113,No
8905211,No
22594322,No
8626484,No
16729973,No
11061254,No
19923731,No
20039176,No
17687684,No
16782367,No
17141457,No
15487526,No
13109169,No
17461279,No
8405989,No
13759779,No
13274351,No
12403109,No
18812189,No
14036247,No
18549146,No
11199011,No
14125940,No
17471250,No
17741801,No
14527060,No
11391666,No
13649021,No
20542331,No
23499912,No
16767103,No
11648592,No
12567351,No
18971612,No
20246832,No
9392997,No
18993947,No
12482775,No
10528315,No
8597891,No
15730684,No
12369741,No
10874001,No
12556295,No
8141137,No
18002601,No
19736541,No
8994801,No
20426531,No
21618091,No
18655275,No
8471086,No
22158972,No
19356428,No
15403696,No
20821525,No
17890717,No
14609207,No
14448658,No
8979307,No
8537032,No
23710202,No
20913906,No
13149846,No
13820562,No
12293744,No
20233453,No
13186749,No
16619298,No
8296369,No
11739500,No
23165919,No
19216020,No
12239405,No
8020639,No
18444678,No
21033894,No
13365532,No
18456667,No
14557018,No
10566013,No
11669399,No
9286773,No
9037663,No
20595407,No
19974308,No
12210656,No
16364948,No
22408173,No
17857511,No
22882974,No
11180826,No
21549943,No
17498655,No
12352910,No
8282735,No
9592793,No
18580016,No
10134275,No
9483991,No
8112873,No
9596191,No
18747058,No
21325419,No
15843974,No
23278161,No
21003294,No
21129228,No
17119679,No
8825039,No
19422306,No
23725344,No
21083637,No
20117612,No
15738740,No
17301843,No
7696808,No
14020009,No
17618908,No
13728701,No
22707595,No
20464656,No
14359823,No
20823536,No
23138980,No
14806152,No
22894468,No
11444675,No
17297059,No
15260769,No
14185406,No
15475933,No
17027395,No
13697391,No
13034921,No
10947894,No
20546489,No
18502971,No
10404522,No
23490092,No
21828746,No
7674712,No
21682973,No
9566564,No
14330558,No
13207478,No
14180757,No
20607553,No
9993940,No
10130763,No
17402941,No
13074641,No
13112419,No
21523659,No
19236709,No
20403396,No
7778321,No
22285335,No
17164444,No
9184914,No
20822481,No
16828622,No
17329066,No
14665261,No
17147876,No
18308884,No
10151365,No
21721919,No
20332975,No
9630559,No
18805873,No
22889592,No
22596512,No
12785852,No
17661155,No
21951343,No
21664233,No
18303985,No
18807861,No
11787987,No
20319440,No
9084407,No
16328692,No
7650336,No
15688460,No
18924345,No
18789911,No
13839991,No
15338317,No
16200778,No
17335392,No
20891292,No
18524940,No
19610775,No
13621355,No
19269445,No
8349112,No
13354785,No
18496194,No
10066618,No
16497383,No
11319783,No
12954602,No
22815770,No
14703070,No
9076265,No
23361170,No
7509882,No
17071725,No
12889072,No
12190227,No
19592362,No
18016851,No
12684666,No
8293295,No
14216070,No
20638471,No
9302864,No
20111418,No
16993143,No
8261286,No
11153720,No
18575239,No
20975455,No
15059968,No
21255437,No
15337617,No
8877879,No
14571645,No
9536671,No
16035911,No
9728331,No
18925113,No
14552867,No
21462461,No
22331036,No
12956061,No
8734978,No
10606155,No
9627360,No
15782211,No
9855307,No
18052318,No
15062689,No
23053259,No
14507939,No
22118972,No
16096092,No
14457819,No
8115732,No
18318234,No
10942721,No
10472728,No
18524155,No
11668433,No
12217572,No
11831069,No
11163658,No
9841405,No
11297539,No
22470298,No
15055463,No
13615933,No
19153727,No
12915775,No
21406429,No
14644130,No
13990836,No
13861563,No
21076556,No
21991635,No
12269727,No
8420877,No
14677171,No
16831548,No
20258916,No
16523329,No
9630701,No
7863820,No
11155149,No
10616640,No
21963932,No
11236460,No
19173279,No
9220562,No
12056948,No
10246639,No
19121961,No
15968521,No
12096570,No
21288033,No
9697279,No
12094293,No
19266045,No
20721902,No
15857660,No
20155298,No
14642943,No
17685988,No
12956271,No
10949303,No
10713005,No
10788315,No
12466763,No
21737838,No
13592541,No
15045331,No
12810456,No
11409652,No
22220086,No
15371290,No
20416345,No
17958096,No
18869743,No
16085467,No
14020609,No
23011447,No
15000910,No
23256620,No
11743502,No
23457328,No
11498161,No
19744083,No
15942515,No
21779529,No
8300763,No
18121046,No
19392245,No
19484667,No
20478160,No
22689385,No
21812650,No
15943125,No
13988001,No
16691869,No
8202171,No
21522570,No
16224854,No
10855532,No
18614709,No
15971819,No
13147496,No
13041259,No
9118537,No
18289441,No
20784625,No
9818998,No
11950503,No
13717228,No
8383065,No
23382990,No
11737783,No
17418666,No
14557479,No
16373254,No
20335175,No
23518908,No
7741022,No
11989640,No
17153800,No
21843506,No
20957176,No
21797270,No
19244571,No
15786501,No
12943296,No
18073263,No
13382811,No
16798598,No
22400506,No
19597198,No
16809881,No
15102840,No
12322331,No
17117845,No
11140941,No
20496836,No
20421475,No
15007431,No
19253596,No
8895011,No
23174388,No
11146654,No
18453727,No
14894377,No
10358407,No
9710363,No
18547093,No
10695617,No
23469056,No
10835285,No
14036543,No
13876001,No
19316178,No
15011174,No
13874622,No
17241748,No
10960626,No
12023668,No
8021203,No
19826203,No
13558732,No
18612303,No
12266612,No
23616333,No
15945793,No
13947746,No
8941462,No
13771658,No
17877711,No
10593043,No
13744882,No
15938883,No
23367783,No
14862452,No
17702973,No
17376359,No
21989575,No
8697427,No
20683257,No
16141681,No
22607934,No
13290930,No
19634009,No
15301784,No
12081477,No
16739047,No
9733225,No
17112866,No
11328245,No
21747235,No
20874310,No
15967944,No
17852036,No
17279442,No
12791092,No
7690944,No
12387092,No
23406382,No
21180728,No
7846632,No
16961497,No
13156050,No
22597598,No
20780681,No
10572811,No
20979749,No
11867652,No
8778179,No
16641083,No
18851527,No
23739141,No
9455602,No
10501222,No
19986246,No
22864274,No
8171699,No
20502919,No
16109362,No
17663111,No
8536489,No
16100456,No
21226568,No
20929126,No
13464449,Yes
19780506,No
13488776,No
9257567,No
14255215,No
8058985,No
13897033,No
11018065,Yes
14293489,No
9047797,No
18233006,No
14601496,No
19282266,No
20175813,No
10055049,No
16517592,No
13202729,No
19487143,No
11713402,No
20152142,No
20069210,No
16892049,No
22285541,No
12293494,No
10092707,No
20460630,No
10634495,No
16489582,No
17815192,No
19090929,No
17738455,No
18933759,No
8261537,No
21508304,No
7679491,No
20540433,No
17259501,No
22178959,No
19014168,No
15311218,No
19069302,No
18774823,No
20350512,No
23445665,No
22794015,No
20588683,No
20779782,No
21081493,No
13478646,No
20798428,No
19036008,No
20065503,No
14671629,No
22116229,No
21474769,No
18888722,No
19442334,No
17568696,No
16651946,No
7985127,No
8243794,No
12182603,No
12915421,No
16559683,No
22149800,No
14926588,No
10024041,No
22365877,No
20714646,No
13168141,No
13806762,No
17103013,No
9782167,No
10695451,No
19459002,No
15829565,No
15507053,No
13887395,No
17439672,No
19431316,No
22856003,No
16972467,No
17846682,No
23551527,No
7828732,No
10023289,No
13575442,No
8265481,No
13684506,No
10328320,No
9827540,No
19169968,No
20325457,No
19339833,No
23072505,No
22816665,No
20344590,No
7647623,No
21232979,No
19539238,No
10298405,No
11401453,No
14359293,No
18848771,No
14065615,No
14658700,No
15996886,No
20033291,No
17019862,No
7899455,No
16150221,No
10780713,No
20540522,No
18755372,No
22635010,No
16564400,No
15838524,No
9519122,No
12819873,No
22717813,No
22435750,No
17576283,No
14164429,No
22849083,No
10683795,No
11464047,No
16595556,No
22779293,No
8147380,No
14219968,No
18601316,No
14573977,No
23280136,No
17467799,No
20891210,No
18787517,No
18591370,No
11495855,No
14067535,No
14892230,No
21442091,No
7708985,No
10777533,No
16253756,No
16178675,No
19199512,No
18639650,No
12987884,No
8715128,No
22264633,No
7924652,No
21941331,No
17995458,No
9816185,No
16233860,No
15945743,No
22174882,No
20784273,No
17138447,No
10119224,No
12480744,No
20196109,No
18850470,No
22519944,No
20424077,No
18837763,No
21561945,No
14016368,No
12199093,No
11930415,No
12890316,No
22173893,No
18561430,No
23611180,No
7784014,No
8856118,No
14044087,No
20860225,No
23132927,No
14390536,No
14450343,No
8727797,No
18863429,No
7756863,No
11022767,No
13332600,No
9807298,No
18424035,No
18996269,No
12462075,No
10670825,No
16413893,No
19942328,No
19275719,No
14721848,No
19601319,No
7755195,No
7763631,No
20427760,No
21850967,No
23157334,No
21536673,No
9084103,No
8420552,No
8529959,No
9144620,No
10285179,No
13329408,No
23295714,No
7809272,No
15933973,No
17318079,No
20214153,No
22939224,No
20715627,No
10234771,No
21903542,No
17734598,No
9929761,No
7898777,No
10439314,No
14275848,No
8835766,No
21870987,No
21015576,No
19849780,No
20481920,No
20334419,No
9919172,No
14698534,No
12532975,No
10968152,No
17485331,No
11903411,No
21131101,No
16319169,No
9385521,No
11329974,No
11145466,No
17637626,No
8734476,No
12163128,No
16648883,No
7825389,No
18746542,No
19818701,No
23460701,No
23077490,No
8510628,No
14447171,No
10963616,No
12238433,No
9990377,No
17665618,No
23342428,No
8683116,No
21959633,No
18644633,No
10890668,No
11426339,No
13556509,No
14171954,No
15898809,No
23747381,No
22546995,No
11966060,No
20441853,No
16018663,No
8520539,No
18702214,No
12943914,No
18536981,No
21910687,No
7859660,No
9821870,No
10115719,No
11372167,No
8925183,No
14235340,No
17537235,No
18646108,No
22258303,No
17591837,No
19052694,No
12875605,No
14811571,No
23070837,No
7568443,No
17404209,No
21510772,No
8859753,No
21202972,No
20016772,No
7489586,No
9875088,No
19346438,No
22723537,No
10660904,No
15758144,No
23452887,No
21136748,No
10800123,No
13720759,No
20161495,No
14403823,No
14471354,No
22866481,No
20752128,No
16648618,No
20573403,No
19161856,No
8721048,No
14123363,No
12104058,No
12259307,No
19513579,No
17735015,No
11065839,No
8316094,No
11471102,No
23190262,No
19489105,No
8025693,No
14629767,No
21952696,No
8382908,No
17536407,No
8058511,No
11322543,No
23626230,No
20206559,No
9010298,No
15148342,No
20465354,No
22131027,No
8019907,No
23240374,No
13017464,No
13200287,No
18622042,No
15163268,No
10470211,No
21944854,No
16972797,No
9750093,No
18275421,No
9520512,No
9831150,No
21035919,No
9073121,No
13257045,No
20493310,No
8528455,No
8699353,No
21630110,No
20791378,No
9598760,No
21306445,No
20481193,No
14233623,No
7975029,No
18154023,No
20087339,No
19507873,No
23641764,No
16087247,No
12320674,No
21595284,No
15111150,No
18075709,No
18632598,No
19155122,No
11334583,No
17992774,No
16118114,No
16130324,No
12316559,No
9240912,No
17059950,No
19122950,No
10465581,No
23710185,No
19912204,No
10080235,No
20444051,No
16456931,No
10388828,No
8692904,No
13282654,No
11506182,No
20157926,No
21701535,No
14970904,No
20246888,No
22728849,No
15172548,No
20998304,No
17452061,No
14276136,No
20770314,No
15498793,No
15006017,No
15374678,No
16625489,No
8328335,No
13616421,No
15332170,No
22590274,No
14033023,No
20187932,No
12167915,No
21489130,No
16347453,No
14356992,No
10248419,No
12417523,No
17025148,No
17997063,No
14433763,No
13914143,No
19377704,No
10186098,No
22311636,No
8768577,No
15625287,No
9567068,No
19682155,No
8005290,No
23428984,No
16030435,No
16479909,No
17629860,No
16374778,No
15943196,No
22800917,No
18797722,No
22778670,No
18158180,No
16289112,No
13293122,No
11171024,No
8101590,No
13285642,No
14084551,No
12130378,No
18206653,No
12602976,No
19115200,No
7490660,No
17631584,No
18653185,No
16877273,No
22204016,No
20320786,No
17921491,No
18821421,No
7869634,No
22646417,No
9947360,No
22598680,No
10237935,No
18676648,No
19837909,No
8018565,No
19935648,No
15456335,No
15033112,No
8167745,No
15374274,No
23600373,No
14653908,No
21298945,No
23123313,No
11302969,No
9312674,No
19688319,No
7498137,No
9336830,No
16581014,No
23118176,No
10363969,No
10291430,No
16429009,No
10836112,No
19370627,No
12960519,No
14402474,No
9803015,No
20614724,No
23123080,No
21599702,No
22915355,No
15581159,No
11737794,No
12350137,No
21287284,No
9829553,No
17167806,No
8049224,No
15369064,No
16669875,No
17944036,No
12492054,No
19156221,No
21950581,No
23455010,No
16156709,No
16569176,No
9491743,No
19412647,No
14331480,No
18055884,No
20618144,No
20605718,No
19044487,No
20197168,No
9053958,No
15154081,No
18851605,No
17405777,No
9458505,No
13404870,No
13301982,No
18064016,Yes
18208229,No
10683442,No
22064840,No
14012826,No
16976664,No
16497127,No
19931495,No
22893808,No
9800138,No
21217044,No
11110605,No
14653303,No
22824878,No
10782108,No
19073541,No
9824775,No
15585620,No
8603010,No
23086988,No
21592097,No
13964183,No
12481753,No
18752846,No
16127684,No
8673202,No
22926558,No
16134655,No
9864379,No
8530789,No
8464798,No
8952568,No
23293433,No
21264750,No
9457046,No
7570565,No
7605831,No
10848517,No
18613862,No
8301444,No
21017017,No
22809429,No
23243517,No
10896163,No
23447999,No
20717654,No
15413632,No
12516510,No
15927733,No
22318179,No
17922681,No
19881508,No
20651984,No
14862338,No
8441740,No
11850318,No
19492859,No
18697565,No
7590256,No
15478165,No
21686619,No
20290452,No
22123083,No
20836011,No
17469931,No
14184341,No
23757305,No
13004882,No
19216208,No
17931475,No
20705966,No
7625268,No
8211614,No
19295023,No
18179212,No
13588182,No
11784481,No
8903065,No
21709790,No
13075562,No
17614954,Yes
8195402,No
9361464,No
10064306,No
19146909,No
8836793,No
12554865,No
18647314,No
19805598,No
12239617,No
13398332,No
16530184,No
21754187,No
13858266,No
22699624,No
11436679,No
23409358,No
19449288,No
11370502,No
9996402,No
8499130,No
14143506,No
11971259,No
15944597,No
11493768,No
15303998,No
15366999,No
13572950,No
11012977,No
15615615,No
12225555,No
18201188,No
17737168,No
20760322,No
23225503,No
13565395,No
13665388,No
14875037,No
17447402,No
14668049,No
19323284,No
7640391,No
10363561,No
13963396,No
11931092,No
18648486,No
22679769,No
22365177,No
16046045,No
12063358,No
16556932,No
17644551,No
19442167,No
18683243,No
7593476,No
10017485,No
21161272,No
15339707,No
22322283,No
13629579,No
10439808,No
22406213,No
14755236,No
16590422,No
11951839,No
14171211,No
20430979,No
16471804,No
10214806,No
23640400,No
16546502,No
17805955,No
10494931,No
15242458,No
19174312,No
17368872,No
14010328,No
8196175,No
17984368,No
12926961,No
16455297,No
12173828,No
9020505,No
7750121,No
9772975,No
8589566,No
19093532,No
17250702,No
8438609,No
17079115,No
9511695,No
17909531,No
9952314,No
13673351,No
17010442,No
10912336,No
19041405,No
12567764,No
19473056,No
23144901,No
16556285,No
9086372,No
8587033,No
9197189,No
16961441,No
10151493,No
15630009,No
9282229,No
7688245,No
12742836,No
20832145,No
17351345,No
17654521,No
15826148,No
7497848,No
8978669,No
15096445,No
21903797,No
21522014,No
13684783,No
8732556,No
18349566,No
21885392,No
18036521,No
20819155,No
13781115,No
17526193,No
9436532,No
18780625,No
13540751,No
12334439,No
13615157,No
20875654,No
12651086,No
22416493,No
22463308,No
11604073,No
23347896,No
7991168,No
20496699,No
22843548,No
18936153,No
8523193,No
11532472,No
16345895,No
19941569,No
13221627,No
10627502,No
18005407,No
11096472,No
20577675,No
19969221,No
20927016,No
19609377,No
15446420,No
16735612,No
14461251,No
23641760,No
7858068,No
18340697,No
17519997,No
17812336,No
11966549,No
16371329,No
21883681,No
18041602,No
16008393,No
16600497,No
14768829,No
11413101,No
17989608,No
19776750,No
13235094,No
23561530,No
9658693,No
18999008,No
21130236,No
14953513,No
22455525,No
16966487,No
20691678,No
16009600,No
17137525,No
9662314,No
12702052,No
11829478,No
16598063,No
10558067,No
17065232,No
8672144,No
18534177,No
13192179,No
21195116,No
23272336,No
21739454,No
20872234,No
22311387,No
12884148,No
13007636,No
14267521,No
21213919,No
9912545,No
12168140,No
10917965,No
11092849,No
13404997,No
16896650,No
7967444,No
20563534,No
8087579,No
23389536,No
15225447,No
13394571,No
9679991,No
20208371,No
16208355,No
12452968,No
12608929,No
18572673,No
9074934,No
8453255,No
12915583,No
22889822,No
18959407,No
17417582,No
22000309,No
15495169,No
11163712,No
12298223,No
19047456,No
10777805,No
9221796,No
8493260,No
16386618,No
14227625,No
8039663,No
18927807,No
9623431,No
22869236,No
12203352,No
7902736,No
12763592,No
16178833,No
21022334,No
16153324,No
20510585,No
15286519,No
23430887,No
18694898,No
18141900,No
14085625,No
9926502,No
12432564,No
12748308,No
22545595,No
11659937,No
21316350,No
17673618,No
20008319,No
15161070,No
11515646,No
18127909,No
15598247,No
17105731,No
10249628,No
23562249,No
21090893,No
20134658,No
18786480,No
23159868,No
21067381,No
21986991,No
11786801,No
14611775,No
14463016,No
18982093,No
17688629,No
22891671,No
12329363,No
14563247,No
23419449,No
13633127,No
14391105,No
20167720,No
17222905,No
21681788,No
8726705,No
14420051,No
21082706,No
16580879,No
20634207,No
20634649,No
18050066,Yes
17702280,No
12377051,No
21891448,No
15754053,No
18705695,No
18815482,No
10351625,No
18097012,No
18075711,No
21492217,No
15500892,No
9297467,No
9228362,No
22304988,No
7850326,No
8013930,No
9545158,No
13202692,No
12399543,No
14120713,No
19649841,No
13936277,No
19067429,No
23049093,No
21806537,No
8049077,No
16447440,No
7906162,No
18362858,No
8509666,No
14261332,No
12613327,No
22184299,No
12844000,No
19113497,No
10924415,No
19702625,No
23239468,No
11573889,No
19043833,No
9980421,No
22313339,No
21858512,No
14440047,No
16912112,No
11518920,No
9196268,No
20685971,No
10937372,No
17258224,No
17679644,No
13311259,No
17379446,No
22396880,No
15362412,No
8237198,No
19571797,No
21245139,No
9423983,No
11903309,No
14983743,No
17214533,No
20551170,No
9328473,No
11406054,No
14496607,No
12008492,No
20225430,No
21865313,No
10124043,No
13602479,No
22588740,No
21405593,No
14862599,No
9327646,No
17546859,No
20882141,No
19513058,No
11673099,No
12450195,No
14108703,No
8875960,No
14100071,No
19371074,No
16304572,No
15011011,No
17233315,No
12253183,No
13794029,No
8118322,No
11302282,No
21613155,No
8023253,No
17900825,No
10667401,No
11104961,No
14690053,No
23376619,No
9144896,No
12069220,No
8612147,No
12122863,No
18495055,No
12581230,No
10334903,No
22699034,No
20583303,No
23396434,No
17547621,No
13893561,No
9428241,No
10097229,No
11493180,No
22675312,No
16577725,No
9792753,No
8999744,No
22975506,No
14669470,No
15527222,No
10241095,No
10831972,No
10091430,No
8691073,No
19135215,No
13885361,No
17145243,No
16094396,No
11910742,No
14611895,No
9567627,No
23670984,No
20245843,No
11543459,No
18894633,No
9859796,No
16864597,No
10895991,No
17166095,No
19303349,No
7831266,No
15227123,No
18563236,No
21234248,No
23108140,No
9532933,No
16380748,No
9870512,No
23186193,No
19569071,No
11873130,No
16559879,No
17244519,No
16358271,No
13311717,No
8925548,No
16466786,No
11048429,No
19815989,No
11195261,No
14523145,No
12575487,No
11572706,No
10903620,No
23074114,No
21503709,No
11213785,No
15205660,No
12084525,No
21166812,No
22650674,No
10487364,No
13912730,No
21473401,No
15448533,No
14853090,No
9481963,No
21607600,No
8045200,No
10342830,No
15657562,No
22862221,No
14452645,No
14085120,No
7959499,No
23144585,No
15801842,No
11515447,No
17911722,No
10691380,No
12901580,No
15332966,No
17714798,No
8332793,No
7749434,No
18780538,No
20849593,No
20103267,No
10762495,No
23108759,No
15864127,No
15590305,No
8102247,No
21927499,No
18130720,No
20855899,No
12054579,No
12924513,No
21599078,No
14343271,No
21327658,No
12486948,No
17216086,No
15416810,No
8158525,No
13130209,No
8141482,No
15789466,No
13949539,No
9251942,No
13719931,No
23083664,No
13579845,No
14612047,No
21236875,No
14696435,No
21897442,No
17440006,No
9905557,No
8019587,No
22632190,No
16727810,No
9587541,No
21047841,No
23237764,No
9506107,No
14892889,No
23629488,No
10728147,No
22588249,No
13576535,No
11239887,No
22451983,No
16464823,No
23428393,No
22422737,No
19142495,No
14027936,No
17828980,No
10000013,No
12982604,No
17109186,No
9071668,No
14122388,No
18059644,No
15769915,No
21779965,No
20830966,No
14092942,No
22115452,No
19927638,No
21047430,No
9971107,No
10477445,No
9218135,No
18986765,No
15926052,No
16875720,No
19515366,No
9401920,No
21067680,No
16812590,No
9946753,No
12124557,No
23090728,No
20645702,No
9051927,No
7507576,No
13547814,No
9966345,No
22033965,No
16697519,No
22172384,No
8595709,No
21256135,No
15734858,No
18379805,No
17041894,No
7910052,No
12529624,No
14117332,No
9708419,No
8869735,No
13991944,No
22062707,No
14270904,No
11331544,No
8474439,No
22093610,No
11101039,No
16293047,No
22879110,No
20475830,No
18709254,No
20111197,No
18799768,No
10233944,No
10573765,No
14653621,No
14472011,No
11688666,No
18760522,No
15347582,No
22870437,No
18266949,No
10254145,No
16516733,No
17480658,No
12959574,No
23657837,No
23683079,No
21164495,No
8085290,No
15570129,No
10757308,No
10089959,No
8213414,No
19091669,No
21253571,No
10944713,No
12587837,No
14683408,No
22523062,No
13600096,No
16870971,No
21699324,No
18020855,No
8517395,No
12345923,No
19844241,No
22442552,No
9127439,No
10036584,No
12797263,No
23430442,No
12075675,No
10658254,No
17214223,No
13204419,No
10807415,No
23359087,No
23733881,No
12196060,No
17312014,No
10932637,No
10622583,No
18994717,No
17639777,No
20887742,No
17820613,No
14130210,No
14423874,No
13840575,No
23449028,No
8786171,No
9149619,No
11274251,No
13119203,No
23251780,No
14807781,No
20461581,No
19194781,No
18895150,No
18090296,No
13086796,No
15217072,No
17203368,No
10690220,No
22571280,No
8275428,No
11076230,No
10047588,No
15759142,No
8500756,No
8163677,No
9843750,No
7936092,No
14059569,No
10217665,No
21834166,No
22527581,No
8627139,No
19606048,No
22175349,No
22077524,No
14147925,No
20810277,No
20417101,No
13434092,No
12527432,No
22726735,No
19284515,No
18663770,No
14569511,No
17126435,No
9871723,No
21378505,No
18202199,No
23174233,No
9630335,No
10568201,No
8793846,No
9094312,No
10461497,No
20286122,No
7617864,No
15026992,No
13519854,No
13771765,No
10103397,No
16334663,No
17410387,No
9553262,No
15506705,No
19121745,No
13706646,No
18034593,No
23081997,No
18942108,No
8004540,No
22805685,No
20524587,No
16251030,No
16851360,No
14780581,No
16054300,No
10138398,No
16060780,No
10457489,No
10056399,No
13171475,No
13498407,No
19620528,No
9080209,No
17027332,No
18713183,No
7686707,No
23098470,No
10916401,No
15827910,No
15488522,No
23609001,No
23509945,No
9912476,No
16580312,No
20316482,No
15367352,No
19457485,No
17205604,No
22055129,No
7885815,No
19038829,No
22739469,Yes
22623910,No
17839585,No
9331388,No
12905325,No
9195259,No
21654050,No
14202577,No
9509768,No
11061600,No
12005003,No
16070456,No
19067113,No
13196052,No
19196241,No
14481810,No
14300738,No
21562853,No
8902228,No
12557603,No
8215387,No
22173977,No
23354238,No
20136750,No
18704652,No
22560213,No
8767711,No
18486376,No
15802223,No
11656775,No
22751768,No
14937685,No
18028852,No
23195502,No
16912394,No
12641626,No
10770188,No
13185146,No
23471331,No
16943365,No
11757842,No
19063260,No
9165145,No
11867200,No
18562684,No
13126198,No
18184249,No
12186331,No
7563400,No
16066863,No
13239123,No
14060848,No
23501534,No
18425127,No
10062587,No
9111709,No
16912935,No
20116647,No
14201825,No
16911377,No
11572051,No
20498298,No
19501011,No
20581978,No
21009911,No
16139578,No
23158157,No
22825366,No
16670371,No
15138273,No
23283622,No
9643310,No
17259898,No
9273203,No
7579232,No
22172728,No
18375830,No
11465215,No
20144132,No
13947186,No
19319630,No
23161300,No
12118352,No
17473136,No
22671708,No
22079906,No
16443069,No
10421009,No
22749198,No
10346753,No
16380841,No
19354935,No
23125143,No
11691626,No
17370285,No
15562672,No
19069693,No
16339452,No
15449880,No
19362098,No
8698961,No
23379912,No
13797666,No
18766562,No
16863097,No
13819629,No
7687392,No
13142323,No
8492089,No
13896429,No
14027298,No
17925478,No
16684427,No
16962791,No
9043167,No
11248945,No
18127818,No
9968542,No
9274847,No
14440379,No
16806639,No
22621620,No
8639988,No
13415991,No
13191606,No
17303396,No
9505573,No
23185144,No
16342904,No
8330609,No
10248448,No
9539982,No
7626672,No
15610922,No
13196960,No
13082395,No
9789399,No
15002651,No
21691482,No
14561207,No
11040415,No
19050314,No
15654207,No
17296750,No
21439326,No
8631221,No
10467647,No
23684615,No
15893535,No
14238793,No
9834003,No
20073365,No
11992873,No
9669516,No
16045323,No
10913580,No
17444207,No
12851351,No
22965562,No
20793807,No
16712653,No
16379711,No
16058418,No
11274705,No
20444905,No
20221079,No
17096125,No
22317056,No
16890786,No
23620097,No
11380396,No
22287745,No
10557065,No
21642106,No
8049608,No
11131336,No
16737622,No
15608243,No
14344153,No
20817296,No
15493688,No
10754450,No
11554214,No
16983168,No
8254361,No
12081580,No
9408915,No
8468220,No
11777536,No
7855728,No
20428418,No
15639443,No
23080760,No
15766233,No
18155054,No
21958957,No
7516860,No
17524906,No
16352329,No
18440551,No
23118789,No
10957865,No
9460977,No
23135985,No
21771506,No
22501205,No
21205932,No
13167283,No
9568511,No
15684210,No
21508827,No
12904019,No
17651073,No
20840469,No
14565325,No
17269496,No
18417389,No
15560605,No
16718997,No
16747728,No
13415243,No
12945081,No
12437956,No
18096706,No
23223713,No
10508333,No
17534764,No
9135310,No
11834392,No
7846332,No
10502247,No
23535439,No
16449494,No
12092837,No
19084419,No
9966214,No
14401923,No
7856856,No
22470470,No
14482903,No
18515320,No
11823382,No
12780797,No
10294257,No
12811782,No
7969484,No
13538999,No
16610226,No
9139304,No
13211321,No
15750226,No
11098824,No
10846054,No
20943205,No
21777371,No
7710499,No
20048818,No
9758986,No
17301178,No
16137851,No
7682833,No
8387971,No
15063136,No
8765074,No
22941585,No
17230011,No
15022711,No
20489557,No
11768705,No
15888905,No
11199323,No
8514501,No
14378341,No
17894125,No
15092886,No
11612808,No
22692108,No
17294847,No
15772010,No
16638902,No
9489876,No
16185468,No
20714655,No
18620608,No
23024685,No
17556864,No
18078259,No
13384351,No
21626153,No
15070044,No
7843855,No
14726391,No
14285808,No
18704063,No
16647321,No
8623712,No
20105897,No
21260743,No
19239781,No
12981644,No
10274409,No
15841580,No
8434799,No
11164475,No
7922082,No
19420086,No
10665672,No
8299557,No
10386780,No
13872445,No
9738846,No
13615930,No
17481619,No
12163082,No
17993173,No
19094132,No
11783636,No
17905858,No
20814507,No
14920176,No
19762468,No
14268129,No
8358170,No
22156243,No
18610410,No
22427382,No
11200884,No
19048971,No
14932959,No
17262623,No
10651442,No
12862797,No
8578023,No
16543629,No
14913976,No
17207249,No
15434036,No
23619575,No
13702219,No
16245964,No
9899816,No
21732675,No
8310557,No
22943369,No
18333041,No
8043627,No
12202428,No
14036709,No
9839099,No
11980700,No
22525253,No
13497827,No
19192501,No
15736795,No
8420666,No
9980291,No
18878669,No
9533064,No
19393608,No
20720106,No
13016752,No
20479632,No
14228041,No
18764867,No
14347560,No
22180162,No
20058259,No
17728210,No
21040558,No
16964690,No
18889880,No
16829186,No
12694265,No
9714669,No
19514798,No
14258854,No
18732112,No
16653143,No
21738824,No
20556845,No
20034595,No
21315002,No
23168425,No
17117240,No
22825278,No
12318881,No
12243612,No
14875154,No
9057742,No
11144315,No
19718487,No
22557596,No
11914803,No
9904748,No
17279429,No
12989868,No
20403705,No
12910598,No
8926718,No
16410434,No
22199244,No
14895510,No
9894649,No
19749249,No
13554627,No
7891355,No
13180974,No
11524962,No
13667212,No
22951027,No
20473234,No
18270654,No
21346046,No
23290478,No
15393263,No
7704939,No
18157263,No
21996342,No
23542896,No
12159472,No
14915561,No
16898931,No
22632060,No
17524273,No
21043294,No
9573417,No
12210765,No
8063687,No
21973950,No
9447808,No
10685428,No
9254148,No
7515135,No
8161971,No
19994746,No
9413715,No
23473985,No
17554847,No
8742242,No
14334108,No
16157440,No
9715619,No
22180179,No
20287984,No
17270515,No
15827212,No
9551557,No
14765541,No
13788546,No
21416981,No
9010697,No
15863233,No
16373793,No
22161561,No
22535256,No
17022298,No
23190111,No
11509255,No
20159882,No
19481588,No
16839847,No
16545922,No
10269090,No
13811934,No
8764441,No
22124027,No
14411283,No
16085490,No
14348855,No
21343503,No
21262487,No
11865497,No
17972998,No
17228269,No
22198630,No
18242212,No
19425040,No
20336736,No
12041084,No
21717230,No
10200980,No
7702936,No
18663942,No
8363038,No
9226522,No
19250231,No
14675479,No
18774846,No
22053839,No
21221101,No
19530987,No
15712173,No
23118241,No
8943613,No
21728642,No
21046482,No
17582410,No
10278247,No
18642893,No
14558065,No
16293647,No
13299063,No
23524003,No
23461750,No
16944417,No
22724462,No
9645464,No
15071362,No
11562844,No
10315685,No
22867648,No
16805646,No
18455891,No
18150317,No
14750088,No
14495480,No
10769208,No
14942601,No
11931329,No
18309365,No
12474759,No
10816618,No
9044492,No
14002131,No
16082472,No
20327406,No
13415737,No
14221997,No
16071098,No
20389989,No
15639358,No
9544853,No
9263468,No
22903035,No
21224329,No
15041110,No
16766551,No
16532218,No
16540345,No
14497499,No
10310554,No
15472321,No
8235184,No
21883242,No
18519818,No
10265949,No
15289149,No
7634795,No
21251629,No
14904061,No
10247201,No
21395676,No
13943818,No
7728551,No
14946326,No
11983551,No
7973606,No
13074785,No
9477430,No
19710820,No
21704626,No
14405649,No
12285151,No
9104789,No
12663931,No
8756232,No
13516713,No
9883975,No
21168667,No
9578621,No
16989381,No
15409121,No
16658168,No
20832685,No
23252776,No
22960255,No
11536169,No
10791539,No
8235661,No
17810763,No
18023668,No
8364722,No
22205178,No
9117508,No
12645439,No
13319355,No
10636878,No
18368081,No
16276590,No
17622473,No
15872037,No
8416441,No
16852114,No
15999230,No
14864912,No
20984850,No
18474932,No
7557163,No
8623332,No
22499846,No
13096795,No
21322481,No
16208574,No
12354571,No
15255152,No
16121511,No
15226152,No
13613912,No
21008753,No
8834895,No
11526374,No
17568266,No
10868252,No
20173624,No
14711039,No
20733911,No
10598364,No
8867393,No
14361291,No
21900307,No
19347491,No
7570045,No
9419130,No
10962517,No
17147513,No
13019760,No
9361612,No
10834291,No
17897855,No
19959700,No
12824954,No
21885059,No
18043734,No
17144240,No
11139435,No
23167465,No
7645826,No
14862297,No
23161480,No
16754567,No
11210352,No
17203602,No
19755329,No
7734542,No
21116724,No
13652962,No
13240748,No
8526085,No
13350132,No
18463727,No
17835791,No
12007617,No
21406649,No
13153195,No
20095644,No
9373269,No
19506908,No
18729995,No
20209156,No
19741128,No
19155406,No
21046091,No
16935871,No
20224276,No
11865076,No
12622712,No
18651836,No
20211977,No
7507249,No
10711129,No
20951038,No
15268314,No
15486294,No
20678917,No
20828810,No
9721146,No
10957269,No
19448788,No
15733966,No
13541154,No
23605307,No
15340001,No
21792423,No
7625419,No
17823864,No
8731995,No
10262960,No
12725006,No
10307654,No
21907003,No
10456437,No
11401435,No
20282182,No
7600952,No
17243598,No
11432852,No
10998778,No
19323474,No
21145033,No
8804233,No
21565830,No
23579607,No
9513802,No
14402196,No
21703130,No
22868805,No
15464632,No
14031696,No
16323465,No
12412285,No
20714869,No
8662301,No
13228025,No
12429389,No
20708582,No
21178146,No
9011151,No
15963124,No
14818320,No
8537788,No
8880367,No
18037131,No
17800802,Yes
18500816,No
20685314,No
8485565,No
19854108,No
16056905,No
16133697,No
11725713,No
11574752,No
16113247,No
19121889,No
15407486,No
21247149,No
19381576,No
17020421,No
21685935,No
11154181,No
17829241,No
17162296,No
13905578,No
8657110,No
8404100,No
8799745,No
18686465,No
22922491,No
19166351,No
9354461,No
16340080,No
14961183,No
15349851,No
15298279,No
11636013,No
9480107,No
13740149,No
12415139,No
15927414,No
11660870,No
9427233,No
22062766,No
7969076,No
22234977,No
11517520,No
22015100,No
22108637,No
9744273,No
15222148,No
8336177,No
11473491,No
17102862,No
16008082,No
14992613,No
10639413,No
19471801,No
11817932,No
14625427,No
21834849,No
20337512,No
7612176,No
10967906,No
8390181,No
14975893,No
21386131,No
17945997,No
22976471,No
10704656,No
18671554,No
18720025,No
22216640,No
20867907,No
19341752,No
21289684,No
12000852,No
19907739,No
22342118,No
8639249,No
16105724,No
13557647,No
9642611,No
17861254,No
9277947,No
21439615,No
10488797,No
19595443,No
19620541,No
8820037,No
8773552,No
11903471,No
16693093,No
15637283,No
13890660,No
23651772,No
11770249,No
9749775,No
12903051,No
12761505,No
20420510,No
20149278,No
13635225,No
10285611,No
14456333,No
13542800,No
11398032,No
20407531,No
14087039,No
17723245,No
11923745,No
15388488,No
17184220,No
15532756,No
23556836,No
15387561,No
8632156,No
8685952,No
14898659,No
22716345,No
8889322,No
13450217,No
14927438,No
10741004,No
23180966,No
16753306,No
8637273,No
8432573,No
22218846,No
8249046,No
13246203,No
23585531,No
22432691,No
16229600,No
17221739,No
17005934,No
21491095,No
8361366,No
9773558,No
20225610,No
17163407,No
9368436,No
18795177,No
15999850,No
12349458,No
22676034,No
13220622,No
11943648,No
11059723,No
15298101,No
11484378,No
17961177,No
10801614,No
18067392,No
10069456,No
22924864,No
22483001,No
15898539,No
8140519,No
9499171,No
11392272,No
20025578,No
23407132,No
11146706,No
14187333,No
8371087,No
12226259,No
8637014,No
20928364,No
20943132,No
22598223,No
20220415,No
14791532,No
16531733,No
8141168,No
22983213,No
17088158,No
22750698,No
8304774,No
17188204,No
20099582,No
11531788,No
14893100,No
11794433,No
15004968,No
12527995,No
10054652,No
12485999,No
9348876,No
19945915,No
15232571,No
19072818,No
8072171,No
19216011,No
11768427,No
20304586,No
18264429,No
13238580,No
16404064,No
16324260,No
21565448,No
21236259,No
10197992,No
8772836,No
20548852,No
14534469,No
15189420,No
12360412,No
8979582,No
14381834,No
10279248,No
17322201,No
11746660,No
9400348,No
10007762,No
14367545,No
15021167,No
22995374,No
10612254,No
20815928,No
18953148,No
16294508,No
22508718,No
11984887,No
10325820,No
20001541,No
17115659,No
20051624,No
9983481,No
20163817,No
12357787,No
15428375,No
8242129,No
22360050,No
23699263,No
23652061,No
18295572,No
19334645,No
19888070,No
15405786,No
13534693,No
7573268,No
15406431,No
22391997,No
16470233,No
20689443,No
9736099,No
10332865,No
19414217,No
11528315,No
7927308,No
13163198,No
11809690,No
14565717,No
14377303,No
23223943,No
8724921,No
18019106,No
14853461,No
17353718,No
18463128,No
13690880,No
21150584,No
10428752,No
13932778,No
22658558,No
22232238,No
17215884,No
21016762,No
17497886,No
18908902,No
10381347,No
15092489,No
18963436,No
8524639,No
19507956,No
14455738,No
13971386,No
14421902,No
18814688,No
16408680,No
16224436,No
15546035,No
8986345,No
17199310,No
20813423,No
10488231,No
20746705,No
12525385,No
14875082,No
16881512,No
14957201,No
22078069,No
10687143,No
9488367,No
15073996,No
20750337,No
12935698,No
9685512,No
21387084,No
10398678,No
21305811,No
20174328,No
20077299,No
8814783,No
23108654,No
14190634,No
13125686,No
14564982,No
12450674,No
23491442,No
12057958,No
12494817,No
12770663,No
23213663,No
19368499,No
23195296,No
10922110,No
18999569,No
10943157,No
15293629,No
8574225,No
18374145,No
18070623,No
11566237,No
21584667,No
20576398,No
22306224,No
18584199,No
15713071,No
11484077,No
18841203,No
22909621,No
10987155,No
21025853,No
20559688,No
9570947,No
8313322,No
9803920,No
13692112,No
14740761,No
22410542,No
9695794,No
7815035,No
14952924,No
14843219,No
22631951,No
7564029,No
20691753,No
10766787,No
13534103,No
16821969,No
21596646,No
22983990,No
19599867,No
21016663,No
8075302,No
20609369,No
15201246,No
19018026,No
12839469,No
9993469,No
10557051,No
19646911,No
9039214,No
10797126,No
9650215,No
19540157,No
19748309,No
12401901,No
12316634,No
9393555,No
13832794,No
11751261,No
11316695,No
22469122,No
14469180,No
20171764,No
11707178,No
10632519,No
22806542,No
19973624,No
14496947,No
21922844,No
17425259,No
16619422,No
23323092,No
12253184,No
16501766,No
23206006,No
16768339,No
12317759,No
10211799,No
16669962,No
14604905,No
15858040,No
8356239,No
18619813,No
23152775,No
21122778,No
13943848,No
14076214,No
23635809,No
8433817,No
18910749,No
12187699,No
21415010,No
8318667,No
10035193,No
10444333,No
20324276,No
10256918,No
12271181,No
11815191,No
12560558,No
10723009,No
21408609,No
11859620,No
12641852,No
18396729,No
22017474,No
20375098,No
9267124,No
13001778,No
11554867,No
8658048,No
9022436,No
22350889,No
8295923,No
12539617,No
13424902,No
13114934,No
23529860,No
22426309,No
14673581,No
22839452,No
18144155,No
20263454,No
18876953,No
19008287,No
8123233,No
17496172,No
9464718,No
18439189,No
15919007,No
15806523,No
9865292,No
19227883,No
7510517,No
18121054,No
15802958,No
17076959,No
11995118,No
8871138,No
17616372,No
18195954,No
17583502,No
19081361,No
18991468,No
22267004,No
18064992,No
16429169,No
10206764,No
21864556,No
19626309,No
19385095,No
12812716,No
18108388,No
16587445,No
15382668,No
21270326,No
18374849,No
12184518,No
15850382,No
21385552,No
18697868,No
20569341,No
18120141,No
22055278,No
11235603,No
17609757,No
19638489,No
11346723,No
22654654,No
16485840,No
15897501,No
20429012,No
18930497,No
21818308,No
7839817,No
19681711,No
15536613,No
16756524,No
14466818,No
17684760,No
14021681,No
22308630,No
7618426,No
19673615,No
13273020,No
15559484,No
16598964,No
10060129,No
10008209,No
17420889,No
14150134,No
16339159,No
12426905,No
22134098,No
7534700,No
8812015,No
14885488,No
19348880,No
19357885,No
15226792,No
18465144,No
14453339,No
16867991,No
15516113,No
8241427,No
10674190,No
15298619,No
22883851,No
20349052,No
20152737,No
7569344,No
20070224,No
9358522,No
18165685,No
19839144,No
12264760,No
9564243,No
7846609,No
20347804,No
11391449,No
16236429,No
13144096,No
20795863,No
10727450,No
7814177,No
19247549,No
10415352,No
22041980,No
21941820,No
13615453,No
16189509,No
9607967,No
10959878,No
11610753,No
22589139,No
22021673,No
9640589,No
8341760,No
9090244,No
22499525,No
19382537,No
22728706,No
13962361,No
16945667,No
15979709,No
21830284,No
7641352,No
7521983,No
8950435,No
16973916,No
21667732,No
19697274,No
23664809,No
22267626,No
8287947,No
23094244,No
11796768,No
7820928,No
14849108,No
18339527,No
9296817,No
15182591,No
12327975,No
7732870,No
12959711,No
13682837,No
16681603,No
21720493,No
20924694,No
22660932,No
9267953,No
11670400,No
10874033,No
15262143,No
10743256,No
18688747,No
16660233,No
14690364,No
22989898,No
21808836,No
14415953,No
7661574,No
11529682,No
17905065,No
21180209,No
10697921,No
15105928,No
17548872,No
22132898,No
10852416,No
13844300,No
8336604,No
9682104,No
21223566,No
22833598,No
20954266,No
8646717,No
8080967,No
16403381,No
11326001,No
11157202,No
9215850,No
22884738,No
22326921,No
12815066,No
16756927,No
19546657,No
10460597,No
14327849,No
16398244,No
18477060,No
12028899,No
11583788,No
20272060,No
20078537,No
21923724,No
22064152,No
9570298,No
16406673,No
13206141,No
7564396,No
22374159,No
9247222,No
23470447,No
18524610,No
12738774,No
20754555,No
13698033,No
12746267,No
20252169,No
11306168,No
15515971,No
19983353,No
15388329,No
11096805,No
17621429,No
7559539,No
17058116,No
21869985,No
20660120,No
17995940,No
8483044,No
12118969,No
22491410,No
7856410,No
19439146,No
18086163,No
15843215,No
12566472,No
22165962,No
11169843,No
16049812,No
11944642,No
7845333,No
16706979,No
21889958,No
21650665,No
10305174,No
20135733,No
23740572,No
11201593,No
7684299,No
23580725,No
13283893,No
22935037,No
13207539,No
18384927,No
22730947,No
11982756,No
8739501,No
21067282,No
12633385,No
23130180,No
17790343,No
17971399,No
17182153,No
16096508,No
18050322,No
14940545,No
17993025,No
17557142,No
18082229,No
18024023,No
12963268,No
17393282,No
16317749,No
18981551,No
8643010,No
15867464,No
17570158,No
21426795,No
15718849,No
20421853,No
8429785,No
14305669,No
14031916,No
10771450,No
12189884,No
16464050,No
8704607,No
12348289,No
9159715,No
9021752,No
19736585,No
17625045,No
9249950,No
22005212,No
21115784,No
21403101,No
9276840,No
21049570,No
18117254,No
17478019,No
21009331,No
11773077,No
12081526,No
10386008,No
13115189,No
23123603,No
8989695,No
14282128,No
22903119,No
17196964,No
18706851,No
14369969,No
15238220,No
19641529,No
21576049,No
17049670,No
22648656,No
13604595,No
21560596,No
16562368,No
16529394,No
12732233,No
14529687,No
17275991,No
9420876,No
15185225,No
20550741,No
17981781,No
11836299,No
12021945,No
18818643,No
23717071,No
16372497,No
11695487,No
8569038,No
15275043,No
9584255,No
21340518,No
19552157,No
8415291,No
15550296,No
20965190,No
21270977,No
13771232,No
14694235,No
18861783,No
19760320,No
12269852,No
14152001,No
18061472,No
19351378,No
17120654,No
21000159,No
18265814,No
16100908,No
13867328,No
20669150,No
11297972,No
15266938,No
23438757,No
10586275,No
14588949,No
19134749,No
19100622,No
15206597,No
7818481,No
22186622,No
11875218,No
9404772,No
12120374,No
12096435,No
10923648,No
14054379,No
19340069,No
22423438,No
13089536,No
11172589,No
16266631,No
23181722,No
21578345,No
22166824,No
22303437,No
7962881,No
18763989,No
23723779,No
19997388,No
22198582,No
21668685,No
12591963,No
17800077,No
11269825,No
21860349,No
15369447,No
14090901,No
10693598,No
18552189,No
13314367,No
10306063,No
19038375,No
16628480,No
16783691,No
16528628,No
13181390,No
20656552,No
9550231,No
20991132,No
20505144,No
10886266,No
19224216,No
12080398,No
23633445,No
15533426,No
14380005,No
12706162,No
20092339,No
11043369,No
13082441,No
18033813,No
22383294,No
14403361,No
16191855,No
21571011,No
22885706,No
21622821,No
12421828,No
9082346,No
18483368,No
8778933,No
14004948,No
11971920,No
20738899,No
16461605,No
18096288,No
10911632,No
15710881,No
12031783,No
22933439,No
16210847,No
19772709,No
17742062,No
13002284,No
10435719,No
19054647,No
13690284,No
19278318,No
17104782,No
11539194,No
22932841,No
19466806,No
7955135,No
23529925,No
23570843,No
13792164,No
20288017,No
17870740,No
17726346,No
23425130,No
15907923,No
16435052,No
20223380,No
7773094,No
23370173,No
12260999,No
7692671,No
22695316,No
16745037,No
16675246,No
23294827,No
12905423,No
16431880,No
14521955,No
18138979,No
16749874,No
12822806,No
7948325,No
13949136,No
15695581,No
9500583,No
19225883,No
10304113,No
19796059,No
9361937,No
23438005,No
20652607,No
8756779,No
14240506,No
13737717,No
14348397,No
12604265,No
22830832,No
21723063,No
15565643,No
13651769,No
13942140,No
18272287,No
8110038,No
17631442,No
20707122,No
18200288,No
14087771,No
12265072,No
18152559,No
10641223,No
13276085,No
22619761,No
10475452,No
12604896,No
22467702,No
18918160,No
15153839,No
15681149,No
17919875,No
17306112,No
23224818,No
15191619,No
15758853,No
23749677,No
13152897,No
17236733,No
22261406,No
19844622,No
11755100,No
19117666,No
8164566,No
17004620,No
16641996,No
18260400,No
18507002,No
19420706,No
19924874,No
23680737,No
17931092,No
17613293,No
9667913,No
12557708,No
19139443,No
19212865,No
20779493,No
11357793,No
7754359,No
13880328,No
15816335,No
9681973,No
8551185,No
22235218,No
14510355,No
17508261,No
8664812,No
18702495,No
14360736,No
14979660,No
9456582,No
21270681,No
18577768,No
8596829,No
12506722,No
13653232,No
21998096,No
23052399,No
9924900,No
12669619,No
8432116,No
23404087,No
8652534,No
15972044,No
19181736,No
8466412,No
15099832,No
20454846,No
17619908,No
10731088,No
14764897,No
19022883,No
14072125,No
21942637,No
13960922,No
18266957,No
18186926,No
12392858,No
19477333,No
17772149,No
12111807,No
22361051,No
13835092,No
14682120,No
19764311,No
17824349,No
15298488,No
13494496,No
10204250,No
20945643,No
18376457,No
12508747,No
13013026,No
16109712,No
7800191,No
14547020,No
17328823,No
19131064,No
17269934,No
13162336,No
16051151,No
9142717,No
20617610,No
16622180,No
21018603,No
12468531,No
19659142,No
15195631,No
12115394,No
14861931,No
10361877,No
7750194,No
22942391,No
16971575,No
23298291,No
9772925,No
9036889,No
16587824,No
15539082,No
14214543,No
11062265,No
10433089,No
13992180,No
16050893,No
21023829,No
13981456,No
11337929,No
14938341,No
12481347,No
13734126,No
12373049,No
13196823,No
16099667,No
14569545,No
7630103,No
7755610,No
9181415,No
15982056,No
20822635,No
11409589,No
8337619,No
14221048,No
8832185,No
22698411,No
14672800,No
17138863,No
8970143,No
20210348,No
17170912,No
14811783,No
20665526,No
14708964,No
17883801,No
19029216,No
11391813,No
16628644,No
14083696,No
11727726,No
12478296,No
18591806,No
10541628,No
20621708,No
12249527,No
13610826,No
9449575,No
10230954,No
8202381,No
22539815,No
9442736,No
8338772,No
12605478,No
14615884,No
14346545,No
21116309,No
9254620,No
21234489,No
11429044,No
8110617,No
21387106,No
11092381,No
21315406,No
20437592,No
12673082,No
16035005,No
9337486,No
10962766,No
18655516,No
12057390,No
17334383,No
18273891,No
20598887,No
13792341,No
12784629,No
8807445,No
15007021,No
12054273,No
12276414,No
23684635,No
9210766,No
13197055,No
15886039,No
7832663,No
15855311,No
13833077,No
19961181,No
12637077,No
19323168,No
14979573,No
18796995,No
16421493,No
22700810,No
18374598,No
22393430,No
21439831,No
18993633,No
22917768,No
23108910,No
20274766,No
16608566,No
18542461,No
9439124,No
9904932,No
10533571,No
17239689,No
21042250,No
15573189,No
13894640,No
9083880,No
21335928,No
9473596,No
8354870,No
22575569,No
8917787,No
9796164,No
14267847,No
7744147,No
19826238,No
19516788,No
14667476,No
13831334,No
12912803,No
7673521,No
18731459,No
19711689,No
11965371,No
22632935,No
13737740,No
15402573,No
8882397,No
16278325,No
16960101,No
16203914,No
21344693,No
12043999,No
16265205,No
19683046,No
13878010,No
13356731,No
10728230,No
15695054,No
7977526,No
11856856,No
21174550,No
11362269,No
10651702,No
16356626,No
9869988,No
17658261,No
19076580,No
14469610,No
14176667,No
12690751,No
16174485,No
13198147,No
23339842,No
22167880,No
22492479,No
11366375,No
21741955,No
19818457,No
18366140,No
15755939,No
17926990,No
23757086,No
14291314,No
21470444,No
8651721,No
18594415,No
8587868,No
8510288,No
14546237,No
17579752,No
15941496,No
17389413,No
19544473,No
23611654,No
16608448,No
11231794,No
12302891,No
13259775,No
21534462,No
15818510,No
10713584,No
16414410,No
11256775,No
19536637,No
14692806,No
11165209,No
10652920,No
21047095,No
17516091,No
7933947,No
14908790,No
17784316,No
16583154,No
11259998,No
13292845,No
16382634,No
11559778,No
8532177,No
8917342,No
13920251,No
7809419,No
17693176,No
10509375,No
12193008,No
17103226,No
18667476,No
7669162,No
22467997,No
22675498,No
22795757,No
11444989,No
7799631,No
8458480,No
21427181,No
9945414,No
11917657,No
15648696,No
8317580,No
12154674,No
20314366,No
7659667,No
8375875,No
12169389,No
20494614,No
23535657,No
14231174,No
8434853,No
16764552,No
23022743,No
22494303,No
17362141,No
9264706,No
16905254,No
14705307,No
8901235,No
13017426,No
11428279,No
14114428,No
22344600,No
7958925,No
16928113,No
12409582,No
17262594,No
12849873,No
13079106,No
21496336,No
15563113,No
23182032,No
14807606,No
21460399,No
17514573,No
11368763,No
9602873,No
8097902,No
9268459,No
14579943,No
15438161,No
13299705,No
22735460,No
11905979,No
10813877,No
8247561,No
15440646,No
11805500,No
7514624,No
8712188,No
18931604,No
12870567,No
8190124,No
20061949,No
16556549,No
8659928,No
11214948,No
11540905,No
19424377,No
9818696,No
9307726,No
12177194,No
19909153,No
12912453,No
18791829,No
11484608,No
18675812,No
20730651,No
21688761,No
22383205,No
9843887,No
10550284,No
8735188,No
17326044,No
21890506,No
15981553,No
15470571,No
13667876,No
11539698,No
10826363,No
16119686,No
8086873,No
14197692,No
19338225,No
12291758,No
19324372,No
13580324,No
17511449,No
20040489,No
9611311,No
15019214,No
18265203,No
10522135,No
22872155,No
13620394,No
14861634,No
16289559,No
9052023,No
16909501,No
16266337,No
19768619,No
23425614,No
15506143,No
21355586,No
18834449,No
22865885,No
18383366,No
11886813,No
22296230,No
12466265,No
22468878,No
21581991,No
12348383,No
11384978,No
11245369,No
17975848,No
16382521,No
8161305,No
21773756,No
19065975,No
18968092,No
12051088,No
12839408,No
14936513,No
18433613,No
19017077,No
22627902,No
10062828,No
20755552,No
17065694,No
11078239,No
16719204,No
13774934,No
13069668,No
14349360,No
11413458,No
7641079,No
15164825,No
20452176,No
20241648,No
18406371,No
11106519,No
7786092,No
22463327,No
8320243,No
22563555,No
17476589,No
10553561,No
19790712,No
20833578,No
14145508,No
8630655,No
21343394,No
18815226,No
22531347,No
16482853,No
12296314,No
7939426,No
17538174,No
14071155,No
10698387,No
9473227,No
19161941,No
16959362,No
13293358,No
15209925,No
9175265,No
20464546,No
14984300,No
22015530,No
23508470,No
11975719,No
11054707,No
11893623,No
18903261,No
19090981,No
11586002,No
10098301,No
8384600,No
20160465,No
14096162,No
21570231,No
15167532,No
17106889,No
9035416,No
9371707,No
19752899,No
19105779,No
11908507,No
19549235,No
19896690,No
13816392,No
23161969,No
9903213,No
9211044,No
10851793,No
16937545,No
9544186,No
12672518,No
22225536,No
18216566,No
19797217,No
20689623,No
13712555,No
8174757,No
21977084,No
16302816,No
19999736,No
17361034,No
14094093,No
21213004,No
11348449,No
15515324,No
8848645,No
21963403,No
9944944,No
10019539,No
21042221,No
8149410,No
8628333,No
13885008,No
10845607,No
10584795,No
13642004,No
22724928,No
21761186,No
22797797,No
20356963,No
23466831,No
8623913,No
22810412,No
22858339,No
7803097,No
14600919,No
7921501,Yes
20130923,No
10794460,No
8158841,No
15263288,No
9599866,No
8411030,No
14452522,No
7996102,No
19804743,No
19718571,No
13926509,No
9556109,No
16016346,No
13308245,No
16331093,No
19309545,No
16800515,No
13387862,No
11509394,No
12611300,No
11117950,No
13380362,No
10632226,No
16039645,No
11592941,No
10614483,No
22917054,No
20434721,No
19011825,No
21509087,No
13779968,No
16407744,No
22829745,No
9914957,No
11490954,No
22017909,No
15161527,No
13922169,No
9645262,No
16193499,No
7807980,No
21862949,No
11074944,No
9907261,No
9165800,No
11252328,No
15762161,No
23108425,No
13309536,No
8661183,No
10274822,No
12994101,No
10633235,No
12759740,No
20953115,No
15154506,No
18978153,No
15525857,No
20962114,No
12989498,No
9483085,No
15282568,No
10514069,No
18427827,No
13774446,No
20206296,No
8615015,No
11349754,No
8772753,No
16392924,No
8996675,No
19098048,No
12013743,No
19738882,No
23423190,No
11481772,No
10804856,No
19043770,No
15930586,No
18651186,No
10294525,No
20683965,No
9698390,No
15689830,No
10209013,No
8773513,No
7965622,No
9931249,No
17407596,No
18638101,No
21257660,No
17964938,No
11517117,No
13274107,No
21286018,No
7713389,No
14137514,No
14969181,No
21371126,No
14068942,No
14073148,No
22185408,No
17113517,No
11845864,No
13175942,Yes
22526967,No
11380320,No
15412217,No
18287783,No
9625134,No
22343043,No
14366550,No
21514724,No
13894046,No
10021304,No
16328259,No
23084070,No
17236295,No
23579356,No
10759079,No
23661476,No
8989730,No
11773654,No
18040667,No
17997868,No
13982557,No
22603054,No
8867674,No
15002775,No
15313960,No
23259770,No
14846103,No
8677355,No
21219690,No
20152874,No
17393075,No
12706917,No
14568119,No
14046543,No
19224848,No
8959039,No
13486502,No
19596002,No
16019142,No
18506593,No
11326803,No
18714215,No
22865222,No
15529566,No
15467934,No
11819293,No
15217288,No
13918487,No
21761636,No
14481498,No
17187771,No
19853955,No
20371430,No
18268353,No
20465414,No
19545163,No
12895358,No
8387133,No
18873511,No
17508661,No
10323585,No
15278238,No
10156914,No
8948492,No
12347842,No
15690368,No
12453175,No
15007727,No
19347040,No
10389080,No
8695753,No
20055313,No
13873741,No
21254990,No
19752146,No
8702520,No
21427083,No
19117156,No
9643892,No
20795829,No
8303125,No
9774255,No
15333643,No
10554887,No
15310747,No
21611458,No
16781506,No
10558920,No
21942580,No
16288459,No
13309682,No
18376014,No
18216861,No
13059299,No
15814212,No
11403027,No
10449666,No
17312462,No
11538184,No
19057698,No
20456075,No
13869930,No
9256772,No
16920970,No
7774865,No
22605805,No
11029460,No
21166029,No
22206996,No
15500116,No
16460560,No
19945305,No
16524112,No
11690808,No
7737815,No
16834564,No
23011212,No
18700627,No
17316089,No
12942556,No
10256591,No
17877817,No
20745489,No
13868092,No
7883798,No
18857145,No
16497023,No
11243384,No
19740175,No
17771153,No
20489079,No
23140382,No
22155108,No
14051512,No
15806367,No
21802096,No
22904697,No
9603087,No
22536753,No
16935457,No
18650478,No
19009576,No
12161416,No
18834970,No
10580961,No
10008661,No
11620759,No
10666192,No
8247252,No
18184516,No
12100174,No
21852885,No
15868379,No
16837503,No
19789391,No
21614306,No
7478216,No
16853567,No
13266434,No
11191030,No
16911787,No
13220392,No
8289836,No
22472371,No
13002757,No
13755388,No
9971431,No
8136117,No
14775389,No
19801979,No
21292888,No
7908300,No
11563968,No
18386981,No
23079159,No
19209525,No
7633355,No
18666186,No
10458826,No
10819444,No
18802337,No
10202910,No
7509447,No
20336293,No
13840837,No
23678446,No
20347696,No
16990587,No
20809714,No
12049508,No
14556683,No
9125792,No
8647346,No
9442151,No
14215162,No
12509834,No
12593476,No
9450784,No
21929234,No
23165736,No
9162379,No
15411024,No
10863137,No
12597560,No
18919210,No
21455232,No
7504420,No
20194188,No
16417492,No
14533934,No
22212438,No
15386557,No
8925354,No
15550074,No
21453118,No
13857100,No
11863793,No
22242355,No
7832067,No
23547873,No
17902656,No
23209255,No
20701692,No
20325277,No
17340453,No
11554429,No
12790554,No
17437081,No
13686447,No
10532787,No
16259796,No
16392558,No
9128375,No
23214582,No
8470290,No
13192127,No
22359826,No
9214169,No
19154469,No
15217017,No
21468083,No
13178924,No
8796394,No
21070635,No
20898417,No
11132489,No
8208284,No
16593861,No
16805445,No
7502913,No
21222076,No
15185293,No
9298918,No
16473279,No
22511634,No
23509226,No
16372625,No
13839597,No
22100687,No
19432669,No
17781789,No
11711156,No
21752471,No
21098174,No
14273438,No
22337916,No
19190737,No
23425685,No
10859402,No
19087748,No
23748849,No
10661321,No
16081172,No
10914794,No
10262648,No
7555466,No
17290927,No
20475935,No
9472572,No
10703319,No
18885453,No
9420684,No
12019331,No
16180279,No
21702177,No
18436597,No
7973428,No
11686835,No
11578481,No
16588966,No
19098374,No
17270441,No
12384788,No
21641254,No
13825944,No
16792790,No
14017424,No
14616543,No
21380552,No
19837348,No
18422219,No
15762082,No
16204345,No
12394807,No
14834825,No
8106356,No
22172656,No
23615107,No
18368890,No
10671365,No
13844795,No
9618733,No
8827719,No
14146309,No
7773417,No
21504619,No
13854826,No
22482722,No
11276070,No
21426284,No
10923682,No
17774223,No
12300975,No
20753248,No
7891719,No
15496904,No
14775830,No
13938149,No
9207240,No
21030520,No
10482314,No
8225666,No
15621294,No
8587636,No
11272054,No
11843225,No
21967349,No
14913858,No
11623414,No
9232715,No
8075244,No
12030830,No
17306649,No
22617886,No
7879169,No
7725249,No
13674848,No
17737695,No
12116366,No
19604554,No
10622049,Yes
20576543,No
14311165,No
7738419,No
21542900,No
20046984,No
8282921,No
14294386,No
9610783,No
23722267,No
18310681,No
18375593,No
19930796,No
15412702,No
8630840,No
22982259,No
10078492,No
19359960,No
19413065,No
21165681,No
17038758,No
22198851,No
19186548,No
23047941,No
23002815,No
9130690,No
8759147,No
7881550,No
9979882,No
13252629,No
23729649,No
20430989,No
16956877,No
13505304,No
16863608,No
7488743,No
13396883,No
18862394,No
8383654,No
16236853,No
21897490,No
19271299,No
14720579,No
17821941,No
17923289,No
10885876,No
17758678,No
23506723,No
23252936,No
12999138,No
12007039,No
8979249,No
13864053,No
22054289,No
17935292,No
20789457,No
19622763,No
15121310,No
15714390,No
19241210,No
18236464,Yes
20773275,No
20760093,No
19911793,No
18662004,No
9607465,No
13541721,No
17970108,No
8533678,No
22143989,No
20284421,No
23298910,No
7981018,No
18581162,No
16524808,No
16942445,No
9540408,No
9059385,No
12069987,No
9251375,No
20456943,No
21143743,No
8557179,No
10242783,No
21316150,No
23758404,No
13849757,No
15460342,No
11284320,No
14229433,No
22845874,No
13412591,No
16427980,No
9404487,No
16134924,No
10567332,No
19009894,No
17942596,No
15047859,No
20166596,No
12475170,No
23237250,No
17697986,No
21120023,No
10393603,No
17942985,No
14048920,No
13825534,No
15003694,No
8641705,No
9112858,No
20162455,No
18492581,No
20293050,No
22420748,No
13061682,No
9248358,No
10321563,No
17328468,No
13029412,No
11760713,No
9157763,No
14556363,No
17228023,No
8970940,No
19254208,No
14340324,No
23184086,No
13975360,No
16990409,No
12201978,No
20509671,No
19179564,No
22172549,No
15986502,No
20827506,No
19709132,No
22508821,No
19756060,No
17919684,No
10760072,No
15193429,No
23429079,No
21416644,No
18936010,No
11756334,No
23099951,No
16455337,No
19751338,No
7928918,No
8739086,No
19175118,No
7858987,No
21601072,No
20116521,No
15798511,No
18282387,No
15135155,No
10150757,No
11706315,No
10321260,No
22470379,No
10993384,No
22825416,No
11880405,No
7928102,No
20186923,No
21792175,No
18705127,No
22538527,No
12752273,No
13168679,No
18605056,No
9299041,No
21812325,No
11846092,No
18764821,No
11379638,No
21592685,No
20269988,No
12575449,No
14875738,No
15118545,No
10323982,No
9492321,No
18358500,No
14606716,No
15895244,No
14497496,No
16610428,No
9592976,No
18207778,No
13863433,No
21423488,No
15028872,No
8315531,No
12367419,No
19992416,No
19293121,No
11599415,No
10840007,No
13844842,No
14689368,No
16662100,No
13171319,No
17190653,No
14207502,No
19665536,No
19035099,No
10262856,No
21206827,No
15027521,No
21539076,No
18952567,No
14552930,No
8268901,No
20398474,No
17181665,No
21648581,No
12969635,No
8824007,No
15129634,No
19633460,No
10701006,No
15675779,No
21705399,No
19481292,No
22038821,No
9772334,No
14981866,No
20232866,No
20102300,No
22909044,No
18975161,No
16951990,No
15299815,No
17728230,No
17197915,No
8800749,No
7706570,No
8890089,No
23195604,No
23264257,No
20831419,No
8157179,No
19803915,No
17680414,No
14146671,No
16182300,No
23337810,No
21826900,No
16734328,No
18927631,No
19574750,No
15016750,No
23611855,No
12496160,No
14698574,No
10582094,No
17991047,No
20924060,No
20181593,No
15218418,No
13993207,No
19607967,No
18506446,No
9970109,No
11091511,No
16213063,No
9754728,No
8012734,No
18015422,No
22276389,No
17440747,No
15340533,No
23272984,No
23497716,No
8612950,No
12628975,No
12104078,No
13844168,No
15706049,No
17828084,No
20569049,No
9254331,No
11603801,No
19654071,No
12240841,No
14813570,No
11585466,No
21672340,No
19787641,No
17528861,No
19811084,No
14014999,No
16783299,No
15261132,No
11697401,No
21190398,No
15527007,No
20656090,No
21583648,No
11472999,No
16470830,No
14764161,No
9920745,No
12136228,No
15980572,No
15218117,No
19277736,No
20806040,No
13600104,No
11824128,No
15851034,No
13100573,No
13388989,No
13045565,No
13184118,No
19095162,No
15143324,No
11214704,No
12544874,No
18640328,No
15039417,No
14847554,No
8911677,No
14659263,No
14185732,No
22094520,No
21013716,No
21763412,No
19440385,No
11011509,No
11000451,No
21148560,No
18510236,No
16403694,No
19680801,No
16451354,No
16654337,No
8834337,No
13553445,No
18230730,No
15353968,No
16818434,No
8062036,No
9522111,No
20279357,No
14114705,No
16889536,No
15096907,No
19020667,No
18640568,No
12148771,No
8974666,No
15492535,No
13645949,No
14869640,No
13651502,No
17562288,No
15302429,No
16029340,No
14334376,No
19144435,No
10205199,No
15876209,No
10626945,No
15880317,No
8175345,No
14679333,No
20023157,No
18632361,No
22051785,No
18878461,No
14314076,No
8587107,No
10777898,No
15975695,No
23026644,No
20315217,No
9613053,No
13725710,No
14561590,No
22270725,No
17566339,No
17584271,No
14665203,No
11056569,No
17949506,No
21900703,No
22983656,No
16823848,No
14230958,No
12979600,No
11965347,No
9797801,No
21824527,No
15562920,No
22495817,No
15945484,No
9425155,No
13211035,No
17928504,No
16887093,No
17860708,No
22910000,No
15014061,No
11272151,No
17272321,No
10305860,No
11554153,No
21735187,No
14388005,No
9652204,No
22200731,No
16812201,No
18062030,No
8221561,No
12899683,No
15811834,No
22495198,No
13862586,No
23223360,No
23260490,No
14448730,No
16134106,No
22277669,No
17827242,No
21443433,No
9542350,No
20135445,No
9971911,No
16996959,No
18257794,No
8990145,No
11469535,No
11238974,No
10533754,No
9118007,No
15429357,No
14298817,No
12072778,No
11305673,No
13695100,No
10717815,No
15590118,No
13438812,No
13621447,No
16539736,No
12795791,No
16787548,No
22666732,No
8172442,No
13647897,No
9726618,No
11159132,No
21853335,No
12192545,No
13852929,No
17910001,No
12022889,No
19464540,No
16693556,No
23482737,No
10441765,No
20279107,No
11016817,No
11390434,No
17673608,No
13277430,No
14932842,No
20276021,No
22974231,No
9062013,No
18467276,No
20522750,No
14923085,No
22934380,No
18262338,No
13972578,No
8394705,No
9696944,No
13094294,No
11237125,No
9920169,No
8265969,No
15600002,No
19655775,No
14906422,No
16392917,No
23714579,No
7834895,No
22828185,No
8159464,No
21588776,No
15823302,No
17230540,No
18046743,No
10074684,No
16284661,No
16516344,No
12248769,No
19456987,No
8204117,No
12065992,No
13017174,No
19581992,No
13555784,No
7864185,No
8602127,No
22934282,No
13279253,No
17720788,No
11144193,No
15816622,No
12631869,No
14750828,No
10763546,No
7508050,No
19095380,No
22509380,No
8933290,No
22232107,No
13156820,No
23036631,No
19207211,No
20669706,No
16479273,No
15634813,No
13220790,No
21414246,No
23107008,No
9629776,No
21625000,No
19393288,No
17143752,No
20161860,No
8159499,No
17350369,No
9701782,No
11350527,No
13208543,No
13399460,No
16690559,No
20822148,No
13251860,No
21645693,No
18754865,No
13911989,No
18304884,No
19893768,No
20990435,No
20812521,No
19166343,No
19626032,No
21389535,No
12808555,No
16527288,No
7830318,No
19178924,No
21764801,No
21447772,No
7680384,No
14957451,No
11799336,No
12884552,No
8818474,No
17543868,No
21711737,No
16942960,No
19435614,No
11750650,No
15943671,No
9591803,No
15236148,No
20462614,No
12393006,No
10273898,No
17192223,No
10266088,No
12602485,No
9480417,No
13403212,No
9296102,No
21193742,No
20569156,No
16023371,No
19947342,No
14742159,No
10383383,No
13926309,No
13131691,No
15382521,No
20282445,No
9405635,No
11648654,No
12413673,No
14906948,No
22746052,No
15728710,No
12503103,No
15024147,No
8805314,No
17744761,No
15375475,No
23298057,No
19247988,No
9619682,No
9038575,No
15234787,No
12322088,No
18103353,No
12776486,No
18972982,No
7670049,No
9912756,No
18976654,No
15478126,No
9961884,No
10911843,No
22230207,No
22088279,No
21930623,No
9871049,No
11099118,No
22957750,No
18181707,No
18900220,No
13398932,No
12132612,No
11943509,No
23674625,No
17832100,No
12696842,No
21060985,No
23682226,No
22309223,No
10350569,No
22250875,No
16720835,No
14413732,No
23161338,No
8418912,No
23730074,No
22455925,No
22360102,No
18243772,No
19376886,No
14221890,No
21650454,No
16840862,No
20598738,No
8481003,No
10084798,No
18487595,No
21825730,No
9979630,No
23426135,No
14506649,No
10390328,No
19663276,No
19400264,No
11867368,No
19828568,No
16845150,No
19090229,No
8727260,No
14951267,No
18563387,No
15287976,No
13650655,No
9813345,No
9884649,No
10197419,No
10593772,No
22579596,No
22053324,No
10144462,No
14798236,No
18341839,No
19904493,No
10000259,No
23677016,No
21724485,No
16694127,No
10765175,No
22810625,No
22570645,No
21330356,No
11644805,No
14940028,No
15710216,No
20215477,No
19246923,No
19208895,No
7779469,No
21026450,No
9494800,No
11148020,No
7814946,No
18737105,No
11568833,No
15759539,No
15116288,No
20531729,No
20434793,No
8265656,No
8168918,No
17346995,No
16314910,No
15543367,No
20731538,No
10272797,No
17594575,No
16169319,No
16877627,No
9117154,No
10618553,No
8046131,No
12366103,No
19413719,No
10059316,No
15904176,No
18301460,No
20133702,No
15686123,No
18844861,No
9525062,No
15802658,No
18831342,No
10614941,No
9942472,No
13171158,No
22696138,No
18259113,No
11956944,No
13442901,No
11565989,No
10615039,No
10811758,No
11126224,No
16047258,No
20333130,No
11379892,No
11418924,No
18566098,No
10375236,No
8980439,No
19619327,No
13532188,No
8093216,No
10567281,No
20748241,No
21638314,No
10974409,No
19392937,No
20542897,No
14468462,No
19986754,No
21347831,No
17038737,No
18624409,No
10234808,No
11606663,No
21546138,No
7798122,No
13078849,No
21717227,No
21508858,No
12893491,No
19412218,No
8141727,No
14560728,No
20155995,No
23527846,No
10277665,No
14256992,No
11946987,No
17321006,No
11124560,No
20562588,No
23360565,No
13021103,No
23468203,No
20187555,No
13628159,No
23291008,No
17674807,No
12714540,No
21931622,No
9352619,No
10080490,No
13609768,No
21784252,No
21054896,No
22984340,No
21669423,No
18475920,No
22744963,No
11794499,No
21532753,No
17374956,No
23091088,No
7917846,No
12472569,No
8715724,No
11793067,No
15545163,No
14601963,No
19542646,No
9212826,No
13003436,No
7810614,No
9794798,No
21450531,No
16042046,No
16639766,No
15425866,No
12255844,No
8096047,No
22912759,No
19856193,No
19089403,No
9872296,No
8446115,No
19730360,No
19072519,No
13943568,No
23356951,No
18599942,No
13067355,No
19379582,No
14753178,No
23654729,No
13703032,No
8339808,No
16649676,No
13650064,No
23062960,No
16419295,No
12778605,No
10281220,No
9981621,No
15767199,No
13573254,No
11872835,No
11149227,No
13244070,No
22703230,No
8264738,No
12711553,No
10481167,No
21500298,No
18523947,No
8102064,No
12855694,No
17256954,No
20308552,No
21862772,No
18302610,No
18641633,No
12908727,No
12155918,No
14615527,No
17393782,No
10166931,No
21710623,No
13590138,No
23111126,No
8908818,No
15177980,No
22060293,No
8499367,No
14758105,No
10137187,No
21303497,No
17662707,No
12858847,No
10816835,No
23437188,No
17343867,No
11670229,No
8991671,No
14364899,No
13534670,No
20001105,No
20451398,No
17796322,No
20590462,No
10533296,No
21642288,No
16720993,No
18830349,No
15565779,No
7641414,No
17460131,No
20777897,No
21102126,No
15410795,No
10226200,No
14427362,No
12026329,No
22370868,No
21205062,No
12098403,No
7997898,No
11258523,No
19058567,No
21779116,No
17929353,No
22541376,No
16958679,No
11682234,No
12459370,No
20142899,No
15089322,No
15902079,No
12123471,No
13821615,No
22834457,No
20073562,No
18867971,No
9469047,No
15257212,No
17698764,No
16452494,No
19917664,No
14412592,No
21108372,No
21005541,No
18887945,No
16565335,No
18223538,No
9341079,No
8182708,No
19277247,No
20733878,No
14835601,No
13375005,No
18700648,No
12719180,No
14509796,No
23473452,No
12136088,No
9234292,No
15054836,No
19101665,No
15577399,No
18892520,No
16449434,No
13456588,No
16414256,No
9587054,No
22026764,No
16876308,No
16126974,No
8161250,No
19823200,No
12771766,No
22975484,No
17103710,No
12178852,No
18210705,No
14776563,No
10134322,No
12116536,No
14848032,No
8651040,No
17025604,No
21911882,No
16714925,No
15727715,No
18451839,No
22881721,No
11611417,No
12333192,No
12097953,No
19898157,No
13275902,No
19003771,No
19451234,No
22123325,No
15979613,No
16659197,No
8996983,No
17870951,No
12164654,No
15456241,No
8142524,No
12990171,No
19302837,No
16139270,No
14558606,No
15640873,No
11000972,No
8765294,No
19521791,No
16874985,No
14503347,No
15094997,No
9410072,No
17720147,No
16486382,No
18525316,No
22449746,No
17458463,No
13281436,No
19527443,No
10298433,No
17307493,No
16880224,No
9411769,No
16109604,No
11729262,No
8086702,No
18544865,No
17596082,No
15336059,No
13049473,No
14520332,No
22835360,No
21528853,No
19564490,No
10905484,No
7767906,No
8346059,No
10167950,No
12070514,No
8788339,No
12481409,No
21300786,No
16892445,No
22178181,No
10929467,No
19315486,No
18297260,No
13878346,No
15025891,No
9413796,No
17761033,No
14137485,No
8242354,No
16028446,No
22357200,No
22606518,No
10078227,No
23556180,No
14411901,No
20050050,No
7630521,No
15763065,No
17563740,No
14160727,No
9029263,No
10194261,No
23662588,No
19122893,No
9153433,No
18459894,No
15830325,No
11241140,No
12329581,No
11585493,No
10796052,No
14952652,No
18689745,No
20157084,No
17597114,No
12513694,No
23265924,No
18610916,No
8833338,No
17518257,No
16334160,No
20327598,No
14958113,No
22098611,No
21768481,No
19567897,No
23407127,No
16165953,No
9240348,No
10357601,No
12771027,No
21746817,No
17102748,No
19391875,No
22859942,No
20793291,No
12547869,No
12432158,No
10337737,No
15321386,No
23516447,No
19504966,No
9022212,No
19147880,No
8265808,No
16373551,No
10277923,No
19132182,No
21959596,No
22016975,No
12462067,No
18854386,No
17693735,No
18822803,No
10414705,No
19643243,No
14769570,No
14460752,No
10987771,No
13111733,No
23617920,No
14274877,No
22811457,No
22694995,No
20680611,No
18159486,No
14731590,No
13811941,No
19730229,No
22696954,No
21701881,No
8031044,No
22492745,No
16143595,No
7551197,No
21447083,No
16318885,No
15157902,No
8599337,No
21224088,No
15129606,No
23317533,No
22519618,No
11463809,No
12333699,No
16412226,No
15880735,No
13998931,No
18729767,No
23024478,No
23644316,No
22159374,No
20676590,No
11118804,No
14354325,No
9569835,No
16578169,No
13303558,No
14533644,No
10404016,No
8130441,No
14213268,No
21557252,No
12446098,No
14309745,No
11047566,No
11470544,No
11333179,No
11505811,No
12712396,No
9925261,No
17259989,No
17211988,No
12256176,No
17141196,No
16915758,No
10290757,No
10136760,No
17359706,No
9962368,No
7630530,No
11052858,No
11640788,No
13660331,No
20244410,No
18113980,No
21123732,No
15480016,No
9761372,No
15230948,No
22118213,No
23302983,No
14778627,No
19868822,No
12478312,No
21338868,No
22903582,No
21956705,No
7619000,No
18443368,No
8247968,No
15123775,No
15369974,No
12716977,No
19262290,No
20459056,No
17531858,No
14943651,No
8457004,No
17271150,No
15203965,No
23187991,No
18155891,No
22111409,No
18507281,No
13688713,No
14733008,No
19750310,No
18543817,No
21785213,No
13004190,No
21380937,No
12417778,No
10247133,No
15211068,No
13505683,No
23271988,No
9314516,No
21922402,No
21914771,No
13055959,No
9086971,No
19808694,No
22508888,No
19862682,No
12917074,No
22390112,No
10464981,No
21897774,No
13531565,No
13463412,No
10788768,No
17105682,No
17956732,No
12043995,No
18299660,No
9874959,No
11642248,No
11358710,No
12940325,No
11882255,No
11934040,No
23541081,No
17329715,No
11628561,No
19951874,No
23144645,No
19568820,No
15005983,No
9757403,No
16369982,No
15476770,No
20477274,No
13657276,No
14043449,No
17451476,No
22976605,No
23579917,No
17604010,No
19779729,No
15469057,No
18209646,No
8477629,No
16403240,No
23362546,No
21448065,No
21841342,No
21583293,No
15035276,No
18505942,No
9779877,No
8154751,No
23181859,No
9958401,No
11135126,No
10425326,No
17529782,No
11433553,No
21886923,No
13496925,No
11151419,No
18598593,No
9998624,No
19878331,No
17188684,No
17628136,No
20071098,No
8767864,No
8874986,No
14362468,No
8949573,No
9624975,No
22748908,No
21772240,No
8601075,No
16070159,No
9967530,No
17339140,No
13190354,No
10640707,No
11526679,No
20855438,No
20621337,No
14962223,No
21341707,No
13584227,No
9015752,No
12507370,No
20911596,No
11042976,No
10094629,No
21389372,No
18401629,No
16041884,No
21469225,No
23339162,No
15850639,No
13386522,No
16943231,No
23400708,No
14037373,No
16501346,No
23151905,No
12302227,No
18876724,No
22975844,No
13953755,No
7490765,No
18086461,No
16378259,No
19889690,No
16487510,No
8616738,No
17043605,No
21608490,No
18334394,No
18401646,No
17128799,No
16045306,No
21825081,No
12665981,No
13449752,No
8028974,No
7611247,No
13599369,No
7664874,No
22148227,No
15360009,No
10578090,No
17274953,No
19363597,No
13342222,No
13125444,No
16763523,No
14699124,No
13058288,No
18745956,No
9008935,No
19209787,No
22903892,No
20986105,No
20396753,No
21517965,No
10241741,No
7845335,No
18370811,No
21237959,No
22302271,No
18169547,No
7805380,No
15509926,No
19664399,No
20321274,No
20748032,No
12892050,No
15016255,No
16717587,No
21768902,No
13756229,No
21101138,No
7589864,No
18202383,No
8940610,No
12932899,No
13519329,No
19616539,No
17653250,No
14632035,No
10918994,No
20300419,No
14434154,No
7529376,No
16781656,No
9780839,No
20627578,No
23078201,No
13084449,No
12308435,No
8428974,No
19008665,No
19268982,No
14201523,No
10600901,No
7803943,No
8235677,No
8471248,No
17911006,No
23330744,No
19300012,No
23761712,No
12022649,No
15199974,No
12130270,No
20868764,No
21960102,No
13921964,No
10866571,No
9803613,No
21681133,No
9048956,No
7777394,No
17015634,No
13952083,No
16028086,No
19511866,No
9237651,No
16689043,No
19067310,No
15206279,No
14055300,No
14800662,No
21143392,No
8708802,No
13369244,No
10063209,No
22512728,No
12864416,No
13872850,No
11714387,No
20365144,No
21942165,No
9606963,No
9840672,No
21905201,No
12013031,No
21692793,No
8432292,No
15951060,No
7652004,No
13097489,No
13834416,No
12685956,No
21910816,No
18243361,No
16722584,No
13964124,No
15509632,No
21343641,No
18287339,No
12637760,No
15861792,No
15401217,No
15200764,No
22290501,No
23712710,No
14214981,No
22306780,No
16243446,No
18506732,No
19884562,No
14133242,No
10247489,No
14805376,No
13395774,No
22888124,No
23370521,No
10771606,No
19597837,No
23217373,No
16382739,No
21753421,No
12749902,No
13904173,No
13472416,No
7790590,No
16222720,No
7955424,No
20581099,No
15796466,No
16963125,No
8401967,No
17330679,No
18822954,No
9290961,No
12046817,No
21303192,No
21683703,No
19008343,No
21118848,No
14423446,No
16467044,No
8241623,No
13093879,No
8275616,No
11798342,No
22326326,No
9087828,No
18569802,No
12107181,No
18606206,No
22669699,No
17855607,No
21042170,No
23690631,No
10950924,No
20252256,No
10540649,No
22802349,No
16061088,No
18627759,No
16893661,No
10365737,No
18113559,No
23731210,No
8322141,No
11648842,No
17502293,No
19355670,No
20329694,No
12087154,No
11797608,No
13258009,No
11750872,No
15816627,No
12538516,No
13771022,No
18536094,No
12810201,No
17485248,No
12731386,No
18695076,No
21715649,No
9124672,No
17913036,No
19808804,No
9426423,No
8937903,No
9952142,No
22429890,No
15460175,No
17616998,No
11740307,No
7525235,No
22232098,No
18245878,No
21195397,No
13267611,No
18510831,No
9879913,No
15128423,No
8693633,No
13370555,No
9403136,No
16281207,No
19535475,No
15570785,No
23562770,No
9586801,No
9726005,No
17469318,No
16747878,No
20497520,No
21596177,No
13863669,No
16857549,No
20063559,No
16158503,No
9995965,No
8723109,No
21686994,No
22885375,No
19281983,No
19315586,No
14226518,No
7959811,No
13980441,No
17016800,No
8536544,No
11583829,No
16203951,No
14627719,No
16559668,No
12282474,No
15815169,No
20020447,No
21593819,No
11296923,No
15442122,No
22338343,No
22143070,No
13562736,No
13367173,No
8704959,No
21616616,No
8505131,No
10634905,No
22094419,No
21255566,No
10153376,No
22978978,No
22117339,No
8995216,No
18015800,No
19309151,No
19730160,No
22813201,No
14929349,No
14130869,No
9024181,No
19755555,No
16023044,No
7687189,No
9348152,No
11855879,No
14320135,No
21272784,No
12853021,No
14937388,No
9233552,No
10855663,No
21416001,No
18550596,No
16916922,No
16279890,No
20760444,No
16711455,No
18386662,No
19315746,No
16698679,No
23640380,No
7668391,No
7910217,No
15371452,No
20813912,No
15483772,No
8614013,No
14223476,No
23070372,No
14252918,No
20847384,No
23148325,No
15447492,No
22375594,No
18195325,No
14759639,No
12423639,No
18217848,No
14839916,No
18430905,No
21600049,No
16548497,No
17473024,No
21194956,No
10558664,No
10687461,No
22202201,No
23396888,No
14082341,No
18126740,No
10775318,No
9271843,No
8029026,No
18308385,No
20171711,No
8997582,No
13910801,No
9010936,No
18236889,No
15128145,No
13891624,No
10208104,No
18958447,No
9838776,No
22831438,No
15897891,No
13666269,No
17703350,No
20410828,No
8923385,No
13675877,No
13784065,No
15686283,No
9550080,No
11212306,No
11960730,No
8959299,No
21677717,No
22253043,No
17180543,No
14282833,No
22287428,No
11898907,No
14203188,No
10510348,No
14471809,No
22239503,No
13617458,No
16698179,No
10347676,No
8171960,No
18304258,No
16994932,No
16324916,No
14813590,No
10473834,No
22473208,No
14727797,No
13412393,No
20748676,No
13561841,No
19315049,No
17212459,No
15083971,No
15946189,No
14151368,No
9854734,No
12894736,No
16116167,No
16199501,No
13836431,No
20878026,No
9913892,No
19288051,No
17694050,No
13328966,No
16821998,No
23734514,No
16894108,No
20664321,No
9915817,No
17264725,No
18820995,No
12695003,No
18241942,No
16495836,No
11594109,No
20658490,No
18220566,No
19448167,No
12951715,No
21730320,No
17753853,No
20867058,No
21037237,No
18351798,No
22540726,No
8917553,No
20859035,No
8717664,No
21809756,No
13978036,No
8745687,No
23033609,No
16797308,No
16853997,No
22704193,No
17293243,No
14267527,No
15940912,No
8795677,No
11959397,No
21549719,No
17501578,No
21846164,No
7888530,No
22376454,No
11069256,No
16769226,No
13027202,No
17265271,No
20592687,No
18610442,No
13528316,No
14257252,No
17231262,No
19923508,No
20396509,No
10790354,No
11073810,No
10892684,No
14787216,No
17465417,No
7960155,No
16918533,No
12119840,No
18319531,No
22450592,No
16351314,No
23227649,No
7633749,No
10710114,No
15519925,No
17878989,No
9643803,No
8803719,No
9954640,No
13672839,No
14532684,No
13622207,No
13920811,No
13814457,No
9495494,No
12240045,No
23635839,No
19444964,No
17995705,No
13807372,No
7641190,No
14841768,No
19968524,No
10110594,No
10602472,No
16761760,No
19549157,No
21688876,No
18441189,No
22333460,No
21150893,No
9545344,No
17347339,No
16451467,No
20419137,No
19812178,No
12373941,No
18555580,No
13424563,No
13853636,No
12529123,No
7891544,No
22701776,No
18433328,No
8824809,No
17111317,No
16257011,No
13043515,No
22702074,No
18274359,No
17999214,No
19528205,No
16451466,No
22492180,No
8682628,No
9454373,No
23585051,No
14721368,No
21157036,No
13264063,No
16815156,No
15636605,No
23175873,No
10309688,No
18192219,No
18476503,No
12585833,No
22815504,No
10379054,No
20102489,No
11851269,No
11756660,No
9752793,No
18759902,No
14184803,No
17047248,No
20219838,No
7716213,No
23238881,No
14197819,No
16547905,No
17569175,No
18432005,No
18692489,No
18453762,No
17840137,No
23666414,No
22573927,No
19773104,No
22791614,No
22461409,No
9800611,No
9223051,No
22985835,No
15740705,No
12831794,No
9018144,No
22922935,No
18405042,No
17360752,No
23423868,No
10258395,No
8925769,No
9870682,No
18120269,No
8472360,No
20837201,No
11985451,No
21148050,No
9895106,No
21040473,No
13229568,No
19428126,No
11510836,No
8059567,No
15032296,No
17000034,No
14340096,No
8599795,No
22016680,No
21879877,No
23507917,No
22487169,No
17646166,No
16129519,No
7749891,No
8314975,No
10299082,No
16877415,No
15746799,No
8452467,No
9885568,No
23574356,No
8679313,No
12032945,No
10440530,No
15113835,No
11610185,No
18874160,No
15590635,No
13908560,No
20223263,No
8347148,No
13088202,No
13307555,No
11840092,No
11823482,No
22507544,No
10459057,No
22929697,No
23388962,No
20732568,No
18843942,No
20757820,No
23091987,No
16499247,No
12134218,No
7595844,No
12286157,No
8242661,No
13769122,No
8649595,No
12324580,No
20315949,No
21696351,No
13578777,No
19629416,No
11941971,No
17722159,Yes
18434808,No
15880286,No
20575138,No
22282536,No
12351323,No
14980127,No
19379692,No
12317370,No
16915030,No
18714589,No
11128862,No
18138101,No
18832140,No
11646080,No
22971560,No
11908091,No
18469774,No
10251836,No
20738531,No
17150368,No
14836574,No
12173747,No
11965167,No
9438182,No
12852883,No
8258721,No
16357996,No
7612470,No
22077129,No
15866890,No
23086190,No
13309661,No
17783712,No
20378936,No
20547585,No
15304647,No
16099373,No
20839806,No
17801475,No
22304217,No
11747936,No
8138850,No
10973782,No
20537479,No
12474070,No
10280846,No
12278807,No
20380505,No
20932941,No
22113081,No
16399393,No
7923947,No
21503725,No
22670271,No
17934891,No
7877912,No
16903150,No
9179392,No
15026797,No
12205199,No
18495588,No
22328340,No
22461234,No
8627562,No
12403281,No
17677755,No
9349736,No
14239654,No
23376199,No
22612229,No
15864721,No
19636269,No
10881375,No
9746047,No
7778800,No
10588209,No
22178424,No
18522474,No
22251757,No
22587614,No
19836365,No
17647234,No
19342212,No
8928821,No
21548208,No
22725711,No
11826113,No
10935884,No
14494419,No
20802456,No
10471351,No
13790223,No
14240376,No
8125764,No
19920112,No
23135079,No
19428769,No
10976012,No
9315708,No
22045111,No
16386225,No
13394698,No
14307253,No
14197603,No
23466122,No
8726403,No
17456790,No
20063551,No
11400153,No
19256763,No
8476985,No
7564995,No
17094772,No
14979267,No
14638254,No
15883324,No
21357653,No
14114330,No
18662498,No
22808026,No
9031193,No
21226892,No
20609347,No
10713316,No
21448424,No
15126608,No
11046166,No
12646213,No
13236541,No
14057989,No
8046789,No
13540197,No
14037529,No
17231432,No
22842848,No
21103320,No
11665715,No
15199172,No
12900439,No
8274320,No
11577199,No
17795498,No
22692069,No
13109620,No
11605568,No
19461574,No
15334494,No
9216421,No
13854088,No
14545449,No
9562364,No
17366375,No
19522474,No
14424223,No
11378842,No
9344794,No
14302789,No
10559598,No
9493641,No
17822840,No
14449881,No
22373611,No
14146596,No
18721106,No
12362669,No
16201198,No
9212562,No
14650259,No
10668691,No
12240854,No
22975699,No
22785528,No
16388676,No
16133801,No
7826640,No
12575972,No
12785714,No
17459498,No
21108375,No
8960539,No
19916193,No
19941769,No
22804206,No
19408040,No
17977090,No
8804020,No
11665452,No
11723998,No
17973424,No
21807445,No
21459746,No
16173191,No
14031032,No
9256065,No
20406037,No
18200951,No
19712738,No
13121457,No
8965219,No
18296697,No
18196389,No
16606034,No
19703000,No
12441702,No
20635359,No
7601293,No
18456860,No
9918447,No
8225416,No
23052927,No
18663422,No
12953267,No
19511261,No
16212912,No
11985963,No
21916800,No
17018171,No
16292282,No
10072437,No
8232672,No
8132293,No
20786325,No
9201384,No
13612138,No
12919242,No
9340721,No
19743216,No
9187140,No
13787565,No
8524301,No
18772671,No
20681732,No
13054057,No
18547665,No
19503669,No
18564231,No
14228209,No
19651372,No
12848221,No
14843198,No
18852479,No
18582442,No
14904222,No
21044587,No
13482498,No
22137954,No
8354458,No
12403338,No
18973703,No
10810527,No
14338148,No
10394174,No
12545127,No
18435636,No
19338025,No
13736925,No
13004763,No
8350926,No
13357389,No
20009265,No
22926447,No
19119385,No
20000092,No
18118321,No
14964268,No
7831457,No
10287114,No
21608493,No
20490703,No
17509327,No
15419375,No
14937051,No
16362347,No
18765494,No
23757696,No
22102617,No
12918900,No
8520524,No
17132000,No
8394509,No
23679582,No
15736001,No
20445477,No
18645779,No
11151675,No
19222558,No
19918362,No
18963900,No
18459896,No
8980998,No
9341108,No
12658606,No
9436261,No
9611801,No
14982018,No
21357952,No
16738655,No
14323314,No
18058970,No
8688252,No
15533291,No
16395139,No
18171718,No
9091303,No
13379969,No
12465731,No
18661094,No
10867938,No
8825839,No
17221874,No
9412470,No
20020408,No
13696020,No
7703131,No
17651828,No
20843423,No
8905807,No
8243782,No
17912756,No
14277282,No
16708736,No
10406930,No
20559595,No
20481890,No
14468108,No
18211369,No
13479492,No
15829225,No
14297681,No
10047150,No
20825292,No
13677409,No
16865648,No
15918800,No
21405289,No
22142317,No
13686223,No
19620732,No
11732944,No
18296702,No
10738477,No
13112943,No
13489644,No
14010277,No
20571887,No
22237627,No
21052038,No
17398891,No
18149278,No
13267353,No
10371879,No
14827876,No
12486358,No
9469589,No
8063595,No
14934492,No
18090150,No
13367154,No
16418094,No
17139642,No
17863281,No
22889229,No
21447718,No
10591487,No
11288334,No
8705774,No
13534389,No
12507684,No
14032838,No
18954924,No
22235282,No
10127053,No
11313021,No
20708915,No
17610831,No
11977870,No
12449145,No
21911514,No
20932683,No
14035463,No
13666217,No
12803611,No
12835783,No
15511268,No
14003908,No
21923674,No
8312577,No
21779386,No
16119426,No
13718508,No
15074075,No
9814794,No
16564671,No
12598257,No
23692816,No
19990904,No
17831504,No
9950825,No
10043334,No
20658865,No
16229421,No
8488954,No
16987589,No
16327427,No
15455401,No
13900058,No
9399609,No
14668682,No
11728012,No
19345436,No
21176175,No
18673735,No
11258093,No
13177698,No
19410332,No
12694429,No
20396794,No
19511861,No
17801682,No
14758260,No
8407556,No
18487214,No
22903963,No
12323115,No
11701742,No
12153726,No
11094278,No
8010361,No
21107958,No
21683454,No
15943662,No
18594785,No
15169833,No
10820150,No
8680825,No
19232247,No
17206190,No
20160206,No
18841026,No
19890294,No
21383117,No
11497434,No
10036001,No
17425081,No
7602625,No
22248980,No
13798649,No
13358524,No
9308229,No
12990161,No
22122124,No
22004724,No
12285722,No
17759665,No
21665823,No
22540988,No
22358216,No
23548667,No
8589235,No
13164557,No
21633713,No
9654040,No
17033218,No
15068227,No
15206818,No
18832200,No
13838854,No
18229146,No
20458602,No
11965276,No
14893637,No
20648363,No
22762788,No
18792835,No
7569417,No
12386446,No
22053907,No
9065763,No
13378628,No
10859327,No
16488541,No
12539243,No
17141960,No
12724943,No
17339831,No
18693777,No
14537593,No
18470511,No
16108932,No
14658166,No
20702000,No
16810985,No
10657262,No
20306584,No
21611646,No
14579946,No
17514278,No
21483439,No
17092985,No
20931422,No
15801709,No
15505999,No
16439230,No
13788359,No
8149765,No
16896263,No
23113956,No
8334715,No
16177766,No
8939470,No
8213535,Yes
7573424,No
9727642,No
15499677,No
8840743,No
22096684,No
22094132,No
23520436,No
8272452,No
22040290,No
12224251,No
15113725,No
20618762,No
12804397,No
22796340,No
17907718,No
15472363,No
16544221,No
14470040,No
23630683,No
9373788,No
10794296,No
7724515,No
11477644,No
21445095,No
7712809,No
17055017,No
8402269,No
18872744,No
17092760,No
16280185,No
21299700,No
21841735,No
23528378,No
22748697,No
22133497,No
11646877,No
10449990,No
8461998,No
17909647,No
17750252,No
10085513,No
16628902,No
23615967,No
15919071,No
18234981,No
19647974,No
14756054,No
12372843,No
18362054,No
19408151,No
20268629,No
21317594,No
12399863,No
10730579,No
13904398,No
14581208,No
9942049,No
23312663,No
20362054,No
21174288,No
16067462,No
17950599,No
14101459,No
7556640,No
13050401,No
10940780,No
9848747,No
22645643,No
10517950,No
13182293,No
19815931,No
18102765,No
10840808,No
13024828,No
20475784,No
9767492,No
9638487,No
15424531,No
13796984,No
9689402,No
7800911,No
22152782,No
23720530,No
14525720,No
13359554,No
18970875,No
16463278,No
9692978,No
10952403,No
15180607,No
7623948,No
9419967,No
9702501,No
11487242,No
16446547,No
8081612,No
11023791,No
12692735,No
12653478,No
8737166,No
16793333,No
11365172,No
9601717,No
12526179,No
11470372,No
14672751,No
21204112,No
15752617,No
17845885,No
18496988,No
11431974,No
12603801,No
23212292,No
17536650,No
14652400,No
15895609,No
10206389,No
21110286,No
16979469,No
16144106,Yes
23653164,No
7505532,No
21129012,No
14113057,No
21409969,No
13247623,No
13636241,No
11803383,No
9655328,No
11443728,No
14810345,No
21084046,No
7653506,No
23303289,No
12241935,No
21344057,No
18572647,No
20637189,No
20556750,No
13263055,No
22982624,No
11490890,No
8971469,No
22595786,No
16587088,No
19958532,No
16762946,No
9778852,No
19353445,No
23346284,No
23488765,No
15990652,No
11039848,No
13545955,No
15957146,No
15218260,No
13345585,No
14212654,No
13629127,No
23314249,No
17003826,No
15354894,No
11186729,No
10520025,No
10120417,No
20349870,No
20040019,No
11832450,No
19791161,No
11143453,No
13649514,No
9701562,No
16325359,No
16642870,No
19199042,No
19794126,No
19277798,No
16079399,No
17343340,No
12128063,No
15843301,No
14138508,No
18585256,No
16325944,No
22975296,No
16419946,No
10555501,No
9920520,No
9260873,No
22642222,No
9149095,No
19975015,No
21904575,No
21607282,No
20610669,No
22294485,No
20330734,No
19069211,No
17351671,No
10397336,No
13175406,No
7518411,No
11445551,No
15023757,No
20246523,No
11671612,No
22946589,No
20608188,No
23702332,No
11226625,No
23243682,No
9559865,No
15358852,No
18773956,No
17204360,No
14967660,No
9521099,No
15958370,No
17537947,No
12517322,No
23227355,No
8875304,No
14492806,No
16914266,No
7759189,No
14054358,No
23124915,No
19984622,No
14430280,No
12682882,No
16181256,No
9663992,No
11525863,No
8388385,No
8720533,No
13729717,No
20726321,No
10884332,No
13668854,No
12795919,No
15017077,No
14614415,No
23300088,No
22405877,No
15560008,No
8949091,No
19491967,No
8230139,No
15287547,No
8129624,No
14112799,No
12243380,No
22799621,No
16442905,No
14923193,No
18960896,No
18041876,No
16149176,No
10769559,No
10968642,No
19617619,No
21415912,No
10036732,No
20035835,No
15600679,No
14714157,No
8039638,No
22073090,No
14498597,No
14714107,No
13073118,No
7574453,No
19117650,No
17077838,No
11153665,No
10633801,No
11377784,No
11548806,No
12156970,No
9910873,No
12773653,No
13131077,No
10352538,No
18400629,No
23233266,No
10978498,No
17309864,No
23424011,No
17972658,No
15250217,No
15868286,No
12250102,No
12975571,No
9355696,No
20730876,No
10335088,No
22600237,No
18747649,No
22379483,No
21163793,No
20367904,No
8251038,No
8905673,No
13355046,No
14355062,No
16790129,No
14431538,No
20894772,No
14590011,No
16812531,No
19594547,No
20881092,No
11275436,No
22563519,No
23731976,No
21577097,No
8753739,No
11170032,No
9259004,No
15877555,No
11614006,No
9290181,No
20550025,No
14206784,No
21805378,No
16322294,No
11410618,No
15521096,No
13805521,No
21373765,No
19212324,No
23424601,No
15356994,No
14085491,No
21281001,No
9447710,No
16677269,No
21066246,No
19508397,No
20950292,No
11092851,No
10524816,No
17369623,No
17237928,No
13753638,No
9054494,No
9877511,No
9024274,No
20637718,No
23347922,No
10269196,No
20868265,No
12158545,No
19802768,No
17026867,No
9507357,No
13908770,No
8545612,No
9908259,No
16944421,No
22038923,No
18968757,No
17651336,No
17037839,No
8853023,No
21567555,No
18166134,No
12441107,No
11424715,No
22663452,No
15317404,No
8225273,No
10780334,No
9344328,No
14822051,No
13147602,No
22476651,No
9444475,No
13324118,No
10000216,No
18842850,No
8810124,No
10529533,No
20181961,No
18128294,No
16068184,No
15354169,No
19732970,No
22299077,No
23152501,No
22884570,No
12155652,No
11051996,No
19554303,No
9433595,No
20775852,No
15351705,No
7733293,No
8242084,No
14683892,No
8572472,No
7875907,No
15160532,No
15986627,No
14073679,No
21438314,No
22603081,No
13663900,No
12755810,No
16738980,No
15108342,No
19670974,No
7955864,No
13140667,No
13352115,No
22330788,No
10256302,No
10293150,No
13546701,No
8978659,No
21680816,No
10836550,No
9690529,No
14660191,No
22425014,No
8863645,No
8821593,No
9515798,No
11342345,No
16830905,No
18460197,No
18582911,No
13620861,No
12144093,No
8597980,No
20335890,No
11935880,No
23402634,No
22270069,No
11862320,No
23164653,No
16998866,No
16976330,No
20751453,No
15155898,No
12635457,No
16025842,No
21529165,No
21412235,No
7973314,No
8915279,No
21382021,No
7639086,No
18394465,No
11849263,No
20266788,No
15363384,No
17151261,No
8037784,No
21028873,No
17309556,No
23595580,No
11955497,No
16106463,No
23286752,No
11369454,No
18802477,No
21785910,No
15891345,No
15148894,No
14601396,No
9894195,No
22516367,No
11663149,No
11717157,No
17742096,No
19449555,No
13878937,No
9565352,No
14815016,No
10195675,No
12652242,No
18032357,No
12171070,No
15354326,No
9439840,No
9880559,No
23536093,No
20749644,No
23232428,No
19269562,No
20429317,No
11774016,No
16493606,No
8579910,No
7527748,No
14489282,No
15827060,No
19795607,No
14932436,No
15402498,No
14742674,No
17403586,No
23473999,No
17246981,No
22178262,No
13864331,No
14843604,No
21444749,No
10382693,No
20064581,No
16153856,No
13127499,No
12194984,No
18842230,No
21500209,No
14527719,No
23599821,No
17653445,No
14155830,No
14498058,No
21656549,No
13580731,No
13496507,No
12865263,No
16105785,No
23470203,No
22125627,No
11852332,No
20452502,No
17236065,No
16389135,No
15231696,No
22006625,No
19913081,No
21969138,No
17412273,No
19521186,No
15889042,No
23206971,No
15938145,No
7718247,No
15682499,No
18614863,No
13351089,No
7556735,No
20358210,No
11978657,No
14602633,No
16086249,No
17606183,No
14208338,No
18740705,No
19618621,No
22821841,No
8750144,No
18512123,No
11308876,No
19740536,No
7613969,No
13422559,No
9490590,No
10752540,No
18406673,No
15479156,No
18173333,No
10898037,No
22014632,No
23132123,No
14560279,No
7680198,No
17672716,No
10628049,No
14869100,No
12997491,No
9005843,No
19340972,No
11904735,No
9225141,No
14903096,No
12540060,No
17639416,No
17336370,No
19332202,No
7805860,No
10155635,No
18876844,No
7936845,No
16455292,No
20139728,No
22665179,No
18902223,No
7580361,No
21603052,No
16159374,No
15218349,No
15151584,No
16141314,No
9419383,No
23223116,No
17728215,No
8585066,No
14710831,No
9248272,No
12489265,No
18518245,No
20420691,No
20189370,No
15628721,No
16480926,No
23033662,No
12712170,No
19675615,No
20786924,No
21318883,No
10530064,No
21393196,No
11584865,No
17406472,No
9851289,No
9648176,No
12152231,No
14137607,No
22911228,No
8114398,No
14300312,No
10123824,No
20812135,No
22823976,No
9147824,No
21869074,No
21412443,No
15309203,No
19794020,No
20343208,No
22956033,No
13358196,No
14559520,No
7747709,No
19532488,No
8603364,No
11544390,No
19631412,No
18270158,No
16282343,No
8051262,No
13250156,No
10962551,No
21481604,No
22981102,No
9173308,No
8396155,No
14296824,No
14493993,No
13720835,No
7619063,No
20975627,No
7673485,No
14671137,No
10622668,No
15653861,No
14548108,No
12528943,No
16426518,No
21934658,No
16494500,No
15908263,No
8382623,No
21622983,No
12077775,No
8322386,No
14875149,No
14479186,No
18827510,No
15839047,No
10328258,No
10744562,No
9121346,No
14241112,No
22273475,No
15473332,No
15768641,No
8752527,No
12315996,No
7958896,No
10691505,No
21985149,No
16789999,No
19311257,No
22532683,No
14902868,No
16287601,No
11826440,No
11121257,No
22276018,No
16362061,No
18796257,No
14359102,No
22821728,No
10396555,No
19013443,No
20544850,No
11719693,No
12496195,No
13096532,No
13442571,No
7620678,No
8240680,No
21662141,No
15600845,No
23113561,No
21420970,No
11312613,No
12558653,No
21479442,No
17390904,No
23249351,No
14317797,No
7919356,No
7864183,No
22244734,No
14287333,No
12517485,No
18289207,No
10484731,No
21407869,No
9019262,No
22211349,No
20940916,No
15084685,No
15972546,No
16473698,No
22637720,No
22817357,No
20099249,No
19774953,No
14397041,No
21619194,No
15564689,No
21627514,No
8448769,No
10142132,No
18806344,No
20827275,No
21601686,No
16726791,No
9913003,No
10995731,No
10403354,No
20538815,No
13754319,No
20717738,No
8015820,No
13760109,No
9913604,No
18405308,No
23217337,No
23052456,No
12957156,No
22890325,No
7919729,No
8810415,No
17587803,No
18503190,No
18193170,No
23320211,No
22309136,No
9567386,No
10053297,No
19731168,No
19984810,No
7493259,No
16621026,No
22163496,No
8633649,No
18721691,No
13348454,No
11449308,No
13994735,No
14559502,No
21276993,No
23018594,No
13418549,No
18189467,No
13450574,No
16890282,No
19859795,No
7960899,No
9806775,No
22344889,No
14480840,No
16716249,No
11668611,No
16793307,No
21539251,No
11302523,No
7644542,No
18722228,No
20417755,No
15471634,No
23167432,No
21457508,No
18219909,No
15627438,No
16367188,No
19880719,No
12842492,No
15615625,No
8370218,No
14724833,No
11124901,No
14743873,No
11605488,No
15143029,No
22077947,No
12803201,No
8590708,No
9643133,No
13276215,No
12098554,No
21407368,No
11175158,No
10792524,No
16924208,No
16860913,No
15101897,No
10044067,No
12610794,No
21399664,No
22959373,No
18357294,No
16782715,No
14559358,No
22869757,No
17615007,No
17895756,No
16936346,No
15106517,No
18551845,No
10734527,No
20884348,No
16014250,No
17626387,No
11685760,No
17606348,No
14907821,No
15058179,No
22788393,No
22108327,No
15972666,No
15081790,No
18649939,No
20289499,No
13246082,No
10096214,No
22759630,No
20464474,No
16262914,No
23703214,No
10644992,No
22008337,No
23534765,No
21726129,No
13982118,No
16949796,No
13320899,No
18717514,No
18051586,No
8120066,No
14500250,No
17142268,No
11364603,No
7616829,No
15313858,No
15351682,No
19129378,No
20401495,No
11814177,No
23443321,No
12456937,No
9766500,No
17411717,No
20812851,No
16442405,No
13076724,No
12736517,No
11306758,No
17972888,No
20484629,No
20326804,No
10954552,No
13086632,No
11517129,No
12464107,No
9651288,No
9886469,No
22658647,No
11183902,No
14803710,No
19452891,No
15263865,No
14139543,No
16768070,No
18750484,No
19095113,No
14261316,No
8914673,No
22945337,No
15027004,No
18955501,No
18367842,No
22575828,No
9667625,No
13575210,No
18128856,No
9217727,No
20969705,No
11675088,No
18697108,No
11651834,No
22757879,No
19751887,No
15107384,No
23536918,No
15357142,No
11410264,No
12281604,No
16733494,No
14090261,No
20201803,No
15523931,No
13794729,No
23192815,No
23162424,No
12965568,No
21960609,No
16225305,No
8629317,No
8958673,No
23097146,No
14016376,No
13159527,No
10425899,No
23289545,No
11890247,No
21294789,No
12244899,No
12884756,No
23339476,No
21209400,No
19437548,No
22046712,No
13895144,No
15138990,No
20180237,No
19199310,No
14443927,No
15703372,No
15984836,No
10750668,No
19482593,No
9960479,No
20038203,No
15932018,No
8760526,No
9056166,No
12426053,No
11910992,No
20700988,No
21030551,No
17255490,No
18329500,No
12827785,No
22367620,No
16678878,No
12730569,No
17123034,No
21710279,No
14672849,No
19107866,No
12315028,No
19213257,No
11756372,No
16215439,No
18201142,No
8086551,No
9062248,No
19561550,No
17419106,No
10970614,No
21064781,No
12262251,No
9366886,No
8317891,No
7566641,No
14769527,No
8910349,No
13083955,No
13973002,No
8727367,No
11871770,No
9093201,No
10447466,No
8771071,No
22092196,No
13582855,No
12161215,No
16108780,No
20022576,No
21899669,No
22414688,No
13218933,No
12193011,No
14531386,No
9258205,No
22543666,No
8024613,No
14928089,No
22100460,No
15757348,No
14889051,No
10396938,No
10210174,No
21512941,No
17971983,No
15867118,No
11883962,No
7593244,No
9328493,No
16374230,No
18677818,No
18616387,No
12112222,No
13114407,No
14946581,No
19874384,No
9955639,No
14934423,No
7996961,No
22929537,No
23706950,No
18956639,No
18150112,No
14912800,No
13113316,No
15500219,No
22722895,No
7975159,No
11722480,No
18563596,No
19913627,No
15591709,No
12411509,No
14755079,No
15719505,No
9861012,No
17569737,No
9073246,No
12817715,No
19357966,No
8201528,No
7837227,No
10612843,No
7616191,No
12874847,No
18878207,No
22347278,No
16594932,No
18267493,No
17348111,No
17956707,No
14294648,No
9960962,No
22629250,No
14593894,No
21979834,No
23441082,No
22606863,No
22826757,No
22701041,No
22089658,No
15783528,No
11623193,No
22579765,No
21561373,No
20142328,No
17029349,No
19228520,No
22079692,No
8289593,No
11249922,No
10800381,No
10672273,No
15608224,No
12214283,No
9463160,No
7561691,No
16342220,No
15225850,No
16055875,No
16858796,No
16080242,No
17862038,No
13939759,No
9394260,No
22074792,No
17472198,No
8400740,No
7737354,No
22610951,No
16354282,No
11660909,No
19439291,No
8092212,No
20293793,No
14944329,No
21335176,No
9235204,No
22720093,No
17775593,No
17590219,No
10241694,No
8757894,No
11578037,No
10461064,No
21350056,No
23047221,No
23415369,No
16234913,No
23517812,No
15447664,No
22491717,No
8633770,No
11524915,No
12972040,No
13597809,No
23184000,No
18471636,No
14936180,No
14932536,No
18243272,No
16542840,No
16547641,No
19108983,No
18475234,No
12757159,No
16775471,No
19002345,No
19625509,No
13079280,No
20378280,No
23376977,No
9412868,No
8435047,No
13183882,No
17366600,No
8566218,No
21213918,No
19383104,No
10240977,No
13226524,No
22953256,No
12664153,No
9076973,No
20436441,No
10297654,No
23544207,No
15859574,No
14214603,No
17627301,No
18645496,No
14938151,No
18243790,No
22561228,No
11370436,No
9845428,No
13886058,No
18277255,No
17117874,No
23510263,No
23266609,No
15275810,No
16011957,No
21417034,No
12770886,No
13959259,No
22141522,No
7925145,No
22276494,No
23532590,No
16318848,No
18531583,No
15807196,No
22807931,No
9649367,No
21367773,No
9822917,No
10482836,No
22461280,No
12626424,No
22134103,No
12286122,No
20006202,No
10744283,No
22338842,No
11390025,No
10341016,No
11201652,No
22523179,No
16227511,No
9381767,No
8941331,No
9361460,No
17048955,No
23031898,No
12173401,No
15069127,No
21202203,No
10260731,No
8804910,No
17969766,No
14424382,No
15256229,No
20893219,No
13741964,No
12880833,No
14049389,No
12328461,No
13092310,No
17050445,No
21981136,No
11321345,No
13243249,No
20137955,No
18800984,No
23345621,No
17306251,No
20323864,No
17525392,No
20531960,No
20478230,No
10917644,No
21395678,No
21872434,No
13525549,No
16847069,No
23744759,No
12499962,No
23600323,No
8125041,No
16002687,No
7731335,No
18704081,No
18052698,No
8480314,No
14166785,No
16236292,No
19596860,No
15051725,No
17788447,No
13383715,No
11257129,No
15076194,No
15366389,No
14086017,No
16467736,No
19104613,No
22037468,No
18291154,No
7920891,No
15263298,No
10667978,No
11937996,No
23551055,No
13268238,No
22301675,No
17225074,No
20781291,No
12923092,No
20876142,No
15262208,No
10793183,No
13203946,No
9005146,No
19023946,No
21807045,No
10476262,No
21336268,No
18776798,No
13461950,No
12521948,No
9023455,No
10824369,No
8432054,No
8853576,No
22598304,No
15632067,No
11038603,No
18089773,No
11922374,No
11797982,No
13588163,No
19651813,No
22437883,No
21218628,No
15770725,No
9661570,No
18706335,No
12280352,No
13275348,No
12544412,No
13070064,No
13138189,No
7724388,No
9382890,No
14221194,No
12106654,No
18308088,No
17038141,No
16281132,No
9977993,No
11259167,No
11047821,No
18823892,No
12868853,No
18826774,No
10494371,No
15305699,No
13786711,No
18715464,No
22876951,No
21953754,No
10968269,No
17727720,No
9830138,No
9931441,No
13542195,No
8784815,No
8287319,No
15955360,No
17836437,No
23738792,No
7550895,No
16636714,No
7833238,No
16396001,No
16546511,No
7971743,No
10614069,No
16252694,No
21747611,No
18140825,No
12206830,No
20528364,No
20835838,No
10703957,No
22327608,No
17530563,No
9304343,No
22783972,No
21806631,No
15558211,No
10891517,No
17453562,No
19630757,No
19751914,No
21207199,No
22473744,No
12645179,No
14978519,No
23698149,No
8682281,No
10348683,No
8963395,No
21646317,No
9080590,No
18359533,No
17816963,No
14533905,No
9551192,No
21470468,No
15881698,No
11505219,No
9413558,No
22843089,No
19321646,No
14859469,No
8598093,No
16927887,No
20673252,No
17729827,No
23158111,No
20168813,No
14151449,No
11088131,No
10498364,No
17416454,No
22027962,No
14126197,No
16150591,No
22527010,No
10491991,No
21214121,No
13635450,No
14989340,No
18843800,No
16424656,No
20694367,No
8461865,No
10611789,No
11829793,No
8520950,No
15990531,No
21211168,No
9941396,No
12577309,No
14410096,No
7745207,No
17170477,No
8659568,No
23691427,No
19754863,No
16019729,No
12934543,No
20616794,No
15664704,No
19074063,No
12981703,No
21489095,No
17480450,No
17334198,No
12845773,No
8935042,No
21770544,No
11526135,No
19043446,No
14734860,No
20699217,No
16031388,No
19028775,No
7502419,No
17739663,No
19278526,No
20338684,No
20355067,No
17334476,No
12896432,No
16780266,No
22244405,No
14943515,No
13863443,No
10628386,No
17353209,No
11110084,No
14216999,No
16672554,No
7956286,No
13324545,No
17344801,No
12968689,No
8446702,No
8159263,No
14886132,No
17320689,No
16556441,No
13921944,No
16630584,No
16146862,No
8825580,No
9275444,No
17019677,No
14156910,No
10804262,No
21645372,No
11168652,No
22902679,No
16780238,No
12081146,No
19840233,No
22671015,No
19319494,No
8852924,No
12203240,No
9568929,No
10164662,No
11310062,No
9712324,No
15532893,No
20199496,No
18008052,No
9072572,No
17361785,No
13365244,No
11204010,No
17897487,No
22019849,No
17927656,No
10602392,No
22477210,No
22323791,No
10738682,No
23221108,No
8236531,No
14074983,No
16900250,No
21961987,No
19142467,No
11188238,No
7669912,No
15758359,No
11986258,No
10518870,No
16323289,No
19332600,No
17351147,No
7963961,No
13781760,No
11341954,No
19147562,No
14957343,No
22679477,No
7891363,No
9479193,No
14556863,No
17136184,No
17034265,No
22218561,No
19223842,No
14766893,No
14258320,No
19062460,No
11925451,No
10423385,No
12613242,No
13252430,No
22920646,No
15823681,No
8155117,No
20194487,No
13619440,No
17377746,No
16637323,No
22900474,No
21974032,No
22210171,No
19344367,No
10542504,No
17319464,No
21829624,No
15236545,No
8554256,No
12240380,No
22776357,No
16829693,No
13771854,No
22310460,No
21056765,No
18738335,No
12594089,No
15501991,No
9860305,No
20588485,No
8112771,No
7905728,No
17127393,No
8799236,No
11321482,No
10800005,No
13518296,No
21461873,No
19105851,No
20318257,No
12080228,No
18735343,No
15386065,No
20629530,No
22222094,No
12065490,No
14664266,No
23610105,No
22876738,No
12083834,No
22838678,No
18378386,No
22102489,No
18588840,No
22173238,No
11200463,No
19031894,No
16627717,No
23072919,No
22178049,No
19436813,No
22861238,No
21532854,No
22456966,No
12113277,No
13532085,No
9537632,No
22739992,No
14262216,No
20179445,No
8445131,No
11123224,No
11080303,No
20312688,No
12619475,No
13549879,No
12699684,No
10963302,No
16370700,No
11579648,No
19481011,No
16273003,No
15644256,No
8411955,No
19666707,No
22233232,No
15687922,No
19586839,No
20682263,No
15424652,No
9582642,No
17755892,No
20273766,No
10903207,No
21858438,No
10989022,No
15235671,No
14225765,No
18475790,No
17146884,No
21198788,No
14598541,No
21205303,No
13210883,No
20107712,No
20532752,No
22976624,No
16133242,No
18419504,No
18258821,No
16421810,No
11408883,No
17016581,No
17477815,No
17354893,No
17293416,No
10840720,No
9405399,No
19878210,No
20714526,No
8273338,No
17679623,No
16522520,No
22011143,No
13591799,No
15736365,No
20991434,No
18955866,No
19792905,No
15197210,No
21797319,No
8316857,No
19431356,No
19016566,No
16682990,No
13182810,No
23100005,No
21116028,No
15902469,No
10674403,No
14911160,No
10840220,No
15877278,No
7625551,No
7999940,No
10171864,No
18213224,No
10178807,No
12583824,No
9046127,No
20848553,No
12061931,No
11284366,No
15167099,No
15145764,No
15941436,No
9388383,No
16568209,No
14588937,No
22277530,No
17481882,No
21840788,No
12002910,No
20260525,No
13027843,No
19147796,No
9721078,No
22924938,No
13890409,No
11122003,No
15389678,No
11074864,No
8199900,No
15758201,No
10713597,No
8618111,No
7691603,No
23467064,No
11578999,No
22940731,No
21410908,No
22715054,No
10887672,No
10668560,No
21389776,No
16080891,No
21723923,No
19210539,No
16367868,No
8803018,No
21404947,No
19098273,No
11290745,No
10316969,No
22295872,No
17112321,Yes
12193917,No
11840414,No
9176767,No
8616444,No
21734955,No
11575460,No
9716978,No
19850394,No
10059201,No
8585861,No
11848663,No
11289241,No
14622392,No
15419354,No
10438085,No
21937418,No
15110675,No
7561173,No
14324532,No
9310306,No
21195854,No
10436213,No
22874296,No
19483996,No
17924732,No
9053179,No
17518926,No
20876023,No
11947930,No
19277196,No
11244565,No
7535590,No
15115033,No
15037905,No
23655658,No
12471886,No
16511230,No
8951214,No
11254065,No
21786406,No
9858695,No
12987007,No
12177291,No
11257184,No
17063469,No
16591271,No
18516387,No
12002323,No
11441334,No
9864270,No
13924046,No
16333982,No
23172557,No
20144842,No
21060488,No
22964849,No
11738539,No
14976156,No
18319692,No
21063537,No
14461931,No
17652383,No
8018047,No
11811025,No
8116324,No
22681507,No
15000006,No
15378738,No
20057411,No
15557935,No
20575356,No
8001493,No
9784453,No
12204905,No
14827483,No
20864739,No
7698174,No
22527783,No
9489588,No
21390834,No
19277621,No
18798481,No
9731783,No
8813003,No
21741309,No
16648763,No
15715979,No
23633593,No
14181242,No
12050752,No
8678721,No
7515181,No
18920807,No
12904539,No
16612183,No
20538456,No
21197094,No
20590568,No
12146926,No
17170875,No
18887225,No
17767142,No
14670986,No
16158975,No
19773017,No
9368245,No
22207300,No
15242983,No
16251992,No
14938294,No
20340393,No
14986642,No
23603708,No
7717822,No
23153836,No
22746091,No
15188930,No
23742580,No
22407083,No
15426032,No
10957698,No
20401984,No
16665075,No
17897994,No
11059038,No
7968780,No
10814884,No
21131407,No
20346432,No
22639143,No
15173206,No
14249024,No
13934044,No
16265009,No
14057547,No
17374050,No
14482965,No
18967411,No
14836910,No
15931270,No
8900160,No
17837937,No
19215887,No
10421996,No
18854401,No
14139376,No
11852153,No
16935525,No
18867611,No
14307903,No
10956838,No
18555858,No
11436549,No
14225060,No
9617184,No
19167029,No
13720758,No
13669457,No
20023145,No
17289743,No
12185060,No
12329273,No
15421330,No
20282695,No
14730161,No
13563994,No
21139198,No
16934635,No
12764252,No
19501116,No
23078746,No
10791197,No
16086007,No
19808477,No
16864155,No
23465700,No
14942335,No
7982651,No
21557277,No
20339805,No
10446271,No
23494800,No
8743907,No
10805331,No
20130575,No
19389636,No
18268007,No
16099088,No
17800975,No
21208734,No
7594685,No
20167760,No
18084557,No
15727162,No
20885202,No
19200836,No
11484415,No
12804944,No
19005498,No
19994132,No
7876947,No
22674746,No
17586857,No
13958420,No
10214495,No
17782426,No
8306574,No
12462077,No
21366388,No
12409723,No
13958311,No
17416675,No
9368080,No
17201892,No
12943561,No
10460198,No
13121112,No
11807159,No
13845528,No
15648490,No
18399548,No
16623061,No
23041336,No
14665135,No
12903364,No
9328601,No
10487693,No
13752203,No
8251961,No
16280224,No
16085218,No
15566907,No
19625358,No
8352233,No
14175554,No
15691785,No
20651273,No
18944797,No
13822425,No
13401521,No
14222110,No
7535899,No
17164651,No
13605318,No
13989284,No
21751971,No
15831066,No
21356121,No
15539517,No
13873642,No
23698345,No
22687769,No
16987201,No
11605716,No
23615251,No
8505375,No
7549529,No
23570076,No
7739635,No
15564764,No
18633870,No
20432751,No
15851693,No
17333379,No
20905298,No
23523144,No
14190918,No
8045339,No
21864833,No
19297295,No
13543873,No
22492501,No
12128824,No
8009343,No
22373893,No
17622262,No
15022577,No
17814406,No
7594824,No
10328323,No
15554850,No
10111707,No
23329822,No
21744393,No
11447429,No
7847296,No
12804820,No
23653199,No
13560606,No
13727734,No
9390508,No
12196983,No
18250462,No
15072492,No
8630041,No
9646855,No
20770101,No
13296941,No
17938306,No
12645606,No
12917542,No
19125737,No
7664998,No
20819044,No
9669493,No
14999556,No
21115862,No
11815183,No
8710395,No
22195939,No
18211458,No
10757904,No
17872940,No
21678534,No
18570815,No
9258581,No
20611793,No
22774763,No
14262819,No
16028170,No
23637743,No
13944688,No
13445882,No
17211183,No
15804065,No
11986949,No
23184407,No
20463094,No
21232816,No
13962492,No
19596972,No
13592824,No
14023560,No
9390233,No
8304227,No
18206252,No
16774688,No
19204898,No
8134143,No
22070076,No
7630209,No
21476708,No
15336336,No
10278516,No
20859459,No
12440906,No
13164550,No
12790547,No
23239711,No
21719327,No
8433419,No
8446825,No
15751513,No
23416800,No
13755062,No
20649768,No
17885741,No
13439719,No
19279363,No
17007598,No
23086387,No
16320329,No
15455009,No
9663507,No
20500635,No
14348473,No
16513682,No
16498438,No
19763410,No
11778738,No
12731250,No
19242042,No
9455552,No
12143376,No
21699397,No
14195234,No
7925148,No
21209987,No
16851361,No
17705671,No
9071142,No
21517386,No
10522861,No
23033210,No
22199469,No
9344898,No
11209038,No
7650038,No
11123953,No
9396473,No
7812936,No
18708386,No
12544808,No
15603856,No
7807453,No
20561019,No
17276436,No
17967821,No
22805296,No
7627040,No
8860879,No
13443968,No
21318894,No
17446819,No
15246064,No
11701969,No
13729244,No
19188361,No
10597795,No
16228344,No
9899730,No
17064791,No
15976686,No
14333405,No
8552960,No
20029659,No
21731303,No
8101110,No
19929098,No
16566118,No
16233754,No
13095504,No
19083706,No
11452409,No
17094301,No
14710747,No
14857755,No
22274010,No
11929966,No
10667471,No
23115233,No
22837423,No
15346402,No
13394770,No
16407608,No
15906289,No
20695030,No
14884244,No
18738425,No
13561991,No
13437443,No
14762683,No
13948534,No
23698072,No
11051927,No
21904588,No
11937434,No
23033027,No
13285166,No
14380848,No
18168792,No
18801554,No
14789217,No
14268666,No
12450708,No
15293121,No
11843902,No
20278140,No
8914811,No
13493516,No
8243400,No
16148822,No
15940260,No
16025281,No
7979336,No
20392330,No
17478296,No
12276502,No
12379052,No
12803763,No
18010133,No
15519030,No
7575942,No
17641320,No
13691836,No
9058005,No
23420133,No
12746870,No
17263113,No
9177851,No
9645028,No
21170603,No
12364972,No
8759076,No
20683566,No
16045412,No
15010874,No
17629338,No
11959298,No
19411668,No
15940431,No
21648742,No
20321330,No
22820663,No
15601232,No
11183505,No
8413608,No
18922511,No
17606555,No
16682445,No
20166305,No
8943537,No
18967256,No
11981437,No
10730858,No
13702520,No
23593504,No
16542253,No
19214439,No
22992236,No
12320655,No
8248014,No
10928024,No
12350850,No
20685701,No
16864864,No
12654130,No
13840268,No
11801663,No
8222362,No
15167461,No
12517133,No
17440913,No
21828284,No
18974030,No
16556624,No
8914123,No
10931885,No
14108591,No
15485389,No
14523402,No
21430639,No
22110012,No
10109944,No
12513632,No
22361156,No
12083443,No
20599973,No
12715865,No
9142159,No
13583364,No
15236149,No
19964065,No
9602008,No
12818138,No
11658321,No
12520101,No
19102575,No
11699884,No
8887263,Yes
11335977,No
16081743,No
7500747,No
23367583,No
12571993,No
19525060,No
13511713,No
7712357,No
9950785,No
15573678,No
12785059,No
17081165,No
7996603,No
13250346,No
23607133,No
18441519,No
18802851,No
23687321,No
9303301,No
11284019,No
17522520,No
16200211,No
14627415,No
23716359,No
18627785,No
11204084,No
9330894,No
16747450,No
17813961,No
13520080,No
20555829,No
16550880,No
15992168,No
11119142,No
15087653,No
20153453,No
22505888,No
22836725,No
17589619,No
19839438,No
14786203,No
17075441,No
14180765,No
18069522,No
14606215,No
15614401,No
22667482,No
16977520,No
18166313,No
8968450,No
20519796,No
16920200,No
16875346,No
17016256,No
18817369,No
13452800,No
14292983,No
12796057,No
10765227,No
16523867,No
8461115,No
17706557,No
19746171,No
8051527,No
21513251,No
20344032,No
17040183,No
14622677,No
23239980,No
19437718,No
23566221,No
22682043,No
7945888,No
21563917,No
19005363,No
17122854,No
11482895,No
13192082,No
16460321,No
15503640,No
21153789,No
21330704,No
15165750,No
18013561,No
13967548,No
19477647,No
17681272,No
9894683,No
19673244,No
22014546,No
16620562,No
19740494,No
19170119,No
15201492,No
22039383,No
14795162,No
18283051,No
18198827,No
13104338,No
11337134,No
14746637,No
14376792,No
20745986,No
9586460,No
11757969,No
21584398,No
22661999,No
23161421,No
22121551,No
21405883,No
10932243,No
8125110,No
10334835,No
11657292,No
16593605,No
18813992,No
15412671,No
14667013,No
21775213,No
11534466,No
8102852,No
12814364,No
10682915,No
15228167,No
22869969,No
9562831,No
20271985,No
18834813,No
17826712,No
20658205,No
7624054,No
18647765,No
15555079,No
7725577,No
22672413,No
8718920,No
11544765,No
23637258,No
12463331,No
14634520,No
16004386,No
17086946,No
21561455,No
22997673,No
12686791,No
13935335,No
9344849,No
22430879,No
20673834,No
17504889,No
22475967,No
12385469,No
8150370,No
12645135,No
16296785,No
10637143,No
13467259,No
12602805,No
18729086,No
19752789,No
13499196,No
21133393,No
21850248,No
7968584,No
9035234,No
8410450,No
10291370,No
22280755,No
22736565,No
15243127,No
13148839,No
23004983,No
10512102,No
15860281,No
9010352,No
17152231,No
22538900,No
14770665,No
12541404,No
16618594,No
8287318,No
16484884,No
20819919,No
21721124,No
15555534,No
7949565,No
23568038,No
8898446,No
22754992,No
15878910,No
11697523,No
13741152,No
11307979,No
9333158,No
19076545,No
9091016,No
18912660,No
9779268,No
15021356,No
14928145,No
19330877,No
18807714,No
14901091,No
10497609,No
16612941,No
18975507,No
14173133,No
9378706,No
13461496,No
21425290,No
18509730,No
8881000,No
9693511,No
14600824,No
21252503,No
9087554,No
19053417,No
18604268,No
10377917,No
14692908,No
8763247,No
18714986,No
18965429,No
17350373,No
20645115,No
20555877,No
15712772,No
17829867,No
18473619,No
22398738,No
17953817,No
9453016,No
10637580,No
9716782,No
13888266,No
11195027,No
23075136,No
11853805,No
18707579,No
8954273,No
16673710,No
18275803,No
17262873,No
10219364,No
13495583,No
19833889,No
19277469,No
11949778,No
23190840,No
15298463,No
17285409,No
17063012,No
19974756,No
18437979,No
7940865,No
12566838,No
21892030,No
8424535,No
22643470,No
12339942,No
15783720,No
18586587,No
19461053,No
14299401,No
10169585,No
11497532,No
12043412,No
22971253,No
16053953,No
16030293,No
20322039,No
9934807,No
10743285,No
17945323,No
23576267,No
11258995,No
9534893,No
19312049,No
23185925,No
11395910,No
12793997,No
21466447,No
11144029,No
19162712,No
23581079,No
20078448,No
16230636,No
18340249,No
18427726,No
10741755,No
18120455,No
12472024,No
9749557,No
10041832,No
17561528,No
19911766,No
21999506,No
11878473,No
18425442,No
10899650,No
8464491,No
12935920,No
15064612,No
13206239,No
16168046,No
22978421,No
18953821,No
15579210,No
16781628,No
12929526,No
16859339,No
23040301,No
16015999,No
13193954,No
15687204,No
8769678,No
8527552,No
10341069,No
12335912,No
7788655,No
10864458,No
11756780,No
22379720,No
9820484,No
9004663,No
20027768,No
12606454,No
15555029,No
16829126,No
10052859,No
17675705,No
14214177,No
15865004,No
20206370,No
22216028,No
17505829,No
14379574,No
8210223,No
23040983,No
9563495,No
8218863,No
9369913,No
14338291,No
13146135,No
9887301,No
13568205,No
20466533,No
16516515,No
21921195,No
10238727,No
21931654,No
11450202,No
20573545,No
13784323,No
19319802,No
22638547,No
12210256,No
18139788,No
10457224,No
23367488,No
20748637,No
23311702,No
18467350,No
21332349,No
11253244,No
20188392,No
13739401,No
7966205,No
12289333,No
21746636,No
13870095,No
12659254,No
12187766,No
15034949,No
15090538,No
8066396,No
20893244,No
16328343,No
15979788,No
21893053,No
11916460,No
15301705,No
12439354,No
10737420,No
15212193,No
12433671,No
12569992,No
18651454,No
20969044,No
11838084,No
18029474,No
15113600,No
23224610,No
10952027,No
16201273,No
15487013,No
9759881,No
21812425,No
7935627,No
23731563,No
21030524,No
18095421,No
13893602,No
9883512,No
15268125,No
16645037,No
21694803,No
9205627,No
20080295,No
12949960,No
12412399,No
15870062,No
10402327,No
14213768,No
14537677,No
16008848,No
21536809,No
21829239,No
21160956,No
21279162,No
15270203,No
15189747,No
9840867,No
18218942,No
15525007,No
16599565,No
9428250,No
8485258,No
21099740,No
21747432,No
11784439,No
15991585,No
7678412,No
15204666,No
12118534,No
19477739,No
16398445,No
20498299,No
14647913,No
20765098,No
18573880,No
22112446,No
17049285,No
19354758,No
22018985,No
13097802,No
21310619,No
13433733,No
17011574,No
10582276,No
18684455,No
14873529,No
11185118,No
7788250,No
13612821,No
10736124,No
8782541,No
11898203,No
10802678,No
14803170,No
21775117,No
21569554,No
14911307,No
10788927,No
15804382,No
14486888,No
10763788,No
9637040,No
17120941,No
21627556,No
12572744,No
18068884,No
10746200,No
16973442,No
10575849,No
12640618,No
8259245,No
14638767,No
18488304,No
20884790,No
19440945,No
23036819,No
21672723,No
15536022,No
19275638,No
9676516,No
22859533,No
14026231,No
11051078,No
9555808,No
21822999,No
22523911,No
11640342,No
20504588,No
9444572,No
16030925,No
16106396,No
13301954,No
15387128,No
11244552,No
9392592,No
17953375,No
18754561,No
19991487,No
12128047,No
22182581,No
20068877,No
9724637,No
10294655,No
17567615,No
8923827,No
17861080,No
16978386,No
14472748,No
17369363,No
13594369,No
11456188,No
19131285,No
17000251,No
16081342,No
9224566,No
12107624,No
21913141,No
9065295,No
22465690,No
12325109,No
10621253,No
19792547,No
19782714,No
14168049,No
8000438,No
18171006,No
13280788,No
22013203,No
17619688,No
12952481,No
19234092,No
19243493,No
11047798,No
20553982,No
14704859,No
15989727,No
22758170,No
21115923,No
8629443,No
11619050,No
10333668,No
11412554,No
20855012,No
18827817,No
8422381,No
12000511,No
16815892,No
11288134,No
10107548,No
11000499,No
21861956,No
11885595,No
7807267,No
12448873,No
16093227,No
16195821,No
22547442,No
21937966,No
8329961,No
19972284,No
12808754,No
19079146,No
21443780,No
8318622,No
15539969,No
21910218,No
19761729,No
14426457,No
19143881,No
22123182,No
14941597,No
15656098,No
7935233,No
13164037,No
17584871,No
8112728,No
23532012,No
17075900,No
9826122,No
23427393,No
14936116,No
16288444,No
22958408,No
9206092,No
17552547,No
10180201,No
12547134,No
20703116,No
19251794,No
9587533,No
10826774,No
11994758,No
17170497,No
13979954,No
13048028,No
14842067,No
16518649,No
19741467,No
20834007,No
18868327,No
20999074,No
16025503,No
13721131,No
7618964,No
12895173,No
10692854,No
11582528,No
8925994,No
8240727,No
20378649,No
9718625,No
16487264,No
21360250,No
9192127,No
12997118,No
22210298,No
11827235,No
11019735,No
7805165,No
17493166,No
12816866,No
13860469,No
19594283,No
17497922,No
11305103,No
19004681,No
22942845,No
22469628,No
15532221,No
11749931,No
19983653,No
9183165,No
9711841,No
13255974,No
12321291,No
18257398,No
17940844,No
8262450,No
22185069,No
21409140,No
15160481,No
8322681,No
9461161,No
10387721,No
23683532,No
14063188,No
23575887,No
18353351,No
13936005,No
21353638,No
11025283,No
23011822,No
14139836,No
16630659,No
10377019,No
18398652,No
21763831,No
19598475,No
16730379,No
14715019,No
19675685,No
17996847,No
21476812,No
8062909,No
19894843,No
11962628,No
15643496,No
13386282,No
12741449,No
20659378,No
10143589,No
21332189,No
14911108,No
10860245,No
23699992,No
20587868,No
18653856,No
14442169,No
21738381,No
9946729,No
19298805,No
17822942,No
20419984,No
13428430,No
11437668,No
17324566,No
16322546,No
8604205,No
23733004,No
9369658,No
22962849,No
21914568,No
16027280,No
11638961,No
16756867,No
9374731,No
14340588,No
16520046,No
13779515,No
12986483,No
18801762,No
15984047,No
7641481,No
18396599,No
17595258,No
8492538,No
20333816,No
14546105,No
9689481,No
18869903,No
22846210,No
14246091,No
7832085,No
8721713,No
16713999,No
13304973,No
13297198,No
17611631,No
16411957,No
17575341,No
23651880,No
16436191,No
19415981,No
14141922,No
14901210,No
23060647,No
12913701,No
7959519,No
21068013,No
16411242,No
20366134,No
15929264,No
9326416,No
8621948,No
18200572,No
15110366,No
11180406,No
15967227,Yes
15791314,No
22688402,No
8550292,No
15806687,No
14742461,No
13217571,No
17726590,No
8634493,No
18262320,No
11689399,No
21828095,No
22201095,No
20826968,No
15457721,No
12978545,No
20690655,No
7818361,No
8266996,No
10462910,No
21145956,No
17449613,No
22145611,No
9813635,No
20243474,No
20579197,No
12265587,No
7723788,No
7865313,No
23427650,No
21493055,No
20067232,No
19084832,No
21393148,No
22214451,No
17155650,No
21354472,No
12242972,No
23133814,No
11059901,No
21408001,No
18743338,No
14696678,No
10219099,No
20205896,No
11958520,No
15113339,No
11435818,No
22807981,No
15020244,No
19125710,No
10392255,No
22264705,No
10043683,No
19092227,No
16709651,No
18264041,No
19019148,No
21569490,No
17370931,No
11403315,No
9029896,No
9176460,No
11343794,No
9456388,No
22767879,No
8559336,No
16257912,No
20625620,No
7781605,No
21436999,No
16702156,No
18722103,No
7743352,No
20520206,No
12843016,No
17941076,No
10889581,No
10622228,No
15496432,No
18794778,No
18607366,No
10967242,No
23379697,No
9388409,No
17591778,No
14414884,No
18086808,No
12576044,No
20796128,No
23213949,No
18082928,No
17466486,No
8070054,No
21375969,No
7631888,No
14173475,No
16275616,No
12203893,No
8953057,No
10606965,No
12337598,No
11199927,No
10199188,No
12828554,No
18495611,No
8013247,No
13402230,No
20489729,No
20923748,No
14751017,No
20939588,No
7667868,No
23476625,No
12042485,No
9915640,No
11304196,No
14417887,No
10427119,No
19442857,No
13965944,No
22270128,No
13499792,No
8719769,No
21090485,No
10254326,No
11554665,No
20965986,No
19555523,No
23158512,No
20126876,No
9966376,No
8353708,No
9190072,No
14595059,No
22133312,No
10521597,No
8120001,No
10714909,No
10360638,No
8681116,No
13009689,No
9661869,No
9162032,No
13213633,No
8515734,No
11459838,No
12827539,No
20776859,No
11814979,No
12539407,No
20680523,No
8050464,No
10868522,No
19179049,No
16890297,No
15899339,No
13652059,No
20543912,No
13397082,No
19701636,No
12444466,No
12930419,No
10609566,No
11535756,No
15321444,No
12195043,No
19229915,No
10729845,No
7734661,No
9473754,No
10045398,No
23098990,No
16798361,No
14333220,No
21016256,No
18577451,No
20469386,No
7861468,No
15972976,No
19139879,No
10214039,No
11442412,No
22120600,No
14293555,No
14698833,No
13949660,No
21261159,No
15558164,No
12702451,No
8579261,No
13345607,No
10396947,No
14320539,No
20184172,No
18167497,No
9989657,No
18041894,No
15595754,No
17321273,No
15804937,No
19665893,No
16599065,No
12833407,No
15615265,No
12992288,No
15665578,No
18511343,No
13752951,No
21708132,No
15391243,No
11903375,No
13450808,No
17415054,Yes
13837024,No
7660169,No
9341501,No
21344319,No
8165026,No
10876767,No
9451731,No
8215774,No
20465953,No
15249463,No
14379955,No
9558210,No
20517845,No
12784660,No
15723807,No
16479325,No
10539811,No
21104165,No
17653610,No
15859206,No
14187656,No
14990723,No
14134825,No
20026458,No
15632575,No
11608826,No
7670260,No
18547258,No
18818498,No
18777778,No
15434315,No
8617621,No
8571988,No
18408540,No
8442359,No
12681789,No
19196441,No
7572538,No
20611316,No
18224634,No
18897148,No
20175132,No
17239447,No
12757732,No
18168951,No
19089193,No
14610241,No
12176537,No
21916782,No
22819057,No
21331501,No
12051085,No
23026454,No
18284456,No
16577763,No
16481318,No
18865879,No
15709383,No
15749457,No
12739231,No
17969116,No
10656419,No
14923656,No
11043038,No
11389064,No
10946372,No
13338079,No
12641725,No
16331312,No
22602566,No
22483631,No
19405093,No
22585452,No
7990203,Yes
17058279,No
18871092,No
12925186,No
22649568,No
15267548,No
19083992,No
13461176,No
14604749,No
16526782,No
8813013,No
7868339,No
15234165,No
8502051,No
17855518,No
8045288,No
19692848,No
7807338,No
17247654,No
11953187,No
20022569,No
20200062,No
21044756,No
12474857,No
8440354,No
12577194,No
22951894,No
21092879,No
11149438,No
17464534,No
10358822,No
18134574,No
22182533,No
21272887,No
21019303,No
21811095,No
15871147,No
14665873,No
15934604,No
17056068,No
23372660,No
11932955,No
19101241,No
17127682,No
23402781,No
13316750,No
18911360,No
13807397,No
10484293,No
10617610,No
13847751,No
8947483,No
18759689,No
14180077,No
14783218,No
12650493,No
23695528,No
8811121,No
7773450,No
10659922,No
20119226,No
14216768,No
21202029,No
21400455,No
8124680,No
10749094,No
21319141,No
22171103,No
9021042,No
22985596,No
9133875,No
10130717,No
8328108,No
10170677,No
7987156,No
16667248,No
23489917,No
19759130,No
22365048,No
15092805,No
20033295,No
19607389,No
14878581,No
21838571,No
8867823,No
15781765,No
10134729,No
19055890,No
14382436,No
15961669,No
21852832,No
22894406,No
14777755,No
16891676,No
13818929,No
22191371,No
18803525,No
19953216,No
21486928,No
20990478,No
14893965,No
13113189,No
15542886,No
21163498,No
8129251,No
21005797,No
13043041,No
20845621,No
10038621,No
7948212,No
22148915,No
11919437,No
15198697,No
11001402,No
12218964,No
22517666,No
18330055,No
13574397,No
10078301,No
19052783,No
13298340,No
21105137,No
22925448,No
18562879,No
23492557,No
16319237,No
19876244,No
16309335,No
7878781,No
23143091,No
16001258,No
21221402,No
14896507,No
23260992,No
19545091,No
18742565,No
10654910,No
9096196,No
14381587,No
16815141,No
10941778,No
21261613,No
19674773,No
8003216,No
13818203,No
9389576,No
21670910,No
19427921,No
8213311,No
18457706,No
18075574,No
18080097,No
14446361,No
19343646,No
13731792,No
14142948,No
19532771,No
21891103,No
16152653,No
8107837,No
13784747,No
10888208,No
19662968,No
9609932,No
15722719,No
20594671,No
19801741,No
18677175,No
22919478,No
18448960,No
14258606,No
15253184,No
20997433,No
8550773,No
7488224,No
8588080,No
13199871,No
22891429,No
15410072,No
17459758,No
22258398,No
9862067,No
19563449,No
22925309,No
19690898,No
12154500,No
9610600,No
21870086,No
11231876,No
15353220,No
10305991,No
17300112,No
12996737,No
23185255,No
7748491,No
18256441,No
17844728,No
14501903,No
17603188,No
17958696,No
7616851,No
19711413,No
19747800,No
8511176,No
9409989,No
9836029,No
13736241,No
14706719,No
23497484,No
21499617,No
18336325,No
13752442,No
11969593,No
22774661,No
13013255,No
16717640,No
13456904,No
19422299,No
15143948,No
21454911,No
12321992,No
17355097,No
13248920,No
23750132,No
16463140,No
12852054,No
11358270,No
15666464,No
10159023,No
22135105,No
16344979,No
10992069,No
22091002,No
23103415,No
7742201,No
18465815,No
21100086,No
22869562,No
15804301,No
23181350,No
17862358,No
17979488,No
10192416,No
18252409,No
13099855,No
7900914,No
19097642,No
22717605,No
15422088,No
16681228,No
17760829,No
15118311,No
12357836,No
10920410,No
9841041,No
12250753,No
12967668,No
8654293,No
15749928,No
22564430,No
13482730,No
17477626,No
23378275,No
18568200,No
10634425,No
20120996,No
10472359,No
9958273,No
18162156,No
16649702,No
14615318,No
11021318,No
7989693,No
11475787,No
12256833,No
23237756,No
22658010,No
16803062,No
10358449,No
17074144,No
20218636,No
16690472,No
22209685,No
14246833,No
16668409,No
7615647,No
22743957,Yes
14936342,No
17714196,No
10525645,No
22608244,No
9818032,No
23337889,No
20661581,No
13149620,No
13356931,No
11977313,No
23701838,No
14642619,No
10040528,No
10780305,No
15513130,No
19644583,No
12316779,No
20355053,No
13794902,No
16902707,No
9870776,No
19949819,No
19803924,No
22196151,No
19244146,No
12461928,No
14427710,No
13398094,No
19398399,No
20553614,No
11024719,No
22776827,No
23441253,No
20635729,No
21670115,No
21588618,No
22754626,No
17954436,No
15545473,No
8022148,No
8818265,No
14545670,No
13873692,No
14991605,No
15063293,No
16571529,No
8933796,No
22499954,No
20049185,No
21938417,No
20432506,No
18092046,No
13861705,Yes
21355643,No
14329040,No
12169468,No
12534955,No
15759605,No
8790680,No
15126328,No
9322189,No
18507276,No
13016276,No
10493079,No
22639730,No
17942927,No
18472208,No
19171857,No
22051798,No
13890572,No
13895636,No
18923991,No
15057275,No
23457601,No
15474073,No
15326229,No
20668450,No
13188970,No
8698150,Yes
18872690,No
21768758,No
20126699,No
23593784,No
17116689,No
15685223,No
17590799,No
17161820,No
7581003,No
20600050,No
22715270,No
16196548,No
10803392,No
15148228,No
20905086,No
16932173,No
14704842,No
18712440,No
13085265,No
15791841,No
19377979,No
23692944,No
20898127,No
20582471,No
17111168,No
8367213,No
19914674,No
22110038,No
11032680,No
12000716,No
8718013,No
18509987,No
18652400,No
15729637,No
23146701,No
14349465,No
17759444,No
11825014,No
8039962,No
20605328,No
18018823,No
19355975,No
8150844,No
21244660,No
22906282,No
13284685,No
15593582,No
14448179,No
9641589,No
13493218,No
14998568,No
16680624,No
19550225,No
23249037,No
17919240,No
16919449,No
15082665,No
11256259,No
15432851,No
8423316,No
9149703,No
10892408,No
18106906,No
16511603,No
10383188,No
13019360,No
17149986,No
10961488,No
20018430,No
13937297,No
13628709,No
7790388,No
18739958,No
9662852,No
21975633,No
12478669,No
20246150,No
22066205,No
21798747,No
8669015,No
8670067,No
14323158,No
9744277,No
21136285,No
13984213,No
21273159,No
18598784,No
14849405,No
14446423,No
23010042,No
19503834,No
20879794,No
16662104,No
18063606,No
9518535,No
11218075,No
16949402,No
11616881,No
11789066,No
17339285,No
18360705,No
17631679,No
11091967,No
15492821,No
19165143,No
23379777,No
12107425,No
11138912,No
9724673,No
20795163,No
14002219,No
12827143,No
19493102,No
21364074,No
18105059,No
14964672,No
11913037,No
19847955,No
10807772,No
20951707,No
11577119,No
11335417,No
8666032,No
7634208,No
8471714,No
16781375,No
8043420,No
16508049,No
19603096,No
22641420,No
10806157,No
22699351,No
10283373,No
20709432,No
14867469,No
17352644,No
18013940,No
8270136,No
9061955,No
8055178,No
15179845,No
14632868,No
23100657,No
12105485,No
19561528,No
18239495,No
14233927,No
17504309,No
23186043,No
9580545,No
9843488,No
12000779,No
22496643,No
20702763,No
15071983,No
22469757,No
9475161,No
17120665,No
19300805,No
12979625,No
7771846,No
23039641,No
23300357,No
22084659,No
20316364,No
23411392,No
20604921,No
13451272,No
22633618,No
8429649,No
12307329,No
18016904,No
10037494,No
15038212,No
10592203,No
14057363,No
9452602,No
23429807,No
18428477,No
19083656,No
9433275,No
12749561,No
8076968,No
15916252,No
11270209,No
22671388,No
23456846,No
8081109,No
10476945,No
21270297,No
17332296,No
20942818,No
23746449,No
16142057,No
17502060,No
16417890,No
20311133,No
22446207,No
16202187,No
19080769,No
14167306,No
16572953,No
20497481,No
13326642,No
8837821,No
10706773,No
23380254,No
17617635,No
11449454,No
9129838,No
20762173,No
21495311,No
20047724,No
23297658,No
16936911,No
12328372,No
15257064,No
12031155,No
11717818,No
22253636,No
21268147,No
15716291,No
14911491,No
16921375,No
18999359,No
17238638,No
11471026,No
14295588,No
22875058,No
9375968,No
9428403,No
11367732,No
14445645,No
15060664,No
7665720,No
22646985,No
21762208,No
21194636,No
18700272,No
17632310,No
11001060,No
11603427,No
10164612,No
16284666,No
14213831,No
10444330,No
9674756,No
9096764,No
13072806,No
18265326,No
22894017,No
14844640,No
23533743,No
23186324,No
20436373,No
12075601,No
15127694,No
8027567,No
20039696,No
15525910,No
16239361,No
20139201,No
8801076,No
8687188,No
10368856,No
20095837,No
22480178,No
10450909,No
21958234,No
22935345,No
18696762,No
21249729,No
21841465,No
17196422,No
7718376,No
10745251,No
12313220,No
10772688,No
8002266,No
21567840,No
8581130,No
15667566,No
21643617,No
17850517,No
19564576,No
21808780,No
15750082,No
13000457,No
13588283,No
18045391,No
13944413,No
17533757,No
21278284,No
22436232,No
18457402,No
17412888,No
16501396,No
8596657,No
16597759,No
21290373,No
23561598,No
15975260,No
10452846,No
8617226,No
7900733,No
15839635,No
21348953,No
22053233,No
17367298,No
20357718,No
10256505,No
15559591,No
8349348,No
18176036,No
15390786,No
8354716,No
21115447,No
12493731,No
15003158,No
11592571,No
8138809,No
11023534,No
18226421,No
19928276,No
8560768,No
22089485,No
12460022,No
17021202,No
18595480,No
23372852,No
8138241,No
21339441,No
8371112,No
21182963,No
18833770,No
13834363,No
20361829,No
8619686,No
16451212,No
15570433,No
7558918,No
19822080,No
14568525,No
22306861,No
21236494,No
14292052,No
11195392,No
21852551,No
16278479,No
21837484,No
15924213,No
14637312,No
22492480,No
11723522,No
8954476,No
12347876,No
11131568,No
15984226,No
9035200,No
18695513,No
21864677,No
22744746,No
22327748,No
11722833,No
14245750,No
18039211,No
12796227,No
10018610,No
9449515,No
13278959,No
23201141,No
11140257,No
11625292,No
16491340,No
15071335,No
11941184,No
8392573,No
22448461,No
22955239,No
8712149,No
19956202,No
7551437,No
12285312,No
15911241,No
14872461,No
22972468,No
15074119,No
11859956,No
10019304,No
21866851,No
13448786,No
22350011,No
19226087,No
12907405,No
17238134,No
9466454,No
15072906,No
12987750,No
22920227,No
17369868,No
11328198,No
15189643,No
19061035,No
11847488,No
16459082,No
15618433,No
7766244,No
11030646,No
16793757,No
11028484,No
19296953,No
9288150,No
12015194,No
12122379,No
14391307,No
9677244,No
8551633,No
9504994,No
17572295,No
13558949,No
18870703,No
14184521,No
20376556,No
14909117,No
21805924,No
18818834,No
14355305,No
20704272,No
12351001,No
11680168,No
19251451,No
13708173,No
19696709,No
23438389,No
20213330,No
19198930,No
9658831,No
7760684,No
10036165,No
23023341,No
19852801,No
15689100,No
11956719,No
12260194,No
21595733,No
23053015,No
19870854,No
21311674,No
17616351,No
16601690,No
12445690,No
11818089,No
20134913,No
19449896,No
15809270,No
13683230,No
18201655,No
20200311,No
14405905,No
14020907,No
9165196,No
14988202,No
21473578,No
14308246,No
17843671,No
14270760,No
15846370,No
12550173,No
16123056,No
11067499,No
15072812,No
16163931,No
15014675,No
14564377,No
21305463,No
22177254,No
16941030,No
19432455,No
15435679,No
12025723,No
11107786,No
10134635,No
20292857,No
10763338,No
10289969,No
12818440,No
11707902,No
21752827,No
15792303,No
11575989,No
14262380,No
16439821,No
11063822,No
21661708,No
11579363,No
16234975,No
12290482,No
13944625,No
20231128,No
8748502,No
22268989,No
17845163,No
20254224,No
17592614,No
21177703,No
13704913,No
18035198,No
22744159,No
15732192,No
20863323,No
20092732,No
23051584,No
16633673,No
20194942,No
22458723,No
8022033,No
9226968,No
12466978,No
21452212,No
12994657,No
23259077,No
14933503,No
18094235,No
12816582,No
9690264,No
22662559,No
15535899,No
23491733,No
19219987,No
22458401,No
14215478,No
10152264,No
17447083,No
22340002,No
13573510,No
23005279,No
14007888,No
19437344,No
12838559,No
12127070,No
16389846,No
15213682,No
20982441,No
13598515,No
10170578,No
19405566,No
8230974,No
13331489,No
10269786,No
9082595,No
20066674,No
18667536,No
16187711,No
12843174,No
17654453,No
22776074,No
12019715,No
14254099,No
9917029,No
7717929,No
19120639,No
14494705,No
15085434,No
11862551,No
8509725,No
15768152,No
18411074,No
21967955,No
11687896,No
22740226,No
23407350,No
13870031,No
23424745,No
8299317,No
16582537,No
20556565,No
9206004,No
8185621,No
8711779,No
15992033,No
21049245,No
10710938,No
11517401,No
19613718,No
10822872,No
15568982,No
13162640,No
12196138,No
14668757,No
16965002,No
11885101,No
16858266,No
18309396,No
10401554,No
23210522,No
11513163,No
8584670,No
23065468,No
19267761,No
22976050,No
15639218,No
23591959,No
14620408,No
16340610,No
21433784,No
19288615,No
18019027,No
23021097,No
8230459,No
19258687,No
22844342,No
15854529,No
20820946,No
9510841,No
23105574,No
13726613,No
21516680,No
20570596,No
21555409,No
15914772,No
8484235,No
13106118,No
19478146,No
15668967,No
12048126,No
19444233,No
12129507,No
15837083,No
10753833,No
10733824,No
9541674,No
18703820,No
17436632,No
23325525,No
11518240,No
9780180,No
15512369,No
20539703,No
20166627,No
15674417,No
20009597,No
16384976,No
20229000,No
11822442,No
16036682,No
16638552,No
19829999,No
12374482,No
8849600,No
8480575,No
14357059,No
16638847,No
9082964,No
11808133,No
9380027,No
13437184,No
17545920,No
9971038,No
23631169,No
19737127,No
23734106,No
11655727,No
18828052,No
12978571,No
14246011,No
9880743,No
22322671,No
20869966,No
12915375,No
12129271,No
15310391,No
14577349,No
21063179,No
20121301,No
15548937,No
20778708,No
19699951,No
10165620,No
18780013,No
21449671,No
10421334,No
20144368,No
20609093,No
23483924,No
11070929,No
18715659,No
10824427,No
19461856,No
17965751,No
9517053,No
21522714,No
8837887,No
17717883,No
16867485,No
11840644,No
19664967,No
10565208,No
13305246,No
8730149,No
21575366,No
17390138,No
20684049,No
10099845,No
14601754,No
21850318,No
7872365,No
20259206,No
14485294,No
21027773,No
14780308,No
14094078,No
23583120,No
21311627,No
17865134,No
19125488,No
11936274,No
8114182,No
16124758,No
17315990,No
17998882,No
19784698,No
17223232,No
9637031,No
13442961,No
14264142,No
18109019,No
8851314,No
12890027,No
13775383,No
12098707,No
23740135,No
19679638,No
8099365,No
18004518,No
15260455,No
18787014,No
12142999,No
18736421,No
23473259,No
15018740,No
19883157,No
9779379,No
11989923,No
17545339,No
13827476,No
15651233,No
20010516,No
14043196,No
13295652,No
18296351,No
11481622,No
10083529,No
8990564,No
13223207,No
9689074,No
20428919,No
11705755,No
18870597,No
9941385,No
12833922,No
20774848,No
15052407,No
12089920,No
7749759,No
21354011,No
8680611,No
8895343,No
22553015,No
23420076,No
19032368,No
16825220,No
19443754,No
10716341,No
16907934,No
19626757,No
12370519,No
8669175,No
19037181,No
21591379,No
9649930,No
12116388,No
16122925,No
11079841,No
23385715,No
12406376,No
11991410,No
19772693,No
10384810,No
16002863,No
8307655,No
15296768,No
21889720,No
19756450,No
19092799,No
13150558,No
14970659,No
10766225,No
20177095,No
20889977,No
16740085,No
8931301,No
13226235,No
13961083,No
21070213,No
15610423,No
10153963,No
19855654,No
21882757,No
16850996,No
19308313,No
20532229,No
11785435,No
19174506,No
14640139,No
20250551,No
8803269,No
15040587,No
14100855,No
11541160,No
23719648,No
11713196,No
19223588,No
23171499,No
9291044,No
16692890,No
22184939,No
16489706,No
18359310,No
21896473,No
11867320,No
19632596,No
23738197,No
14014246,No
18227436,No
15237372,No
9612400,No
23021913,No
14169777,No
19745321,No
23402289,No
14749395,No
10837421,No
9257434,No
8841972,No
20095880,No
7475327,No
8969703,No
17821441,No
19465767,No
13372204,No
21615482,No
21754217,No
11035371,No
8873464,No
10759729,No
7512527,No
18648462,No
13223108,No
13287148,No
21626109,No
16096809,No
14617405,No
18343226,No
11393200,No
19165848,No
23732540,No
11236589,No
11428899,No
17196432,No
22691832,No
18569372,No
13008633,No
17467441,No
16015309,No
21592799,No
13312572,No
13511260,No
8733042,No
22846558,No
11285645,No
8423470,No
17615075,No
20576743,No
10461048,No
17823337,No
8280538,No
22151905,No
15003445,No
23381453,No
17672326,No
18846248,No
12521297,No
21306712,No
18647590,No
13889727,No
14046941,No
22681561,No
18259846,No
20756216,No
22754035,No
11771356,No
14615881,No
22993364,No
11931000,No
11800259,No
9815989,No
13006803,No
17447149,No
16694641,No
16713952,No
8775098,No
15286813,No
19605933,No
19645854,No
19577141,No
15413880,No
18615676,No
10903732,No
8023692,No
7966323,No
12585222,No
20034406,No
19932273,No
15471930,No
20463955,No
12837977,No
11780020,No
13400778,No
10831432,No
13735100,No
20772617,No
23230512,No
12619405,No
22938474,No
16566592,No
13428800,No
9590501,No
16470690,No
20146562,No
17343254,No
18324839,No
22530061,No
14052824,No
15569487,No
8782121,No
15896445,No
12043387,No
18164344,No
9268168,No
23588746,No
8105887,No
20592742,No
15498457,No
7500433,No
9236685,No
17807408,No
19882495,No
7545171,No
16015976,No
21145021,No
23009324,No
18285585,No
11718462,No
17961103,No
11549102,No
19758208,No
8251167,No
13854851,No
14297157,No
8050428,No
13936047,No
21371236,No
9959841,No
22459397,No
13070611,No
21471631,No
7475922,No
20618893,No
14282320,No
18575995,No
11099966,No
17561048,No
15373322,No
21110904,No
16508146,No
15621703,No
18830707,No
14864865,No
12882795,No
13317118,No
12320222,No
18354385,No
20003594,No
17462952,No
14694205,No
13765888,No
16774509,No
22304077,No
8860520,No
11405947,No
18917216,No
14082071,No
17624836,No
10306516,No
19894786,No
23276707,No
15935102,No
22261956,No
13142844,No
19201361,No
23122523,No
15154836,No
22850606,No
12854708,No
16046192,No
13358896,No
16519598,No
8297309,No
7918052,No
17277283,No
16806643,No
18784227,No
8230451,No
20388338,No
10044976,No
10121001,No
10896015,No
11254741,No
16722475,No
9133941,No
16964428,No
23219723,No
14485881,No
11701792,No
14760368,No
14213669,No
7860982,No
15590161,No
15065069,No
20424965,No
19467648,No
20388360,No
12907952,No
20694637,No
19701446,No
13881957,No
21583115,No
12683542,No
17342829,No
9175812,No
12509639,No
19904033,No
23576011,No
11675321,No
18670292,No
20783191,No
11565692,No
7982482,No
13289015,No
15369409,No
12997349,No
8809958,No
15948730,No
11759688,No
13288568,No
12482347,No
12431879,No
17582940,No
11545104,No
18743070,No
9803147,No
21973420,No
14460537,No
17287925,No
7704633,No
8336182,No
16845280,No
9081410,No
8291656,No
7537858,No
10056125,No
16270801,No
11544589,No
12913123,No
20667633,No
20257754,No
11977734,No
20944129,No
12916218,No
17599297,No
13299462,No
9558005,No
13997632,No
10467076,No
19473820,No
18481283,No
10559803,No
7979846,No
12456101,No
15902776,No
16737341,No
12903429,No
9620385,No
16210262,No
23724366,No
8223639,No
17853465,No
16231733,No
16457787,No
20324425,No
8844005,No
10803004,No
8533248,No
14987629,No
9813294,No
11838557,No
23696654,No
12405009,No
20234775,No
12635515,No
19644526,No
11378487,No
15061773,No
22362234,No
8641820,No
20665682,No
19580221,No
16410731,No
7495238,No
10337104,No
18342733,No
10178544,No
19999640,No
18617869,No
11353315,No
9503045,No
19985105,No
19483338,No
12812449,No
7714814,No
13592984,No
9924279,No
16952859,No
22263514,No
9613504,No
9549742,No
11060128,No
17202359,No
19273977,No
8023311,No
9702352,No
9207791,No
12502721,No
7978805,No
10667323,No
9872145,No
21201903,No
12704685,No
10660044,No
13508235,No
14338028,No
12254880,No
17814840,No
8827260,No
14109869,No
22224591,No
8732843,No
15584461,No
16309936,No
11414404,No
15633390,No
22319050,No
15495332,No
9086731,No
18534169,No
11534262,No
11620525,No
21229237,No
9556443,No
12037897,No
16596413,No
22028858,No
16119131,No
8545520,No
10964670,No
11076580,No
16238915,No
8673933,No
7748337,No
22043951,No
18143110,No
8393036,No
15004990,No
16745419,No
22309326,No
17765854,No
8954945,No
9011444,No
22941230,No
23756220,No
8296707,No
22756902,No
13395534,No
20721321,No
17451112,No
12255062,No
11189726,No
21799648,No
12184897,No
9713058,No
21054474,No
23449360,No
15705488,No
10288530,No
20302686,No
9576149,No
8719950,No
13391719,No
9716078,No
22514773,No
19362339,No
15132706,No
8182102,No
9017957,No
18022009,No
22792629,No
12480899,No
9187458,No
21540770,No
22980964,No
15581925,No
8878218,No
11860985,No
18375763,No
16640956,No
16472796,No
18631843,No
9890259,No
13770404,No
17073405,No
15467877,No
10068259,No
19452360,No
12919230,No
21522708,No
9950905,No
19655955,No
10893111,No
9667870,No
13280846,No
18475150,No
16365598,No
11402556,No
10046712,No
17541512,No
8279509,No
17778384,No
15888343,No
15909580,No
20576504,No
12371420,No
10314982,No
14119961,No
9636082,No
18426263,No
7726867,No
22436183,No
16786098,No
19587949,No
12764727,No
11809448,No
15365798,No
16330409,No
19700263,No
18462156,No
13020548,No
10600335,No
23530153,No
16551348,No
13134355,No
7861070,No
20340041,No
7536081,No
11137621,No
16745040,No
22156050,No
17134346,No
18024276,No
10903105,No
14192220,No
14142872,No
11338047,No
19148336,No
19146461,No
16029975,No
20163556,No
15400149,No
13468616,No
11260412,No
17414428,No
14907180,No
21302723,No
18775848,No
13400913,No
22960110,No
15305008,No
21080524,No
23140222,No
16713358,No
16414213,No
15550716,No
11584623,No
9634325,No
22255250,No
17981624,No
19550413,No
9589329,No
15495264,No
23731496,No
10521840,No
20723388,No
14620773,No
9247248,No
15684390,No
19336966,No
18410192,No
23193605,No
8932092,No
20871401,No
22438352,No
11429550,No
7914639,No
12902669,No
16339222,No
9142911,No
15633640,No
9612240,No
7823979,No
7579637,No
10559331,No
15001970,No
11733512,No
20002284,No
7855510,No
13537250,No
16626017,No
17972859,No
14319178,No
16894303,No
13750636,No
13638606,No
20118304,No
20457576,No
19573652,No
11417529,No
15330047,No
14763357,No
19029645,No
8021725,No
18629768,No
10451086,No
14388208,No
14732116,No
22617072,No
14492802,No
19936739,No
17926741,No
13358296,No
14126119,No
9418746,No
9000836,No
18646741,No
11092661,No
23209640,No
18071464,No
20380915,No
15376890,No
10554118,No
17377045,No
12993358,No
10755269,No
12744105,No
14223624,No
17870182,No
17500948,No
10161881,No
15107291,No
21758951,No
11809986,No
11038957,No
18320003,No
22872543,No
21618928,No
8771210,No
10525090,No
20752999,No
15969756,No
20356412,No
22074920,No
20201602,No
14005850,No
17863070,No
10406803,No
21098497,No
10970781,No
18098222,No
22972139,No
21067276,No
12656834,No
9405144,No
13658641,No
10379972,No
17706526,No
13074241,No
8535896,No
10232677,No
17433564,No
18973935,No
16156424,No
9906409,No
21525168,No
19111450,No
19692938,No
16178941,No
22995268,No
12832570,No
18562262,No
20894884,No
18175688,No
19871584,No
21421651,No
11125293,No
22048224,No
20748116,No
19553124,No
13016117,No
12973030,No
13116786,No
17344971,No
19520072,No
13331599,No
9092860,No
21752323,No
20098466,No
21043306,No
9055333,No
18569557,No
20736166,No
17642374,No
11634507,No
22658580,No
13401273,No
20762282,No
13987575,No
23461119,No
21993288,No
16292228,No
10321673,No
15574038,No
21197077,No
19120623,No
12853876,No
22490181,No
19685837,No
8918838,No
18113824,No
9799805,No
18730864,No
12200535,No
7684269,No
13984203,No
18446897,No
7615384,No
9175356,No
10843015,No
22091747,No
11195984,No
8468147,No
11573058,No
8585937,No
10248185,No
18433843,No
19039814,No
10918950,No
21269859,No
9033450,No
13536207,No
7822016,No
9964008,No
22264918,No
8927697,No
14872956,No
18798692,No
14899183,No
13366693,No
9088541,No
19654731,No
13547100,No
22212418,No
21279785,No
14853606,No
17942378,No
14512743,No
21570808,No
15133669,No
18659638,No
10088081,No
11696479,No
15288700,No
23007116,No
19277704,No
20968582,No
9185949,No
13187841,No
11081532,No
20601028,No
19096099,No
7716373,No
8355811,No
22308041,No
8649317,No
8558170,No
20590511,No
21177190,No
23284735,No
7827172,No
8286015,No
15644726,No
14656269,No
8487289,No
13090745,No
19993928,No
20625797,No
20998338,No
11181640,No
19319846,No
17881771,No
22713034,No
18825339,No
13946230,No
17759870,No
15431723,No
23661906,No
11301697,No
23558889,No
14803130,No
14354197,No
15396486,No
12797033,No
20583870,No
20435216,No
17142142,No
12105779,No
11907444,No
22945514,No
10402244,No
7608534,No
22484319,No
22474182,No
15663086,No
18850073,No
22886303,No
22422570,No
7495840,No
7970548,No
8729500,No
9136896,No
12195197,No
12644336,No
22204709,No
8838539,No
15494235,No
18330052,No
14356545,No
23046821,No
19174118,No
7719667,No
16571967,No
22495093,No
18293712,No
20624439,No
22296275,No
19358452,No
22440209,No
11941242,No
10876286,No
18465546,No
10484529,No
20415887,No
10914293,No
16049023,No
21084379,No
22902402,No
12080946,No
10694165,No
22638381,No
10672212,No
8371929,No
8046342,No
8411455,No
22747474,No
7832110,No
18033375,No
15767216,No
23588437,No
13569374,No
20218933,No
21795783,No
20571807,No
17118111,No
11645719,No
18550834,No
10997337,No
7728223,No
13901076,No
15360955,No
16676428,No
20658040,No
21116400,No
23060747,No
23256244,Yes
15852828,No
21527532,No
7803388,No
10348792,No
12740114,No
22752648,No
21029433,No
9492768,No
23602179,No
16389957,No
8007302,No
7788823,No
16144712,No
20190136,No
16914132,No
21687231,No
23676679,No
21077747,No
9028662,No
13193623,No
23123025,No
22413313,No
15413779,No
20426777,No
15174190,No
23153910,No
19018023,No
11312899,No
14316859,No
9542792,No
23343571,No
12559185,No
20309140,No
14359367,No
18429826,No
21137297,No
13131354,No
7563446,No
18477855,No
19303758,No
14096200,No
13842331,No
21108412,No
23530771,No
16344795,No
12913080,No
19386349,No
7935232,No
21551019,No
15246407,No
11973848,No
15295892,No
11088650,No
23555750,No
23688524,No
12280339,No
10066487,No
18622828,No
16178952,No
15281529,No
20134994,No
12390827,No
15246192,No
17384674,No
14239293,No
16667066,No
15488323,No
12014806,No
21164599,No
9423565,No
14531886,No
12942918,No
9698237,No
12812219,No
19454083,No
13732220,No
7711770,No
22357562,No
14316546,No
15682321,No
9179834,No
14351717,No
17050609,No
15436527,No
8169360,No
10862528,No
22307674,No
12869627,No
17060488,No
9732137,No
13038763,No
20422612,No
19052834,No
21503549,No
14897850,No
10933428,No
20233543,No
8806570,No
19161875,No
13153297,No
12854129,No
20110099,No
19517175,No
16865107,No
17741317,No
17459425,No
9262631,No
10813185,No
16008923,No
15800139,No
21114465,No
19709757,No
12423918,No
12577236,No
11490583,No
22046310,No
10348860,No
13563187,No
13313556,No
9131646,No
18831211,No
12958163,No
23405569,No
10431236,No
18504768,No
22640760,No
21062943,No
8197365,No
8465415,No
19563102,No
23015881,No
11120910,No
22883091,No
14160338,No
16199515,No
9211893,No
11004936,No
16600505,No
9130806,No
19339926,No
19910613,No
20202166,No
23754237,No
12714383,No
18511349,No
17875270,No
15533837,No
22005103,No
23449538,No
18309238,No
21301083,No
8295613,No
18214310,No
18792882,No
20272473,No
15702080,No
18640617,No
7750585,No
10255560,No
18626954,No
22726121,No
13661460,No
23681187,No
21499562,No
16318760,No
14455343,No
21971867,No
21383773,No
10112000,No
19660122,No
13598483,No
18916030,No
18148400,No
19303396,No
16670381,No
7490698,No
23036314,No
7907677,No
14661595,No
14516281,No
18845375,No
20419755,No
20753477,No
19764373,No
17934613,No
16904214,No
12103619,No
18275538,No
14408912,No
17665740,No
19283710,No
18372718,No
16367709,No
18402286,No
22107275,No
13008869,No
20643583,No
12914717,No
9836305,No
16303489,No
19161053,No
11647469,No
22936651,No
9927911,No
16036731,No
11076865,No
17839287,No
12167454,No
16675406,No
20654679,No
18369052,No
15947976,No
19226848,No
18752674,No
16578240,No
11049602,No
21961320,No
12659021,No
13618675,No
13442227,No
13705273,No
15697478,No
22752567,No
8663178,No
13459872,No
15202241,No
16441233,No
19153313,No
16915340,No
12350542,No
20663164,No
12686636,No
16689144,No
17593364,No
17038274,No
7682593,No
21410710,No
23185776,No
20582917,No
21984892,No
14078704,No
20325330,No
20746616,No
11335832,No
17684658,No
9760932,No
19048953,No
15494272,No
16870510,No
11597626,No
19788481,No
15406838,No
23371606,No
21924420,No
12751815,No
14289925,No
10172075,No
22468730,No
17725934,No
7825863,No
21083723,No
19258335,No
7591427,No
23397515,No
16844125,No
23483875,No
21223604,No
16911684,No
18193388,No
7853421,No
15574541,No
11925977,No
14891638,No
20553846,No
20755556,No
16907478,No
13149797,No
12283110,No
8024185,No
8052102,No
18344731,No
13858053,No
14296991,No
11312497,No
8396887,No
18597899,No
12696221,No
13709872,No
7496911,No
10997662,No
19214372,No
16261001,No
10161021,No
20174188,No
9217141,No
22115331,No
9892574,No
20176652,No
19214241,No
17024988,No
9493506,No
18713348,No
23319271,No
11132514,No
13398923,No
21069122,No
10720348,No
18169735,No
11024127,No
11011738,No
16333111,No
12685763,No
8618087,No
20206227,No
20245173,No
18591275,No
16683938,No
7559791,No
12150905,No
11641766,No
22129749,No
11083755,No
9499745,No
14477611,No
7845022,No
11625953,No
19696282,No
21674917,No
15414036,No
18310783,No
19065760,No
12789431,No
22625180,No
20331260,No
22556451,No
8496688,No
16433177,No
17924183,No
21906927,No
14262202,No
7965894,No
16141000,No
20150032,No
21814303,No
22411936,No
23669611,No
9470724,No
23487308,No
15457414,No
22288767,No
10880440,No
14537028,No
8293543,No
13648098,No
16601979,No
8221243,No
12516035,No
11981422,No
9924838,No
19585877,No
10474237,No
8627023,No
13953779,No
19556854,No
17202912,No
15785601,No
14339111,No
21257855,No
20897355,No
19756260,No
12529965,No
22295909,No
10204789,No
12979421,No
20504912,No
23335796,No
20977860,No
9925113,No
22198487,No
18230333,No
14769237,No
17333821,No
8614051,No
18994692,No
13086956,No
21917916,No
17474480,No
21232712,No
19235662,No
19334811,No
12761790,No
16578055,No
19161252,No
15470900,No
10322364,No
21040867,No
12058921,No
7713629,No
19453401,No
12552043,No
19665422,No
17795761,No
9840604,No
19640059,No
15545174,No
17652377,No
18009684,No
19256558,No
15521835,No
14942467,No
17253730,No
10760096,No
14932421,No
8989230,No
22223275,No
21064264,No
18686677,No
9122954,No
17216316,No
19435412,No
10515165,No
18859610,No
17749744,No
18693471,No
12330259,No
15887073,No
14756720,No
23656507,No
22926335,No
23569273,No
9131768,No
19821843,No
10627406,No
16503294,No
8963009,No
9672701,No
16079815,No
15312918,No
23051388,No
13168227,No
18122613,No
19394511,No
10320278,No
23725110,No
17044435,No
23472830,No
8502842,No
15575300,No
16821403,No
14675800,No
20253643,No
22801741,No
17319279,No
18934043,No
10360617,No
14363883,No
14130261,No
10763738,No
22970187,No
12546429,No
18192489,No
14174737,No
22281866,No
15139399,No
10179912,No
12303540,No
23314954,No
11065879,No
14899154,No
14521625,No
13089042,No
16577170,No
21006129,No
8728262,No
14895898,No
18014156,No
23265195,No
22201565,No
13309089,No
21389447,No
17583102,No
8298940,No
16919334,No
10086092,No
12671269,No
13249624,No
15710683,No
13363190,No
13292552,No
22264234,No
15703813,No
15304535,No
15357218,No
16352215,No
21096786,No
15170887,No
18943072,No
17399155,No
22437379,No
13478994,No
20075775,No
17694471,No
16481061,No
10483787,No
8434079,No
21373883,No
10556636,No
19112029,No
17524836,No
19844201,No
9766336,No
17897702,No
22326641,No
17897335,No
9012338,No
9740724,No
13401065,No
16303719,No
21521634,No
14455495,No
18289114,No
9071812,No
17993782,No
20433634,No
23478484,No
12020597,No
9292189,No
10555920,No
16615886,No
15133568,No
11503367,No
16726889,No
17576998,No
19470968,No
16975566,No
14929933,No
21887877,No
20170416,No
18520897,No
14305609,No
13175004,No
14674011,No
15536497,No
15671742,No
17829121,No
16131536,No
7527137,No
7962370,No
14740251,No
7853071,No
21178354,No
19248656,No
19984877,No
18055067,No
12911196,No
23518775,No
20094330,No
10653563,No
19009428,No
17245261,No
11431052,No
8112600,No
17315007,No
17362628,No
17978096,No
14715351,No
22390605,No
14544879,No
22887001,No
19797649,No
22383768,No
7851401,No
16422895,No
22365641,No
8297145,No
7933262,No
14729569,No
12191154,No
10455200,No
17634615,No
8015962,No
12607230,No
8805863,No
20225328,No
22824024,No
19902894,No
22785028,No
9494518,No
20575416,No
20711746,No
15035674,No
17030128,No
19082459,No
8057438,No
17274815,No
13903146,No
7855330,No
17298453,No
19024532,No
16530458,No
18230293,No
21099417,No
13266169,No
23055548,No
20711165,No
15024899,No
7537066,No
21913291,No
7759996,No
22990247,No
20507863,No
10694716,No
10479555,No
10442790,No
13774845,No
9676924,No
22705345,No
9593897,No
14332834,No
13619339,No
23494659,No
14812005,No
16382251,No
22781239,No
12070526,No
20939132,No
21299682,No
12456626,No
8894825,No
15069456,No
11666181,No
8119749,No
17584334,No
16326932,No
8207580,No
14519530,No
22438448,No
21815990,No
14307012,No
19318630,No
13656038,No
13093674,No
21694489,No
21995074,No
14047563,No
8443650,No
22565730,No
10896458,No
10479884,No
13237464,No
18942397,No
13861802,No
18547729,No
13158677,No
12847801,No
22204339,No
13525799,No
22208021,No
21973515,No
10920697,No
17985580,No
23631926,No
11020558,No
16549630,No
10743835,No
17337505,No
17873596,No
13535480,No
12944482,No
16955619,No
16101778,No
16625646,No
10346345,No
16945399,No
20748106,No
21222554,No
9197158,No
15790570,No
7972534,No
12051424,No
13626070,No
21914540,No
11658720,No
10708592,No
17254102,No
14294035,No
15471191,No
12869928,No
22150153,No
12289941,No
14031561,No
12357591,No
21241679,No
15985864,No
12808667,No
23273099,No
20470684,Yes
11529623,No
12868920,No
14094679,No
14594314,No
20522539,No
12493242,No
8320290,No
7770565,No
14897519,No
20373406,No
12608867,No
17876070,Yes
17201476,No
7885968,No
16910194,No
19768042,No
14535741,No
10850771,No
18152531,No
8056748,No
21035927,No
8333523,No
11263788,No
13086023,No
19608637,No
15538131,No
12048566,No
22663245,No
20864996,No
23224253,No
11519760,No
9443320,No
22505337,No
21146257,No
12934087,No
15206138,No
9020848,No
9993297,No
16664631,No
8791678,No
8496593,No
10184032,No
7807220,No
8256051,No
8271898,No
14666882,No
18960149,No
19274316,No
16696152,No
21928700,No
15029878,No
23145279,No
17182527,No
11233786,No
20942526,No
16627876,No
17165205,No
13069952,No
10002985,No
8190394,No
21341753,No
14434816,No
10368197,No
7957829,No
10238540,No
21191630,No
16914059,No
14489306,No
9371680,No
20731246,No
9203376,No
11196038,No
18593671,No
20782866,No
13249426,No
19278694,No
7717125,No
19723248,No
8712717,No
23560758,No
10705706,No
11470133,No
19798703,No
12086080,No
18082655,No
18517003,No
19798992,No
21943652,No
12828713,No
13265936,No
18823918,No
8141925,No
13326296,No
8617986,No
11729564,No
15379542,No
14900769,No
12432866,No
18126580,No
12562967,No
9646292,No
17653687,No
13738468,No
23320444,No
18384963,No
20222806,No
15490666,No
21311555,No
21805310,No
18876667,No
13724171,No
22339327,No
9683665,No
18599802,No
22344199,No
20183064,No
8713681,No
12315063,No
15816497,No
14944215,No
21806298,No
8866219,No
18272710,No
13233074,No
14544352,No
16300239,No
13879650,No
23556206,No
9801221,No
15484423,No
12987366,No
9613123,No
14634178,No
20374407,No
9342125,No
8617341,No
18758939,No
15607686,No
7548795,No
13108497,No
8261456,No
21083717,No
21490570,No
11819631,No
11946808,No
20965507,No
11900046,No
22649898,No
18543644,No
14538144,No
19981999,No
16959196,No
8620807,No
15458713,No
19738990,No
20138558,No
23422170,No
17159374,No
17713993,No
23184537,No
14736591,No
20217079,No
20168489,No
23027586,No
16165594,No
12024482,No
12684519,No
18838127,No
11757480,No
11780805,No
19566212,No
17453645,No
17674631,No
17374992,No
19226357,No
11191001,No
14626677,No
13971452,No
14247163,No
11729155,No
19369293,No
10022130,No
13013771,No
15072765,No
22573134,No
8193131,No
18449992,No
19918389,No
13434813,No
15690038,No
9559736,No
7760050,No
11208101,No
13240083,No
9800243,No
15106536,No
15985044,No
12030627,No
21361715,No
9333043,No
9163863,No
18641537,No
15363842,No
19255393,No
10736104,No
18314557,No
14396540,No
10263282,No
23406294,No
12898273,No
14518610,No
12040962,No
21950257,No
9531894,No
14988191,No
20081996,No
8884483,No
18644876,No
21130141,No
19756157,No
18096530,No
10215586,No
11112420,No
12819190,No
17156577,No
22075411,No
21256441,No
16675447,No
7481737,No
9276468,No
17677164,No
23016465,No
8703007,No
11229515,No
13017466,No
19179173,No
10826457,No
15407500,No
8032850,No
21523945,No
16357316,No
19217470,No
16753687,No
9609480,No
8035214,No
9087274,No
19702529,No
11858497,No
10061447,No
12799681,No
15648462,No
23545825,No
14809115,No
9099241,No
15278905,No
20123908,No
16082872,No
14874824,No
21131616,No
17356746,No
10418295,No
20423858,No
9956836,No
14248711,No
17911809,No
21618320,No
20379998,No
15918424,No
8168723,No
15781061,No
21179233,No
13282065,No
22271182,No
22114136,No
18853578,No
7540194,No
17725780,No
22627025,No
14157210,No
17588477,No
8933652,No
21295112,No
21836586,No
15404318,No
16227006,No
8208951,No
14810515,No
20114738,No
13023449,No
10301502,No
13014025,No
12814632,No
8589456,No
12531934,No
10911719,No
10612096,No
20665788,No
8928203,No
14056646,No
22548528,No
11354793,No
10770869,No
20133356,No
15142240,No
14691587,No
20175958,No
22038272,No
13251146,No
23554456,No
13354093,No
9930864,No
18632654,No
16913091,No
18403964,No
14865006,No
18751961,No
10404518,No
22906522,No
18894374,No
21370651,No
19801178,No
15977910,No
8314237,No
22802263,No
15133208,No
19063169,No
16751114,No
9319418,No
22841994,No
20856048,No
19726582,No
14921261,No
11266596,No
10306765,No
16359099,No
23230556,No
8589849,No
14869595,No
7684149,No
22558808,No
21072702,No
22892550,No
10022368,No
9926998,No
12629944,No
21405797,No
21132021,No
14600076,No
13415410,No
15720521,No
17243417,No
20929099,No
13834344,No
19256691,No
12871779,No
18411849,No
17116071,No
14178438,No
11229745,No
17861244,No
19300892,No
21440010,No
8390947,No
17431030,No
9131005,No
10634864,No
9025445,No
15874781,No
19382226,No
16021380,No
13477676,No
17293208,No
23644116,No
7610982,No
16190277,No
11352146,No
20299376,No
13974012,No
17019561,No
9937536,No
22120492,No
20509352,No
16715394,No
11915009,No
23078195,No
9038559,No
13651867,No
12774208,No
17544965,No
11794732,No
19813520,No
10763247,No
7598483,No
18014170,No
22644838,No
17401397,No
23719480,No
16925419,No
13201569,No
18114303,No
16097814,No
12815189,No
15878806,No
10428414,No
12223310,No
19904130,No
9752499,No
17268517,No
14848940,No
8619016,No
13217801,No
14750389,No
11519931,No
15274072,No
15153897,No
15188389,No
12539903,No
8531873,No
11855880,No
19440760,No
23385969,No
9645950,No
22760499,No
14262743,No
13552347,No
11119416,No
14854050,No
8853733,No
14955578,No
12995441,No
18946406,No
11433165,No
11881687,No
15902906,No
9814009,No
8278893,No
14911025,No
20737369,No
19590411,No
20817918,No
14982033,No
20371159,No
15966612,No
10930204,No
13128238,No
17862032,No
23178715,No
19050715,No
14046091,No
12170425,No
19328346,No
13005797,No
8698192,No
10720931,No
16137001,No
10727605,No
15902709,No
16197279,No
23485238,No
7828085,No
10045748,No
14911384,No
23759912,No
13782117,No
7625456,No
14740800,No
18194934,No
9987272,No
13035160,No
15384208,No
20805667,No
14360704,No
11301091,No
15643687,No
9105267,No
10199114,No
13927181,No
22721473,No
7759942,No
12167164,No
11437248,No
9594571,No
10372564,No
16126028,No
8375566,No
11296976,No
21719812,No
9135476,No
22970429,No
18242756,No
22420645,No
17471857,No
12857198,No
18613460,No
22075371,No
15975594,No
21901593,No
13631896,No
15461973,No
18752380,No
16841551,No
10746992,No
14081225,No
21259694,No
21684390,No
15898743,No
11982623,No
8625372,No
20817357,No
15767051,No
17771121,No
8474586,No
16808079,No
8416517,No
14432080,No
13096722,No
14239587,No
14427302,No
15829411,No
21537120,No
18471154,No
16963776,No
23327716,No
13963954,No
12094390,No
10771875,No
11383537,No
7719037,No
18660260,No
22209871,No
17326913,No
18699835,No
9308760,No
23319118,No
8400491,No
12273814,No
13012378,No
8285697,No
8257735,No
16332016,No
9111402,No
11067494,No
16687694,No
13901620,No
22156871,No
22104953,No
16514357,No
8905143,No
8437797,No
17067476,No
22824729,No
20757713,No
12735566,No
11528748,No
7829847,No
21671540,No
18401607,No
13532855,No
7867947,No
10114696,No
18774395,No
21346371,No
15098061,No
18278611,No
10734924,No
9371930,No
22633722,No
11184496,No
16208241,No
13935489,No
18125162,No
21565174,No
12730889,No
14381092,No
15027935,No
22190855,No
13246731,No
18191137,No
20708884,No
20605779,No
8668495,No
10773569,No
14048090,No
18749257,No
22953620,No
23147389,No
9890308,No
17197342,No
11926626,No
20774592,No
15363520,No
12376958,No
14044658,No
13265542,No
10840262,No
23742878,No
19064723,No
19644595,No
19164470,No
21762684,No
10199975,No
9544465,No
21581901,No
10645712,No
8076745,No
13200587,No
15308237,No
12411732,No
13231416,No
7880306,No
21910398,No
15040582,No
14959139,No
7844566,No
21834359,No
22929644,No
13995994,No
9526803,No
7508770,No
16325367,No
10968619,No
20473554,No
23000973,No
21878942,No
14177104,No
18761984,No
14398428,No
16136487,No
16372781,No
20597724,No
21307502,No
8166776,No
9373908,No
23267076,No
22823606,No
19225296,No
16869236,No
11613469,No
13810947,No
16424376,No
22411049,No
12892203,No
13899491,No
20269496,No
10170230,No
14932358,No
15941621,No
21351627,No
22022736,No
8704804,No
12849646,No
12339507,No
11827233,No
10645488,No
10984485,No
18240747,No
13955873,No
19082887,No
18548405,No
11351521,No
8311133,No
17647308,No
17211266,No
23722297,No
7876115,No
11114756,No
14219120,No
17892499,No
21203062,No
20779916,No
11988225,No
22869634,No
20016453,No
8858937,No
12101649,No
14981752,No
7723712,No
22960531,No
10206113,No
15743622,No
22059911,No
21332372,No
20610418,No
11517818,No
20627804,No
9045132,No
22249736,No
21998795,No
22231338,No
21411937,No
19725026,No
15022178,No
13460975,No
22154482,No
8614650,No
18950203,No
21287173,No
14859533,No
15436614,No
22872204,No
8410260,No
16081516,No
21170176,No
14180581,No
19584173,No
16550394,No
18473109,No
8953130,No
11973653,No
17035011,No
10264341,No
10308849,No
11971634,No
11993865,No
22364437,No
18831429,No
11101512,No
19970362,No
16992738,No
19362752,No
19449305,No
16656558,No
17113909,No
12864582,No
19656703,No
11449706,No
21336038,No
19149811,No
19262310,No
22865673,No
16353272,No
10961375,No
20035847,No
21798193,No
17885405,No
12008028,No
16630227,No
21589830,No
12819168,No
9407539,No
8791395,No
17218675,No
13467799,No
11336980,No
12603681,No
11846044,No
15272687,No
15597872,No
11072282,No
15869106,No
16648478,No
21996989,No
14280014,No
16916915,No
9405634,No
11980309,No
13721390,No
14595048,No
14790202,No
22983089,No
7830774,No
22353434,No
19802340,No
12392417,No
14919816,No
23437364,No
18973756,No
12693613,No
11555499,No
10245250,No
21762336,No
23248119,No
10962151,No
19605795,No
23212796,No
14252459,No
10318551,No
22672357,No
11059663,No
17340842,No
13400419,No
20673771,No
11871800,No
21557839,No
12429588,No
14117260,No
18961824,No
18779286,No
14522733,No
11787595,No
16471055,No
16160151,No
13530810,No
9788200,No
17243007,No
7963442,No
18046837,No
20754504,No
9201665,No
20790501,No
16047512,No
21873733,No
19304690,No
20468121,No
13532697,No
9025883,No
10439765,No
23449579,No
8249358,No
22470703,No
19364356,No
8732009,No
16711402,No
11768529,No
12277693,No
14059995,No
15602587,No
20050640,No
20059166,No
9752987,No
11545334,No
22495804,No
12269605,No
11856561,No
17169828,No
11976292,No
21557844,No
14613045,No
22801108,No
21708224,No
23472204,No
22470213,No
18175537,No
15061899,No
21999314,No
21293970,No
17332715,No
23151599,No
9588138,No
14992984,No
22596053,No
22509417,No
14698338,No
18921510,No
12008747,No
23070727,No
8340787,No
19917454,No
18808594,No
22386813,No
8905326,No
16037133,No
15878436,No
8230116,No
9489833,No
22225933,No
10047297,No
16447685,No
14186291,No
18141017,No
19856327,No
15223757,No
13732643,No
23660345,No
13316758,No
23044570,No
7943811,No
10768405,No
13181158,No
17895766,No
21955906,No
22747682,No
13161813,No
14993768,No
7740392,No
15296419,No
8529657,No
22321487,No
15967459,No
17249385,No
15747179,No
19132475,No
18784759,No
16340539,No
21780547,No
19132991,No
11383876,No
18102829,No
12988709,No
22923233,No
10322044,No
7666906,No
21876198,No
7634657,No
15309513,No
16226624,No
15025276,No
8110175,No
11166632,No
18070595,No
16683766,No
11508437,No
13000983,No
19759818,No
21320401,No
9524224,No
22246565,No
17567793,No
10046714,No
21720581,No
23632343,No
10176271,No
20395335,No
15056295,No
16449524,No
8267632,No
17136331,No
8858677,No
11846723,No
12544015,No
19143617,No
19203535,No
8857277,No
18189609,No
19835820,No
17009163,No
17638397,No
8255388,No
11411254,No
13686626,No
15899718,Yes
11650514,No
13507948,No
19612860,No
7930235,No
20041475,No
8403519,No
16281599,No
10880009,No
22324779,No
21143865,No
12072549,No
15281116,No
22966971,No
18225623,No
12064418,No
21130948,No
17168075,No
8342728,No
22294424,No
20597116,No
11470892,No
16434292,No
21006890,No
12653553,No
20644329,No
13124993,No
21846516,No
15868796,No
23212087,No
20957117,No
15918134,No
15267150,No
9202903,No
19215232,No
17691872,No
17907657,No
18701258,No
13038732,No
16893962,No
22473830,No
20617178,No
10769115,No
12202872,No
10227405,No
9499338,No
22641828,No
17314615,No
23019267,No
21459620,No
17231749,No
13767346,No
22791050,No
19133137,No
18419047,No
18877810,No
18781747,No
15876390,No
20422909,No
9968995,No
20592009,No
17755816,No
19053500,No
19508274,No
18078433,No
9240701,No
16198977,No
20716629,No
20084581,No
17520978,No
16326354,No
9188050,No
11815605,No
15609399,No
14374134,No
16454345,No
8634832,No
10091140,No
9673042,No
8492010,No
15339710,No
15604072,No
8051112,No
14892126,No
18205211,No
19599230,No
18444523,No
15685695,No
14712161,No
21808273,No
15815463,No
15005730,No
14868144,No
7536763,No
17433173,No
21364414,No
12556019,No
20365514,No
16631108,No
17382694,No
16175926,No
15159522,No
22316903,No
21286510,No
21786677,No
8942266,No
10472152,No
11145870,No
12280212,No
16893307,No
21476223,No
18902157,No
7576016,No
18332519,No
10719617,No
8851321,No
8050204,No
15260005,No
20806851,No
11070917,No
16852712,No
17928745,No
14456117,No
15545941,No
19290083,No
19224626,No
14656135,No
22738452,No
14354624,No
18546576,No
20314771,No
15765718,No
9589566,No
13280347,No
10879151,No
14922773,No
17395890,No
7734552,No
22334674,No
7567137,No
23480907,No
22763918,No
18214078,No
7979223,No
12905359,No
13452308,No
9776432,No
8106433,No
12516107,No
20957778,No
15052686,No
18889242,No
18685774,No
15872599,No
9588425,No
11430581,No
9731074,No
7577545,No
16204961,No
8556320,No
20950596,No
17480812,No
13058038,No
16326441,No
11000897,No
15579078,No
21949551,No
15421781,No
16436592,No
18738163,No
8598946,No
21846192,No
18826108,No
18509513,No
23641456,No
14938610,No
14320853,No
12739785,No
23394701,No
20382380,No
13551923,No
22232941,No
8746221,No
13839169,No
21204986,No
23147858,No
19936725,No
12037027,No
18663664,No
23552399,No
12401811,No
14703137,No
17614732,No
20970334,No
10809540,No
16836144,No
17256675,No
12483613,No
14075271,No
18626465,No
20802085,No
21476058,No
12229098,No
20819598,No
17515067,No
15956764,No
13805530,No
11505877,No
9342441,No
18662724,No
22495904,No
17849006,No
7988904,No
22486943,No
13758900,No
18470831,No
9475144,No
21988982,No
18882832,No
11013706,No
22259327,No
7509426,No
12041424,No
18963205,No
19892393,No
13983164,No
22861678,No
23268101,No
10956746,No
19839875,No
10830817,No
15524814,No
17611962,No
19022386,No
22161298,No
14627984,No
17075508,No
12941956,No
22876179,No
12319622,No
18120238,No
18387146,No
8816553,No
19396830,No
11746199,No
22978754,No
22479864,No
22235986,No
19192417,No
23046274,No
12142074,No
19664401,No
9767347,No
20321529,No
15984022,No
8027441,No
13169379,No
13212741,No
19405482,No
20464017,No
21155624,No
17696571,No
12550400,No
10448076,No
8239895,No
10744843,No
18493954,No
13528058,No
13388728,No
21344339,No
17507568,No
8900708,No
8920852,No
17142916,No
19564900,No
23162235,No
23392727,No
23190193,No
17854940,No
8621372,No
14301368,No
20804434,No
23167468,No
10428681,No
21662205,No
16058067,No
20332470,No
8010013,No
8773910,No
15901831,No
13029301,No
10537019,No
20608076,No
19768675,No
8165011,No
11890601,No
20945027,No
12094050,No
16186545,No
7507039,No
12851099,No
10146419,No
12007133,No
8951930,No
21898739,No
21611624,No
20596362,No
13601924,No
11207535,No
22382659,No
17130537,No
9475935,No
12876565,No
11839550,No
14749265,No
18558163,No
16160724,No
23376266,No
21430253,No
8288703,No
7828305,No
23563785,No
14515505,No
19850101,No
12490230,No
18723406,No
17183363,No
13146887,No
20349346,No
16862091,No
21113004,No
17102015,No
20986361,No
20229735,No
20479274,No
21035656,No
21413293,No
11886846,No
19515575,No
23512027,No
10594087,No
23166362,No
8639553,No
21483016,No
13423191,No
11925504,No
9392175,No
22352116,No
8999499,No
8285522,No
17502599,No
12409403,No
7487084,No
16745333,No
8760601,No
9368317,No
8535197,No
12069118,No
13789430,No
13441808,No
23253217,No
13894194,No
13166170,No
10047937,No
13027576,No
11251242,No
22808647,No
22587593,No
16960395,No
10005946,No
13628564,No
19680977,No
16068173,No
19587881,No
19684259,No
20992456,No
10299770,No
20709548,No
17839295,No
22311652,No
19913330,No
19594389,No
21136798,No
9474085,No
17214260,No
17421085,No
11928079,No
14178186,No
8593574,No
20987885,No
18569754,No
12948337,No
23189955,No
8183521,No
23023529,No
10519252,No
23291381,No
22755411,No
8540692,No
11767214,No
8194841,No
11908165,No
22444532,No
22996071,No
14951827,No
15905739,No
11886828,No
8155877,No
11514526,No
21733245,No
10923285,No
14331560,No
11902029,No
11384708,No
9398884,No
21943855,No
8381918,No
10887357,No
11818286,No
20609962,No
16109521,No
13750719,No
23541657,No
11514912,No
18277230,No
10201016,No
19503662,No
20144716,No
11897744,No
11932549,No
11543512,No
13538637,No
16669837,No
16068702,No
17735926,No
9829539,No
16305752,No
19114648,No
20959313,No
12198496,No
13588143,No
16425027,No
8982429,No
13148404,No
9978205,No
16254642,No
15451279,No
22861455,No
20025745,No
22923617,No
19191127,No
10287301,No
14332944,No
10249651,No
8486152,No
15579022,No
20805270,No
14896897,No
11369336,No
21437964,No
17195150,No
12502110,No
22379353,No
14187272,No
18855735,No
21533304,No
15810959,No
21737970,No
21691185,No
20809947,No
16487420,No
10483961,No
17637920,No
21239863,No
23474188,No
20451236,No
7849307,No
15032353,No
13950308,No
11462514,No
11278140,No
12910639,No
20350455,No
22504526,No
9429535,No
10554420,No
8043715,No
23371765,No
13128824,No
11006815,No
18111571,No
19779641,No
21730542,No
10653489,No
22646398,No
14553299,No
20915129,No
20012615,No
15651970,No
9092665,No
7482007,No
13020616,No
9265351,No
20206887,No
16811880,No
7486037,No
11358210,No
8038360,No
14448050,No
19071072,No
23514426,No
18808389,No
7726517,No
8607530,No
10458084,No
13261886,No
18994190,No
16888105,No
11285178,No
12739011,No
9219157,No
15478552,No
16331691,No
21283800,No
21159233,No
8736662,No
18171971,No
8265727,No
18646453,No
19995323,No
8900811,No
17700984,No
10889568,No
22525051,No
22642457,No
9379075,No
21200612,No
19646562,No
15156331,No
12433325,No
23038213,No
23094638,No
12758019,No
23731709,No
12792724,No
15876898,No
23132568,No
18070303,No
22068005,No
22696214,No
21334459,No
19542676,No
22773628,No
16841990,No
19999486,No
17573112,No
11631889,No
18084298,No
18826796,No
13842662,No
23370609,No
14507492,No
20878730,No
21872954,No
16877312,No
11395281,No
17106428,No
16313824,No
15347433,No
16954392,No
17291245,No
15481777,No
14651582,No
13086561,No
17171431,No
14394479,No
17302582,No
11657424,No
14514928,No
10237648,No
16314507,No
14163214,No
22478307,No
15564716,No
8116711,No
17737340,No
22290023,No
13632947,No
8474936,No
20685793,No
10400712,No
17460323,No
12628570,No
9303037,No
21008141,No
18573962,No
22840672,No
21118181,No
7601067,No
16504478,No
13148460,No
19218044,No
11161241,No
22478175,No
15216664,No
7626310,No
21663075,No
21148802,No
22152460,No
18543755,No
8997787,No
20461841,No
8114510,No
13873947,No
14264147,No
12112016,No
10228504,No
21035631,No
23573740,No
18695417,No
20711436,No
17071465,No
13695916,No
11444101,No
16847143,No
14474371,No
20803169,No
23190124,No
12074648,No
17233568,No
21406186,No
19074958,No
12475031,No
9336308,No
8760794,No
9163710,No
19975012,No
14760186,No
12484879,No
16346470,No
20956593,No
9685193,No
18515094,No
19301582,No
16527381,No
13286433,No
20565611,No
18329363,No
18594957,No
20416416,No
15303822,No
8447985,No
21654321,No
19026283,No
23297400,No
22752285,No
11955387,No
15934122,No
20196029,No
16512994,No
8991428,No
19886758,No
14838004,No
19888574,No
8521691,No
21001093,No
12480281,No
22837236,No
12849721,No
22715132,No
16221699,No
12130599,No
23408263,No
21966521,No
11392844,No
13744651,No
21598496,No
18008811,No
7854975,No
19418750,No
11054138,No
21591873,No
8157919,No
21951647,No
12057570,No
17520951,No
21857253,No
21273567,No
9610930,No
17695288,No
10790759,No
18660212,No
13263129,No
22591296,No
18989957,No
8963635,No
23366873,No
8880728,No
13543709,No
15647919,No
17871567,No
17691361,No
20388362,No
18815469,No
22254667,No
20252176,No
11761283,No
18712149,No
8381371,No
22147677,No
11560195,No
9318719,No
14591876,No
10944780,No
19781383,No
23073982,No
17688738,No
16261683,No
13237081,No
13689655,No
16587812,No
14898232,No
18547758,No
19859415,No
14116202,No
10001729,No
17221862,No
19650387,No
9256958,No
13818600,No
14497756,No
8040298,No
20358729,No
17215810,No
8309001,No
11765655,No
18526566,No
14495268,No
17571569,No
10082834,No
20058670,No
16248813,No
10713211,No
13707815,No
13077655,No
10547945,No
21887417,No
17281724,No
11952781,No
14712103,No
20736832,No
12890354,No
10442819,No
13102127,No
8273925,No
9701769,No
16775394,No
19849134,No
19975276,No
10958007,No
9716471,No
16259943,No
15854542,No
13227555,No
9131087,No
14768055,No
11438816,No
23575952,No
20080833,No
7698978,No
15530258,No
14723012,No
13157880,No
7944825,No
13278833,No
20144416,No
23558626,No
16058116,No
21027059,No
18937715,No
19300620,No
22940193,No
9463237,No
16606597,No
19865916,No
23204482,No
15605372,No
11287072,No
8799354,No
19724796,No
13015817,No
11568949,No
22299358,No
18855903,No
15025524,No
9770809,No
14941085,No
15185838,No
19140650,No
8181656,No
21247164,No
13908562,No
20681148,No
17637207,No
13045895,No
21509656,No
8177066,No
11850168,No
13722507,No
13825928,No
20455059,No
17156834,No
19633065,No
22941277,No
13943566,No
22602457,No
20786891,No
19848610,No
14122685,No
11945755,No
12950187,No
21020129,No
18292533,No
13403801,No
8120071,No
18741212,No
22783623,No
15759289,No
16156611,No
17023861,No
15928420,No
16990116,No
16232270,No
11151629,No
7749290,No
15529198,No
23549802,No
22963947,No
8191750,No
16772075,No
19047110,No
21933115,No
9369420,No
10572456,No
10154782,No
12801718,No
22971417,No
21438385,No
20661264,No
14619512,No
23035848,No
10446109,No
13611512,No
8719333,No
22568838,No
13625045,No
22771594,No
7932423,No
12065038,No
14746051,No
21729352,No
17474758,No
10464628,No
14896862,No
17730069,No
19841180,No
19846038,No
8909092,No
20746117,No
7857691,No
17221124,No
18433789,No
23623721,No
23029613,No
20796441,No
23175799,No
12627812,No
7786390,No
20602722,No
22405398,No
22024512,No
10828984,No
17415762,No
22260071,No
10550197,No
15028310,No
15705864,No
10200976,No
23467556,No
12030478,No
7815780,No
12761797,No
17203145,No
14058787,No
14572199,No
14656025,No
12836287,No
20161205,No
19903231,No
21643458,No
19705164,No
9566584,No
14725109,No
10657644,No
16557662,No
14868538,No
21454854,No
19365256,No
10549203,No
7811844,No
17522788,No
11907781,No
23605991,No
22251235,No
21537250,No
11890196,No
20601535,No
15368656,No
21377769,No
14310415,No
14978884,No
22219067,No
9144732,No
22632830,No
19906464,No
18347945,No
19052755,No
17483080,No
20525394,No
23104031,No
21479901,No
12125843,No
9114741,No
15983293,No
14828914,No
10585791,No
13662548,No
14357354,No
11951730,No
15203450,No
12759789,No
22646037,No
9583738,No
17760891,No
8706856,No
23674225,No
18521382,No
21583110,No
12767031,No
9016029,No
9871364,No
9184449,No
16408538,No
19647805,No
18007884,No
21916872,No
18416785,No
9523283,No
16928704,No
17104679,No
23101796,No
11531865,No
10507129,No
21117407,No
14054911,No
19875643,No
23270854,No
14023880,No
22755677,No
8531843,No
12546785,No
19710639,No
13085031,No
15736091,No
11182494,No
16238630,No
21652879,No
7522073,No
20031704,No
20503455,No
20084415,No
9438270,No
9037387,No
18676988,No
16768974,No
12188470,No
13197788,No
15437663,No
17656632,No
12440192,No
15016548,No
23456562,No
9308372,No
13669856,No
21666257,No
10391149,No
20055359,No
21529095,No
19552437,No
12581458,No
10101502,No
13047272,No
9864335,No
21305260,No
22522349,No
17325739,No
11871497,No
19707950,No
8074879,No
16712291,No
13271460,No
21768109,No
8563208,No
18506648,No
10864140,No
7524343,No
11658322,No
17751659,No
8736664,No
17612466,No
15723632,No
23033296,No
14491327,No
9482966,No
22826280,No
15021217,No
23689378,No
20929920,No
10135740,No
21712631,No
17790460,No
21396693,No
19601382,No
15058163,No
22521336,No
16223172,No
17071048,No
15877485,No
15005040,No
21775281,No
10876393,No
22745495,No
19211170,No
20641114,No
13093432,No
10291033,No
14417656,No
16634420,No
16889821,No
10909890,No
19198624,No
17120513,No
7704473,No
15276261,No
7936947,No
10888930,No
15632872,No
17365206,No
15508301,No
10428754,No
8375356,No
9139980,No
19189557,No
15928572,No
8511216,No
19941275,No
16779266,No
16217762,No
20704460,No
16774446,No
19343235,No
23145610,No
15755534,No
22718571,No
14623755,No
16197524,No
23675791,No
12996921,No
12873490,No
8299288,No
20549243,No
16628894,No
18136388,No
9125714,No
12106416,No
11785347,No
8358204,No
17443751,No
22062803,No
15390623,No
8230943,No
15427948,No
17309637,No
12013578,No
11675091,No
10052094,No
14352419,No
16403632,No
19423408,No
11215408,No
18134113,No
13783472,No
10090940,No
21574987,No
19971902,No
7619771,No
15362924,No
19025986,No
7924450,No
12806346,No
20453599,No
17130298,No
23590290,No
22272389,No
16377902,No
13512587,No
16568446,No
10935154,No
14835701,No
14543116,No
13654388,No
20973681,No
15250801,No
18499182,No
14681392,No
14108950,No
14462011,No
17991637,No
9344176,No
8802888,No
20520331,No
17989901,No
22910177,No
20279703,No
9096616,No
11882587,No
11583985,No
20857378,No
17574684,No
15830314,No
12044289,No
17442584,No
11869156,No
15320148,No
18403422,No
21084780,No
19343213,No
10459282,No
21169215,No
12792035,No
11346847,No
12929395,No
10676485,No
10960056,No
19698883,No
18806665,No
20689684,No
10607690,No
22270990,No
13435516,No
9824398,No
9332231,No
13619386,No
7875794,No
18839126,No
8985220,No
19210265,No
22392904,No
7975695,No
19478883,No
15159261,No
16074892,No
20570226,No
16032177,No
20662254,No
14023877,No
15367628,No
17539931,No
9089260,No
12189097,No
10781210,No
10896209,No
19490199,No
10624990,No
11355523,No
17424273,No
9332512,No
18810813,No
9556238,No
11795685,No
19870199,No
21759385,No
23012168,No
17323709,No
20579737,No
10187841,No
11118723,No
11286303,No
10802417,No
14351092,No
22156099,No
20604357,No
12966661,No
7670614,No
22894692,No
11894594,No
9631262,No
12858152,No
20001071,No
17032672,No
12264193,No
20436108,No
16682394,No
7667928,No
13220296,No
21132410,No
22622835,No
21936833,No
12051017,No
22102039,No
10528653,No
20766127,No
10579517,No
17012468,No
16078829,No
17580263,No
15101424,No
7509735,No
13705581,No
8862748,No
19580000,No
20208296,No
16030430,No
21327693,No
15504938,No
15778936,No
9421043,No
14623365,No
18291680,No
7630448,No
12667674,No
16647453,No
19394889,No
22403171,No
21366252,No
8759495,No
19155804,No
21685307,No
18649835,No
13946916,No
18348409,No
15857217,No
20122649,No
23267300,No
14490136,No
20368068,No
14058360,No
10764746,No
8622084,No
19683571,No
12540305,No
13160090,No
11639667,No
19170216,No
13815609,No
17435298,No
13730612,No
14429095,No
18583731,No
19697363,No
22439492,No
21277931,No
14194969,No
8738352,No
20761770,No
16786759,No
23585905,No
23436026,No
20239701,No
8205510,No
12106265,No
18573712,No
16618408,No
20646820,No
12926537,No
8550294,No
15874055,No
22486416,No
9810431,No
13704653,No
22563878,No
17835554,No
14085331,No
8262043,No
19864576,No
11756849,No
17103859,No
14422314,No
8051562,No
18663553,No
19520164,No
19861680,No
10350921,No
16331435,No
17418253,No
16114539,No
14618970,No
10709208,No
9978227,No
22980773,No
12799360,No
8449707,No
11108492,No
22558958,No
11610788,No
8150240,No
8536869,No
12607316,No
16116308,No
18396736,No
19683587,No
19555655,No
11874762,No
12121352,No
23465133,No
22246881,No
8448114,No
21420562,No
12302600,No
22865091,No
9544718,No
10124685,No
21692728,No
8775816,No
16177700,No
19925290,No
18080223,No
10856208,No
17737662,No
11170633,No
19272112,No
18799919,No
13563207,No
20338146,No
14890446,No
21834496,No
16334419,No
10465323,No
16128155,No
10407247,No
17316552,No
20595103,No
19432650,No
10223446,No
8807733,No
20251066,No
17633676,No
12914492,No
9937307,No
14905943,No
8035132,No
19700626,No
13323642,No
22302173,No
20294676,No
14247424,No
21830133,No
20275622,No
18223366,No
9845858,No
21331736,No
14237094,No
17763764,No
8342545,No
13623660,No
18113158,No
18871400,No
10316458,No
13944608,No
22134614,No
23632286,No
15898091,No
14777000,No
8183813,No
14536079,No
16328030,No
22068136,No
13688069,No
20065903,No
10185460,No
18366021,No
12504504,No
13475364,No
21253423,No
18924379,No
11054483,No
13261125,No
9971953,No
15482587,No
8332816,No
22847313,No
21580986,No
22160727,No
11151560,No
21199342,No
8260033,No
9268278,No
13861301,No
20207853,No
8171272,No
10600115,No
10838142,No
19483709,No
18984628,No
13975661,No
16671068,No
17226966,No
20739584,No
11930397,No
11060417,No
10486588,No
15794899,No
11635855,No
17119882,No
14224356,No
20067148,No
16338994,No
19144190,No
23597449,No
14692457,No
8290505,No
9940904,No
9814405,No
18612250,No
19052516,No
9125017,No
8666422,No
22121124,No
20457497,No
20906004,No
18889127,No
12982242,No
22068407,No
19285763,No
10490759,No
19119700,No
19262867,No
8310904,No
20222881,No
11200559,No
8878053,No
13642218,No
17391485,No
9204210,No
17242030,No
23633257,No
9313956,No
16340605,No
19790891,No
15271502,No
22350494,No
18251454,No
12531197,No
20415036,No
8930302,No
14258592,No
19865695,No
10403814,No
10605188,No
10986627,No
18147296,No
20566013,No
18233420,No
10079596,No
18983584,No
11858670,No
12056804,No
20021627,No
8977604,No
22723967,No
17127287,No
12994430,No
13619366,No
19052009,No
15439731,No
22676623,No
14816525,No
18082122,No
7956008,No
11787001,No
13996121,No
19740875,No
15861281,No
17872682,No
16055915,No
17824716,No
14198457,No
15884406,No
10702212,No
17963793,No
19095934,No
14933300,No
15386145,No
7548525,No
21209228,No
11005501,No
8523336,No
13322150,No
21783005,No
20255863,No
17385422,No
16499442,No
9954410,No
9547504,No
23193318,No
17484413,No
20460967,No
16927818,No
7907082,No
9235394,No
13337110,No
13558827,No
11861485,No
21607388,No
12602817,No
21016494,No
17956535,No
19439425,No
10932963,No
8508742,No
9261493,No
15182608,No
12915903,No
12640669,No
17828931,No
17131346,No
14316071,No
14615380,No
13192133,No
14574530,No
17858493,No
8241867,No
15893796,No
20243234,No
13775866,No
9240359,No
19378171,No
10061531,No
22363640,No
10839197,No
12141100,No
17097717,No
22767021,No
18803401,No
13280357,No
16820369,No
7795895,No
17214789,No
14251517,No
11455905,No
23261866,No
9349717,No
14594122,No
21875196,No
11649817,No
22370610,No
20541664,No
23283375,No
18823420,No
22090588,No
10919484,No
21031394,No
17320794,No
18822775,No
13241849,No
10301252,No
21926888,No
18877785,No
23264957,No
16663997,No
10143926,No
8834675,No
16178619,No
12844164,No
10109448,No
12158867,No
9474467,No
20205461,No
11208353,No
10592898,No
13290343,No
10425255,No
20776110,No
10714962,No
9358291,No
19917793,No
12534391,No
10420172,No
14840755,No
18114611,No
13788807,No
13220156,No
19638757,No
22677356,No
8501769,No
9801193,No
19307450,No
21894524,No
10575626,No
13448113,No
11613186,No
19965856,No
19458116,No
15658833,No
8117305,No
21096091,No
19124444,No
9090792,No
10308533,No
20882297,No
18781297,No
13219379,No
14975924,No
8552339,No
8909926,No
15314197,No
17315374,No
15817912,No
7920738,No
15644903,No
22318114,No
17404879,No
16214923,No
9046004,No
16485935,No
15180319,No
12931288,No
18122911,No
21269528,No
19723651,No
18159425,No
20515159,No
21880026,No
18590587,No
22149148,No
9446179,No
12045301,No
22864567,No
17098347,No
12245311,No
11694066,No
18031146,No
11633406,No
13787630,No
14052882,No
19320697,No
8351165,No
18694894,No
10600780,No
16467133,No
18621190,No
16824086,No
7743836,No
18680552,No
8874168,No
15171194,No
14195919,No
20478646,No
22185076,No
22104762,No
22677211,No
21169814,No
12504265,No
21387845,No
16576275,No
20381139,No
14177453,No
12443746,No
19829295,No
19362922,No
23164044,No
20276892,No
10002907,No
10161471,No
9018877,No
22633397,No
10866033,No
18701735,No
19333361,No
13855915,No
11646788,No
8966304,No
21645130,No
20133389,No
10306665,No
18557314,No
14019793,No
21146516,No
14951344,No
8637344,No
22691424,No
23067723,No
12406380,No
20781828,No
19317022,No
11050347,No
19009921,No
17571372,No
7789868,No
15639894,No
20967117,No
7704326,No
11222443,No
15154890,No
11837616,No
10591916,No
10036767,No
21558013,No
14910369,No
12180401,No
8167970,No
22415907,No
10181616,No
7875903,No
9201027,No
18068492,No
10468285,No
9873569,No
11369125,No
17891214,No
15753354,No
7898186,No
19934595,No
13572804,No
16727993,No
8947914,No
21445057,No
16325497,No
10628573,No
19994622,No
20476982,No
14607946,No
10911483,No
8752117,No
22648798,No
8623030,No
23662362,No
14898984,No
19019142,No
19308739,No
12984133,No
9200964,No
14360362,No
8187643,No
7811005,No
13054060,No
7952540,No
18559681,No
16237937,No
17000355,No
10255304,No
23683234,No
15809856,No
11766536,No
13288857,No
23032564,No
9683749,No
22445026,No
16537088,No
13467989,No
21663308,No
19262128,No
21651021,No
17356658,No
23189263,No
22629868,No
12604982,No
7547946,No
19424186,No
17763781,No
13808058,No
12166960,No
13693395,No
14229860,No
19802692,No
17687736,No
9120963,No
16944995,No
20773105,No
15940606,No
20734155,No
17370973,No
13848388,No
19505565,No
7975825,No
10506109,No
20388807,No
14317133,No
17046559,No
11060881,No
8366439,No
12426820,No
15762404,No
18367198,No
19969537,No
8118491,No
21076204,No
9094086,No
20842252,No
23151466,No
12883828,No
15323756,No
9647160,No
10532051,No
12477484,No
21050126,No
18656692,No
15799247,No
18923242,No
9355163,No
11011376,No
22303738,No
13755914,No
12639158,No
7560397,No
14537922,No
17561542,No
11860045,No
18801331,No
10042168,No
17472510,No
14067119,No
7859743,No
19336959,No
23124984,No
19233650,No
17009523,No
10616482,No
15357880,No
19258578,No
22281220,No
11401668,No
10044038,No
18116585,No
18018553,No
19442242,No
14008760,No
18992216,No
21689668,No
19981621,No
16290488,No
19883143,No
9739963,No
23562090,No
20882575,No
22262183,No
12439052,No
13081302,No
17729941,No
8829338,No
10677970,No
10336040,No
19019779,No
19330265,No
20063872,No
18496796,No
21686114,No
8660270,No
21608326,No
16675838,No
17338260,No
8163867,No
7788582,No
15346438,No
7570471,No
12041149,No
20201582,No
18494854,No
14994909,No
20665246,No
11009658,No
23250844,No
22635219,No
8842303,No
18822682,No
22794200,No
7542415,No
22011900,No
18091730,No
13116909,No
9610368,No
16482801,No
13512879,No
20432805,No
19344473,No
16089339,No
14819952,No
12218233,No
17270698,No
14434293,No
15521927,No
12764028,No
10891452,No
7796373,No
10690928,No
13304863,No
21743426,No
20850552,No
14478311,No
18179906,No
9168490,No
14075101,No
10575633,No
15104801,No
10318117,No
20633465,No
16647737,No
11013726,No
17790084,No
18658950,No
15849232,No
17593396,No
14152910,No
15429235,No
7945630,No
11514333,No
21280710,No
9819355,No
11871033,No
12739581,No
22506682,No
12705883,No
10146124,No
17474596,No
17143263,No
15496717,No
13596520,No
20214670,No
7581526,No
8768564,No
13294648,No
9141179,No
14859848,No
22816475,No
11397289,No
10043275,No
11461982,No
8769675,No
9439887,No
7684381,No
9382236,No
7556747,No
20461467,No
14193268,No
18854203,No
17541188,No
14513752,No
14516099,No
14282161,No
9856207,No
12963317,No
11109014,No
13566080,No
15431766,No
15074871,No
19408442,No
23565598,No
13104613,No
21700140,No
18744845,No
22794036,No
15767033,No
9887657,No
11174426,No
20918157,No
12377945,No
20516356,No
22938318,No
17684545,No
20457884,No
9963347,No
13158795,No
23111895,No
11821469,No
9733185,No
16280423,No
17656357,No
10612152,No
10908648,No
13858109,No
10269610,No
15417339,No
14215363,No
13591927,No
21573795,No
11452837,No
21529136,No
16670074,No
21246369,No
21998650,No
8071052,No
9909382,No
11242703,No
19265631,No
17023978,No
15195178,No
21409967,No
23757618,No
17033397,Yes
16065828,No
21691550,No
18858806,No
7714977,No
11821915,No
16558514,No
23038432,No
19930268,No
21604269,No
21162979,No
12987464,No
19390943,No
7910842,No
17289997,No
11097314,No
15001338,No
12003961,No
20354242,No
23443478,No
10172351,No
18121196,No
20687666,No
19294098,No
18247976,No
14604582,No
8379066,No
7596107,No
23758795,No
16147047,No
22872703,No
14802870,No
15004162,No
20088131,No
11427934,No
8704968,No
23334973,No
17075662,No
10531858,No
9219629,No
13801637,No
9881940,No
20597916,No
14520849,No
10206749,No
8495699,No
19900952,No
11439249,No
10622063,No
15109404,No
17274647,No
13194977,No
8710512,No
15805193,No
22456162,No
21362243,No
16371003,No
21189217,No
19378487,No
11871616,No
15070427,No
17796132,No
17151973,No
11035124,No
19657587,No
13319496,No
9264681,No
8204075,No
15225141,No
7820192,No
8666657,No
12257320,No
11901560,No
23280956,No
7780190,No
10651487,No
18170012,No
18431051,No
11994809,No
10353862,No
22124995,No
8026154,No
22455711,No
10894863,No
21662334,No
17426418,No
11055234,No
9595524,No
9656287,No
15892899,No
7580478,No
10941144,No
22421518,No
17683284,No
11913867,No
19411963,No
9560119,No
22259016,No
18911600,No
10905761,No
11607898,No
10715869,No
22333894,No
13960545,No
14054880,No
18314747,No
9415757,No
10380679,No
22149371,No
15848429,No
16234438,No
14358585,No
11345791,No
15807066,No
14571547,No
23733170,No
14006486,No
18299786,No
21058424,No
21770854,No
16789206,No
21692309,No
17615244,No
22395386,No
16702849,No
15356477,No
12319938,No
16117135,No
22392210,No
16378904,No
12845099,No
20672895,No
18278953,No
11450335,No
13032275,No
8610183,No
16460228,No
7564548,No
20359775,No
9944901,No
11209108,No
23608218,No
11451479,No
17231931,No
11976107,No
21181388,No
9207338,No
11099525,No
14241272,No
15418665,No
15618211,No
20607163,No
12138528,No
13049047,No
18397632,No
15227872,No
21422578,No
16680543,No
17857669,No
18204446,No
15401161,No
8766580,No
12248827,No
11975100,No
8192678,No
13019255,No
13305911,No
7744626,No
10163626,No
16345627,No
22401186,No
9220900,No
22296267,No
14452479,No
10083572,No
19587538,No
11689655,No
11770476,No
16386724,No
11593581,No
18991744,No
15532037,No
19033394,No
14968447,No
15230965,No
20400273,No
10366557,No
11716613,No
16478912,No
11843700,No
19370690,No
11427649,No
20548377,No
8189391,No
21999397,No
22344143,No
16160302,No
8320660,No
8022077,No
21669379,No
12301067,No
11286630,No
20534292,No
8594931,No
12874820,No
12456950,No
10348691,No
10260435,No
20220434,No
14087485,No
18332398,No
22529883,No
19252499,No
13707763,No
16638993,No
17884166,No
21116473,No
8833510,No
17148793,No
8533476,No
15575438,No
11484901,No
15302719,No
9911658,No
21209975,No
7940268,No
8629503,No
10503230,No
23591434,No
17768296,No
16465543,No
14031079,No
21058669,No
10834003,No
19593916,No
21942077,No
9826972,No
22821325,No
22428641,No
10453434,No
17667234,No
13685666,No
19067220,No
23208324,No
12201947,No
20783271,No
20676556,No
15304032,No
18152233,No
22793241,No
8687649,No
23474607,No
21247517,No
15406241,No
7727715,No
12701073,No
12674944,No
21220462,No
22578428,No
22553537,No
15147500,No
23468899,No
20109957,No
10551402,No
21146958,No
16346153,No
11978503,No
11115542,No
19893460,No
10344389,No
14912818,No
21504280,No
23736269,No
8628331,No
9933577,No
20168695,No
13695886,No
10261615,No
8314823,No
21668506,No
15725539,No
15166999,No
9827842,No
11086424,No
10029909,No
10631064,No
22716020,No
19893453,No
12073568,No
14811371,No
8303365,No
12017139,No
18883663,No
9904939,No
19111874,No
11035079,No
17208109,No
11043597,No
10576096,No
8668354,No
18859018,No
19056148,No
9864720,No
16787115,No
19609128,No
14977772,No
14173071,No
8362765,No
19241211,No
10199483,No
22109979,No
9037027,No
22055962,No
18567695,No
22860334,No
15640478,No
10967087,No
8297429,No
22434116,No
13357504,No
7678155,No
20505062,No
21703451,No
22765371,No
16529698,No
21857162,No
13160588,No
21760823,No
8241755,No
17807788,No
8617832,No
22908010,No
13844557,No
18803091,No
20452718,No
7614229,No
18635921,No
17054853,No
17462035,No
20367875,No
8002123,No
16124907,No
12922412,No
10207259,No
16093996,No
22264118,No
22161780,No
20301384,No
16211009,No
8982010,No
10530377,No
14303874,No
20113056,No
19794314,No
17907385,No
7836283,No
14080926,No
9102677,No
7817730,No
12302442,No
20118199,No
8625446,No
15972697,No
18563927,No
9880522,No
9659684,No
12963893,No
21392843,No
15299650,No
16301112,No
13336779,No
8204345,No
20241949,No
9551325,No
17157295,No
22453542,No
15500575,No
14733554,No
23015623,No
15813581,No
21439808,No
17041687,No
23207722,No
23262586,No
14943202,No
19820651,No
12202843,No
8328323,No
8889060,No
19681038,No
14544524,No
15693110,No
23598941,No
16083741,No
8497256,No
13823597,No
17444955,No
23504198,No
11230566,No
10226910,No
10842688,No
16033918,No
10330930,No
9395231,No
20612238,No
12290634,No
19382477,No
15967580,No
19248692,No
11697116,No
19559030,No
17540902,No
13994837,No
21887959,No
14429110,No
12034809,No
12550605,No
20407318,No
11472563,No
23208091,No
14866403,No
21666324,No
14227708,No
23696589,No
22249624,No
8130605,No
20192336,No
14509228,No
17537921,No
20748338,No
12898563,No
18654501,No
14753601,No
15952606,No
18578645,No
13867423,No
8287969,No
8980748,No
18073719,No
15526022,No
8571250,No
22443330,No
10923198,No
8152736,No
14176144,No
11507220,No
7764390,No
17339299,No
21335469,No
16793254,No
8745240,No
21290091,No
10250049,No
10527030,No
14398009,No
20109556,No
13643350,No
18956761,No
10820510,No
10111295,No
17144578,No
10241886,No
7930279,No
13067185,No
22846750,No
8210717,No
17328818,No
17256683,No
19668140,No
14172823,No
21773531,No
20084887,No
8655633,No
9981875,No
9415635,No
14094210,No
13908994,No
17563733,No
16460556,No
8794096,No
10136549,No
7610487,No
22731051,No
19742235,No
20091620,No
16539556,No
23654204,No
9959258,No
14823642,No
15013122,No
23199923,No
13740841,No
10325579,No
19537877,No
12082068,No
13531759,No
10437141,No
20055914,No
16179942,No
9512899,No
20501586,No
23020641,No
13782150,No
22914107,No
19736084,No
7989218,No
22774110,No
15713627,No
13104066,No
19165873,No
18422391,No
22504548,No
10641506,No
22883591,No
19576016,No
20785451,No
19416727,No
19922034,No
12151716,No
11538112,No
20073130,No
22941606,No
17732545,No
22346277,No
12016820,No
8331850,No
21838026,No
9153751,No
15513907,No
17334934,No
14775621,No
7867020,No
21821613,No
17108069,No
14826436,No
17745802,No
9801374,No
10454345,No
10079364,No
22603908,No
10278772,No
7614828,No
17118763,No
13281411,No
10362992,No
19783753,No
9407999,No
20401145,No
21365323,No
13837473,No
15394487,No
16839977,No
9646509,No
7926533,No
16222495,No
21196194,No
20153350,No
20292054,No
11400185,No
20225025,No
21813536,No
10996428,No
11337534,No
16956634,No
15693801,No
14882517,No
22348362,No
9540125,No
13779022,No
9101714,No
15618690,No
20011012,No
22924555,No
13649531,No
9733993,No
11299349,No
12204617,No
22548682,No
16265815,No
21509765,No
16196853,No
12974394,No
19205807,No
20340871,No
8916273,No
13043247,No
12893958,No
14123394,No
11191198,No
8324240,No
8801569,No
11496110,No
21937651,No
12276180,No
16910095,No
19305456,No
18233914,No
23109699,No
16328033,No
20109712,No
18764268,No
12637628,No
20209468,No
9026668,No
19334226,No
18409581,No
11559389,No
14576194,No
14991526,No
22085527,No
16893348,No
21406120,No
21495988,No
17421448,No
18434925,No
15504039,No
16582895,No
17539778,No
11620796,No
8723571,No
15445802,No
16604464,No
18307834,No
9023756,No
20475403,No
19787647,No
21670761,No
13551475,No
19952712,No
15544592,No
20360067,No
13552486,No
11927954,No
10368914,No
20557759,No
12982581,No
23563217,No
16327666,No
12790135,No
18583596,No
9651151,No
9734837,No
14227614,No
13407245,No
17037661,No
22776487,No
12919712,No
15233534,No
19759548,No
13643646,No
19755404,No
15400431,No
9117431,No
18696650,No
8525222,No
10263585,No
11195142,No
22654937,No
21297931,No
16019750,No
18180677,No
13955717,No
19909190,No
13964005,No
18941124,No
23290915,No
21414191,No
19981701,No
14500460,No
10883945,No
22247650,No
11099042,No
12637357,No
16188460,No
16051388,No
10007106,No
17808357,No
9117962,No
19097495,No
20377749,No
15026427,No
8948990,No
11332080,No
13689564,No
8903628,No
10393417,No
11346049,No
21348203,No
16695077,No
7685584,No
8363166,No
17769453,No
20429899,No
23260898,No
10186087,No
20318373,No
18819666,No
13895982,No
11340797,No
17792905,No
17541865,No
17620236,No
10262557,No
10698546,No
8178730,No
20287098,No
18430490,No
19622284,No
9526749,No
10375662,No
15888279,No
10568649,No
14478042,No
23484122,No
15087462,No
17417755,No
12616005,No
21164663,No
22767819,No
18891810,No
19936102,No
7978282,No
15221312,No
22357885,No
20539211,No
19315612,No
11263226,No
15794506,No
11164933,No
16904314,No
19800252,No
12216526,No
21278763,No
10809101,No
18421678,No
20805069,No
21462434,No
13144490,No
7845892,No
21096070,No
22571168,No
15810331,No
18471958,No
10734106,No
18894076,No
14939231,No
14518560,No
14166848,No
18994438,No
11356239,No
17214940,No
7479178,No
20394582,No
18118479,No
20889420,No
20279738,No
14166947,No
17188614,No
17457216,No
23048827,No
19002710,No
20126399,No
19090116,No
8095120,No
16091157,No
10311060,No
16758900,No
21536835,No
23061431,No
7817261,No
23150673,No
14804276,No
10657573,No
9894201,No
14503481,No
16939101,No
20687580,No
11472570,No
23263510,No
19071354,No
9308269,No
15890073,No
15326752,No
15363607,No
19277155,No
23067176,No
13244344,No
7709904,No
8654597,No
8346717,No
16058066,No
15574584,No
9204355,No
17528842,No
16418867,No
11277354,No
14820842,No
13814115,No
14952469,No
11274197,No
8753621,No
22970171,No
22144280,No
19693841,No
21571744,No
13839879,No
16641308,No
14604290,No
14064154,No
12620725,No
13842006,No
7792327,No
23630612,No
14227554,No
22100229,No
12727011,No
12209462,No
9940525,No
23643271,No
20193809,No
23192099,No
20910093,No
14201379,No
22636203,No
9953079,No
15768650,No
16297919,No
10478379,No
16073027,No
15825024,No
10824843,No
18606039,No
17973345,No
15458073,No
10868629,No
15721322,No
9483908,No
13967447,No
9431288,No
22911143,No
20363039,No
7852044,No
15952861,No
7879191,No
16409032,No
14776417,No
9594210,No
23741779,No
17890482,No
23628483,No
10241713,No
21041737,No
17575268,No
15876167,No
17996445,No
12674009,No
12571288,No
20458917,No
15522163,No
13200328,No
12929054,No
10495850,No
9208341,No
16417671,No
12049487,No
16002591,No
13856660,No
21279145,No
19718551,No
19237652,No
20458491,No
15167023,No
23421959,No
15287342,No
21222803,No
15800404,No
17462852,No
12483177,No
19596320,No
10030994,No
15813919,No
12503830,No
7815243,No
22413081,No
15112799,No
18815381,No
23430142,No
15275487,No
20961278,No
23523043,No
13839421,No
8267049,No
10134236,No
9736417,No
14644003,No
16348909,No
18778596,No
9993813,No
10783292,No
21424285,No
13900985,No
21474900,No
17666079,No
11239827,No
14791269,No
9275220,No
12201554,No
19441837,No
21488163,No
15752008,No
17148036,No
9242066,No
10708612,No
9013786,No
12750196,No
11562880,No
13227464,No
16492298,No
9815661,No
14520057,No
10473367,No
21270155,No
10220537,No
19441361,No
20491292,No
8847688,No
10293642,No
10395708,No
12307592,No
12836190,No
8220322,No
20867270,No
18525414,No
18240922,No
11751881,No
20045005,No
10622334,No
14162291,No
13409500,No
19941375,No
11617874,No
20469950,No
17857827,No
21632228,No
16746744,No
20261811,No
10031900,No
9767514,No
16950979,No
14178012,No
7848993,No
8187445,No
13180854,No
8920133,No
8195489,No
8779057,No
9406714,No
15028371,No
15901950,No
18748885,No
22943461,No
9573466,No
19952609,No
8175134,No
14985102,No
18602432,No
8752389,No
14805226,No
20831302,No
17141679,No
11437785,No
10023105,No
22778771,No
13496719,No
21221203,No
9435450,No
13686582,No
23282492,No
19313891,No
15315286,No
10017576,No
20791887,No
14663626,No
14861933,No
20785541,No
20025951,No
22516856,No
13108871,No
7669399,No
9841545,No
21359726,No
10212478,No
22120588,No
11426409,No
22239995,No
23326235,No
17186635,No
7822348,No
11171758,No
8217749,No
13279308,No
21507639,No
22369895,No
13246195,No
18817557,No
15845947,No
10630514,No
9394713,No
15377801,No
14711118,No
8768734,Yes
20108787,No
9710256,No
14523672,No
18274416,No
23294785,No
11943429,No
16416923,No
18503571,No
17953000,No
10426283,No
22205992,No
10272862,No
9150720,No
21324997,No
9468597,No
12175096,No
13308522,No
8610741,No
20278767,No
13453777,No
14352451,No
10960176,No
17105483,No
13906068,No
8409168,No
17637532,No
12994418,No
22786890,No
17910452,No
12109704,No
17881454,No
8009184,No
8031605,No
11127115,No
23209515,No
19908981,No
12991562,No
16031553,No
11666154,No
21546999,No
10666649,No
7703978,No
10804466,No
12892718,No
10508358,No
21233008,No
13989658,No
9996471,No
15336266,No
11568687,No
21032597,No
8412357,No
10474177,No
18956329,No
10756564,No
9666908,No
14449886,No
8602499,No
18709748,No
15098794,No
21591548,No
15056502,No
7569926,No
11109177,No
17857547,No
13785777,No
20425267,No
12480694,No
12841736,No
21156265,No
22916126,No
11102096,No
9376992,No
20189775,No
15507766,No
12733502,No
11787412,No
20052133,No
19965963,No
13846777,No
23375682,No
11344807,No
14542365,No
18466194,No
23299864,No
22843175,No
20868237,No
16659014,No
15523298,No
11711042,No
18078512,No
15749544,No
7738597,No
19666819,No
13488967,No
11826457,No
22596689,No
18335904,No
22125712,No
23541226,No
7529907,No
14199690,No
16406514,No
11248257,No
16129230,No
21647788,No
17942024,No
14208328,No
21048189,No
20300824,No
11788376,No
16086010,No
16247771,No
9124091,No
7733107,No
17733031,No
14453970,No
14885458,No
16668473,No
15965439,No
15495975,No
20797224,No
14853869,No
21423846,No
10467464,No
17663971,No
14369888,No
16261550,No
9910989,No
14948795,No
19218999,No
9622126,No
8051670,No
9106827,No
13253518,No
8781810,No
9504108,No
22995980,No
22268357,No
9301912,No
11633654,No
14261874,No
12851215,No
12583598,No
16523700,No
21701861,No
10311550,No
22254005,No
15639486,No
18370870,No
17960223,No
20205448,No
23554261,No
8713370,No
12148527,No
9412665,No
21813511,No
16807695,No
11906032,No
22706738,No
18028682,No
21315165,No
15745487,No
16509365,No
15881325,No
22575580,No
21147176,No
8043230,No
20546311,No
10823834,No
11462944,No
7555892,No
16874026,No
23198143,No
20996948,No
15862124,No
9681602,No
17573842,No
9223490,No
9544568,No
9219586,No
16590723,No
9967356,No
11938108,No
9096306,No
12243835,No
15208440,No
7738533,No
20674824,No
20607318,No
22754797,No
9526728,No
20807194,No
19056804,No
21822958,No
22388870,No
9136604,No
22329578,No
15566209,No
18376712,No
15340116,No
12398663,No
14478292,No
18631357,No
15827109,No
15003722,No
10882226,No
21315526,No
7857164,No
10928097,No
11756507,No
18534822,No
8761238,No
21280132,No
12400974,No
21113017,No
12197526,No
12506578,No
21890783,No
16510675,No
9799726,No
16708252,No
14614871,No
15382860,No
10326002,No
20460072,No
9476861,No
14007385,No
15546343,No
17852057,No
20206992,No
12589088,No
15116124,No
8766115,No
16214652,No
10296010,No
15854352,No
13318868,No
7491033,No
9719379,No
11477498,No
14186226,No
21384812,No
20967821,No
9500520,No
10320724,No
15621879,No
19602272,No
10384292,No
21156682,No
19862022,No
9093482,No
10438646,No
17361075,No
23380886,No
15540184,No
19497497,No
12419956,No
15621185,No
9836946,No
18555844,No
12309740,No
9132941,No
16271465,No
20981674,No
23427115,No
18663534,No
18543813,No
17682564,No
15510816,No
10198962,No
19648926,No
17705361,No
15693345,No
21269971,No
17458554,No
22204925,No
9090575,No
19974498,No
15751146,No
10466510,No
21491624,No
22404736,No
11551715,No
13412471,No
14388803,No
13753726,No
9112843,No
13868573,No
16853760,No
16366247,No
10358985,No
11085771,No
22761768,No
8585645,No
16784122,No
22612059,No
22827904,No
22285176,No
13175695,No
11010322,No
23619298,No
19529377,No
16054577,No
20082021,No
12003849,No
11445580,No
7785732,No
15240887,No
9523796,No
8293128,No
9301950,No
13009747,No
15406234,No
22300027,No
21376122,No
22574268,No
15980932,No
10582080,No
8465338,No
12166951,No
10831394,No
14439227,No
15809111,No
21267461,No
18990207,No
9892581,No
19709271,No
11356919,No
11847580,No
18364667,No
7563951,No
19533868,No
18302984,No
22920888,No
15092203,No
16162934,No
7633017,No
12708761,No
17525623,No
9163023,No
14470967,No
9113909,No
13020624,No
20172738,No
9790630,No
18228806,No
22801649,No
21265586,No
9135866,No
10966520,No
18384560,No
7672113,No
18760935,No
23375492,No
23030467,No
10823667,No
17332726,No
13399521,No
12016675,No
12375969,No
11404636,No
12265122,No
21368022,No
16972758,No
12696788,No
16636804,No
21357688,No
17307052,No
18069402,No
20284932,No
18413685,No
19751371,No
10747919,No
11228347,No
16644784,No
8331141,No
8840979,No
22162283,No
12536987,No
19371284,No
21736419,No
14656091,No
8784269,No
19139480,No
11344047,No
14204136,No
17629023,No
14233981,No
10829586,No
9529682,No
10173427,No
15852282,No
16623630,No
17196377,No
9877285,No
15867462,No
19254825,No
14337921,No
19802601,No
9237039,No
17067934,No
7908105,No
15772039,No
23255404,No
14430028,No
16023747,No
22648871,No
14558137,No
8749672,No
18381295,No
20771791,No
18942933,No
21413174,No
23366141,No
8708836,No
16291353,No
19921428,No
9365824,No
16404837,No
8759434,No
21389289,No
14337207,No
19006395,No
8918098,No
7731716,No
9295130,No
18474771,No
23529362,No
19647779,No
19256134,No
20567615,No
21640284,No
12095135,No
20310978,No
12293291,No
8123021,No
10777656,No
10800106,No
17974384,No
7833042,No
12078728,No
9190266,No
14257623,No
17117237,Yes
18412726,No
7874177,No
15213881,No
18908210,No
10686882,No
13225470,No
11848819,No
8634182,No
14882446,No
10123120,No
17952925,No
14619818,No
22184698,No
21608913,No
9557979,No
19844142,No
22816158,No
23657648,No
16941872,No
18508017,No
20612314,No
21428329,No
16130165,No
13702278,No
21277152,No
7507337,No
23328619,No
13400781,No
18591326,No
21909020,No
10924800,No
13261523,No
14327696,No
21412419,No
12341161,No
15794384,No
14533989,No
17938069,No
20497343,No
14001798,No
15412597,No
14014909,No
10031567,No
13235864,No
14227128,No
19130926,No
11129351,No
19438561,No
8573543,No
17725131,No
8139987,No
17150275,No
15287263,No
22800332,No
15790247,No
16834850,No
19816196,No
20813209,No
21925934,No
21813994,No
21525711,No
11021580,No
18834356,No
23442951,No
12586894,No
20986631,No
21469873,No
9437613,No
15410316,No
21907578,No
16345145,No
17678733,No
20142612,No
17781738,No
16952191,No
8803380,No
20496817,No
20673491,No
13668931,No
9250599,No
23381724,No
18491072,No
19606742,No
22033804,No
10205987,No
10295561,No
10243008,No
18550525,No
16419401,No
15467626,No
14181293,No
13486021,No
10053265,No
18428056,No
19618733,No
8763709,No
15604776,No
15254857,No
23654525,No
21151780,No
13201598,No
16125664,No
8500218,No
12974386,No
18317842,No
14852456,No
10828876,No
9746250,No
21960053,No
16443563,No
21737520,No
18021281,No
21414698,No
22773938,No
20278533,No
15253460,No
22643147,No
8952457,No
11894513,No
15972605,No
17311429,No
23022197,No
7573498,No
10208706,No
14363425,No
19330205,No
14366315,No
16146303,No
12766649,No
21549981,No
21846384,No
12701030,No
13254170,No
17150671,No
22597465,No
9921888,No
11945440,No
15826377,No
11101833,No
22357128,No
19739986,No
12698782,No
11358846,No
14980130,No
17919772,No
13237018,No
17233905,No
22451405,No
12058995,No
10114866,No
15488689,No
23051937,No
21612777,No
19259449,No
14186157,No
23581886,No
17466401,No
17124375,No
9772759,No
15010567,No
9987100,No
17380290,No
11919569,No
21840478,No
15749020,No
15828528,No
12022700,No
20897764,No
22174518,No
23424398,No
8531657,No
22189775,No
21318253,No
20729442,No
12497827,No
15442016,No
20987424,No
10000342,No
21045723,No
12743054,No
15711729,No
12929919,No
19660297,No
22669530,No
22440051,No
20113920,No
14082957,No
9345077,No
14665855,No
15426909,No
8253661,No
10114481,No
9956303,No
22059670,No
11549485,No
14530257,No
16242473,No
12101695,No
17766895,No
14900845,No
17308462,No
20152725,No
23132989,No
7776137,No
15216487,No
14664010,No
19098452,No
16454067,No
11769964,No
11502682,No
21313504,No
14142048,No
23272001,No
14466239,No
9177723,No
18314875,No
19355528,No
15088342,No
7659793,No
20468505,No
9731316,No
15689765,No
20502561,No
14381505,No
21358437,No
11838119,No
8214549,No
17370826,No
12004229,No
10808791,No
8080707,No
22154721,No
15622712,No
21267156,No
15515767,No
19568029,No
16655972,No
22195840,No
20733711,No
18636149,No
8746016,No
13473856,No
11643447,No
8269373,No
11699180,No
13634335,No
10345558,No
8941810,No
11410785,No
14060760,No
10393624,No
16094176,No
16472742,No
16997924,No
20430144,No
21756956,No
17665436,No
10212927,No
11723486,No
7775828,No
17205400,No
12277183,No
15385828,No
18306619,No
18021080,No
8819482,No
11341485,No
20409075,No
10703122,No
10256056,No
13828494,No
10759475,No
12883539,No
9999800,No
7850291,No
14424537,No
21431054,No
21202059,No
19626331,No
23669286,No
21252478,No
15958559,No
13201937,No
10483971,No
11463501,No
10321691,No
14095181,No
11899131,No
9678107,No
16337456,No
14558421,No
14191641,No
10330566,No
14778812,No
17486479,No
12032934,No
10385902,No
20350307,No
12673099,No
9644762,No
9562986,No
18023400,No
14770115,No
16472379,No
13526466,No
17932535,No
20990606,No
17165633,No
17456254,No
13895447,No
14380945,No
19732242,No
20651933,No
9137586,No
9740582,No
11192547,No
9036302,No
17717693,No
15661419,No
12099197,No
17274151,No
22236390,No
19235188,No
14437500,No
13669098,No
17568702,No
14802969,No
14098884,No
7998136,No
7705884,No
16899514,No
20982466,No
13557291,No
23302067,No
20799953,No
20934077,No
19784727,No
14259220,No
15316252,No
13009792,No
16641019,No
19890532,No
8504753,No
19383624,No
10958673,No
9754851,No
16272634,No
12242115,No
20677879,No
12580854,No
19620698,No
16405869,No
11863723,No
11231180,No
15451645,No
17200853,No
19178522,No
21367309,No
21786716,No
10913053,No
11214421,No
8762697,No
17414749,No
10222273,No
21939755,No
13179549,No
22365133,No
14795443,No
14413101,No
23510393,No
10417374,No
19897250,No
19102951,No
14764295,No
9335955,No
7910829,No
12043870,No
17932538,No
9738854,No
21024642,No
21060851,No
23154605,No
19633343,No
15706543,No
15507466,No
16341489,No
12320712,No
21262419,No
13264745,No
7727633,No
20349934,No
21334539,No
13280331,No
18855612,No
20263317,No
16523278,No
10545762,No
14057744,No
21267564,No
10242021,No
10044518,No
10412909,No
10587650,No
13489824,No
9632266,No
14407958,No
14888322,No
22780908,No
22691779,No
20845100,No
21700141,No
21817613,No
15353566,No
10624624,No
21132322,No
20536785,No
10008033,No
16788662,No
21552942,No
16384269,No
23183587,No
7871458,No
18520620,No
16930814,No
13220770,No
23387272,No
9746317,No
21638178,No
21587375,No
20077568,No
13965357,No
18865288,No
16236418,No
11973003,No
8137681,No
21186138,No
16646270,No
12949759,No
20886283,No
22355909,No
11300838,No
18145232,No
15381717,No
14104132,No
21261693,No
15306769,No
16653081,No
10609278,No
12013859,No
17078489,No
12556028,No
7952595,No
22651650,No
23024677,No
21582608,No
14539361,No
22721536,No
21401022,No
23209680,No
18462904,No
21886765,No
8261930,No
10265550,No
19769224,No
7518676,No
9735124,No
14892803,No
11252847,No
8933350,No
9686943,No
8338405,No
15328811,No
9127717,No
9426042,No
20273088,No
11578263,No
16102964,No
8734359,No
14282257,No
16136290,No
16107416,No
8775173,Yes
7893709,No
16343126,No
18430146,No
19025682,No
17929753,No
13845755,No
13954919,No
7764954,No
10534073,No
16387812,No
18429466,No
19335622,No
19397852,No
22754742,No
10538158,No
8969530,No
17431130,No
18884385,No
22025680,No
16699911,No
15898818,No
13995457,No
19351261,No
8522603,No
17072769,No
20668822,No
13212099,No
23028600,No
9158501,No
14250902,No
12372682,No
19676937,No
14406381,No
9407234,No
19074684,No
13706845,No
14836111,No
22732999,No
7962875,No
9162542,No
18867772,No
16709602,No
13718939,No
21420302,No
17848830,No
17218196,No
9846397,No
11869696,No
16655708,No
12220245,No
22081161,No
17885480,No
23527441,No
7820741,No
16084543,No
23206677,No
12228328,No
8568427,No
16333843,No
11655530,No
22114822,No
8490011,No
23481296,No
22980608,No
19533484,No
20117611,No
21087805,No
15462995,No
9914756,No
18747517,No
20874133,No
15865241,No
7569872,No
21747886,No
20563602,No
12115346,No
17578658,No
16376848,No
20289514,No
17819088,No
20491313,No
23133255,No
15704477,No
9597095,No
14156203,No
17615228,No
12147292,No
10845517,No
23562199,No
17305822,No
17135902,No
15025506,No
13715187,No
19729174,No
17742706,No
21000949,No
18191412,No
10396554,No
18438588,No
9390771,No
8282477,No
16908254,No
18576188,No
10969958,No
8951387,No
18480925,No
21515113,No
20037015,No
11649739,No
10645991,No
15340225,No
8388650,No
14452785,No
8205971,No
22749739,No
18639937,No
22786145,No
22878720,No
11491114,No
17949180,No
20058100,No
21265533,No
17550238,No
9752274,No
11091871,No
22729697,No
12985023,No
21666486,No
15720735,No
14210985,No
21687573,No
22978048,No
21233780,No
15037026,No
8193804,No
9472393,No
14274572,No
14794283,No
16330686,No
16246407,No
15061098,No
21755925,No
19553047,No
8241646,No
12744228,No
15290029,No
15600574,No
20372675,No
9041582,No
12024911,No
12386948,No
21182676,No
15160807,No
22593926,No
7781882,No
13165426,No
9517780,No
10571382,No
15642590,No
14691884,No
22786001,No
8225911,No
19424779,No
8272723,No
15031792,No
8939363,No
18090686,No
12484126,No
12549550,No
14606595,No
16674077,No
18001553,No
7917535,No
17098946,No
13481607,No
8684377,No
8430778,No
10844369,No
10208290,No
12974217,No
15373993,No
10861903,No
17192408,No
10830294,No
18834071,No
15132445,No
13402406,No
23423521,No
21790089,No
14657929,No
15648353,No
16292652,No
19459446,No
16885849,No
14838123,No
21910483,No
14827902,No
20524410,No
17923105,No
11283822,No
13024514,No
9972503,No
19590608,No
16962197,No
17658086,No
23596831,No
19496755,No
18903063,No
13002718,No
12686971,No
13869710,No
20172667,No
14195953,No
15241418,No
18648974,No
11794790,No
13975574,No
16107435,No
23661653,No
14141570,No
13056902,No
13563291,No
8882358,No
20545222,No
14572902,No
8176921,No
21069202,No
15787899,No
12363578,No
7716995,No
7621058,No
20064144,No
14704605,No
7618764,No
17356252,No
22916727,No
19711055,No
11474866,No
18559836,No
23526544,No
19546759,No
9802683,No
13003273,No
11296311,No
16943410,No
17923187,No
23451452,No
9308410,No
11940730,No
10956181,No
19483106,No
21645439,No
11508506,No
20598062,No
19476151,No
22683586,No
19534824,No
22001646,No
22761045,No
13693486,No
12874284,No
16480498,No
19020843,No
7971994,No
18150836,No
21253001,No
19936751,No
23392033,No
7734737,No
9260874,No
19744560,No
8796746,No
19115964,No
18214239,No
21772306,No
21703623,No
18289043,No
9374298,No
23181220,No
20957715,No
16404720,No
10367839,No
8370897,No
21792958,No
15289439,No
16610844,No
17600859,No
18515447,No
14722637,No
19041994,No
15421259,No
14534205,No
16830817,No
11425354,No
17051416,No
19105165,No
13268894,No
14770680,No
9413570,No
17580554,No
18382258,No
21508595,No
13934073,No
9621803,No
13768213,No
11847113,No
13450066,No
17016817,No
15900856,No
12093623,No
14058614,No
9360317,No
9405753,No
16302179,No
11234535,No
20573943,No
15135793,No
12072987,No
11500878,No
23553728,No
15618758,No
7879605,No
17000892,No
15134417,No
13049519,No
8240035,No
11066239,No
7689279,No
21066333,No
16370716,No
13558566,No
22489598,No
9164053,No
12891065,No
16477227,No
22467487,No
15989561,No
20330722,No
12091074,No
11551147,No
22044403,No
8546118,No
10595192,No
11453918,No
16550360,No
18371489,No
17667049,No
13440574,No
16672513,No
14270129,No
21466949,No
16534023,No
19628418,No
16773445,No
11831426,No
8524232,No
20023420,No
16423429,No
12234034,No
23035377,No
23086910,No
21912066,No
20533486,No
10704942,No
22571696,No
17800521,No
8828047,No
8154495,No
23682381,No
21118702,No
19418613,No
20104956,No
23453746,No
20200084,No
13076135,No
17978859,No
12846277,No
13576889,No
16578778,No
12142600,No
19521471,No
13861636,No
17355392,No
19469849,No
12848803,No
23686453,No
21457706,No
15893458,No
7965533,No
18424979,No
7597319,No
8995959,No
10970355,No
22000493,No
12851136,No
20607777,No
22503496,No
14250939,No
13274150,No
16379409,No
22410845,No
10664899,No
8064302,No
19492703,No
13842862,No
18729695,No
16531149,No
20488350,No
21363379,No
20363663,No
15305463,No
23459212,No
19588083,No
17860740,No
20587377,No
11982218,No
17712832,No
23648482,No
9429460,No
23677241,No
17968557,No
13247451,No
20411739,No
13476810,No
7624604,No
23267774,No
17648334,No
16791029,No
20552793,No
23680763,No
8965267,No
14053405,No
9589533,No
15253698,No
15955507,No
15866512,No
15264187,No
7969041,No
15055650,No
19819379,No
21122090,No
15191099,No
21748276,No
8544950,No
22804339,No
7539519,No
16139996,No
7898613,No
16458627,No
9420342,No
18214992,No
15335760,No
21602861,No
9172850,No
17284417,No
18037090,No
22385782,No
15014103,No
21176429,No
10266144,No
19025036,No
13546960,No
23655332,No
16290133,No
12063860,No
20767385,No
10032167,No
16583978,No
15772367,No
13625129,No
12461631,No
16656109,No
11053001,No
16727063,No
12710551,No
20138948,No
21079372,No
20173994,No
16019601,No
19081795,No
21426334,No
11974219,No
22936645,No
20980313,No
9474147,No
23751756,No
19708830,No
23658857,No
14588997,No
20925733,No
12164307,No
11878482,No
17391697,No
9033178,No
15210099,No
9701631,No
17968680,No
22385467,No
14249220,No
16827347,No
18613340,No
8513361,No
21753719,No
8874668,No
7672687,No
16011388,No
12797635,No
7715282,No
11507039,No
11449009,No
13171237,No
16559614,No
8885298,No
22048207,No
16496875,No
11004606,No
18147479,No
17280411,No
18124715,No
15460590,No
9047477,No
22767193,No
16997018,No
20238275,No
14361593,No
16023664,No
13175427,No
13073641,No
20897066,No
17466049,No
14867788,No
23624614,No
23405987,No
19602463,No
8441719,No
8236613,No
21605906,No
15445172,No
16503816,No
22408949,No
20660160,No
8013414,No
19892316,No
11576285,No
15167000,No
20644706,No
22473317,No
22355090,No
18829129,No
9328877,No
12436735,No
12886086,No
8153047,No
10549314,No
8467008,No
20649245,No
22326288,No
13662578,No
16318585,No
13163699,No
19750754,No
19451755,No
10332974,No
16351601,No
8757201,No
23610333,No
17293969,No
18775858,No
16382458,No
10284021,No
20103402,No
14202562,No
16215795,No
17156072,No
11477643,No
17706098,No
18506388,No
22149100,No
12848167,No
12603742,No
13019613,No
11263389,No
18039894,No
17377349,No
22259027,No
8609429,No
16773172,No
16462242,No
8202351,No
12186702,No
11831106,No
20381517,No
8879963,No
11803750,No
22428768,No
14192960,No
17676326,No
9738595,No
13714845,No
17490704,No
17618653,No
19891976,No
12943388,No
12659065,No
9919923,No
17518301,No
17644896,No
16967189,No
11490083,No
22128658,No
8584262,No
10935990,No
15066512,No
22341337,No
21582738,No
16951847,No
20311824,No
13732139,No
12469118,No
14801275,No
7553093,No
20857109,No
12249861,No
21919340,No
14269958,No
13792174,No
22344747,No
20266730,No
8176950,No
17643224,No
12838873,No
13867868,No
23369526,No
23134705,No
11013447,No
11037879,No
18398601,No
17077413,No
11228797,No
12840400,No
15687377,No
21576252,No
17147207,No
23089681,No
23682210,No
10664636,No
15708343,No
8960381,No
16955171,No
22467396,No
22204019,No
9166780,No
20197146,No
22458662,No
10711290,No
8126950,No
10939392,No
22648973,No
8196762,No
14196574,No
17042375,No
20670167,No
14943089,No
13855381,No
19953224,No
21543829,No
16534666,No
15208196,No
12117922,No
20898079,No
7980002,No
9900868,No
14630386,No
16994567,No
12552735,No
12024098,No
17794921,No
10196058,No
17837189,No
8667272,No
20685870,No
16724229,No
14574099,No
20755525,No
17780017,No
10401995,No
13523171,No
17523531,No
9611740,No
13606534,No
22670710,No
22244427,No
8173310,No
7697063,No
18790115,No
9956958,No
11236227,No
20356503,No
9684888,No
23519002,No
15484400,No
23066049,No
14452484,No
20847347,No
19064779,No
14400561,No
10248401,No
19417081,No
9571873,No
16997704,No
21914033,No
17317545,No
8349802,No
17675347,No
16782938,No
13299773,No
14935936,No
16077553,No
12006821,No
13576597,No
8902221,No
8883804,No
18461817,No
7532845,No
9739972,No
11209362,No
16248117,No
10829879,No
21113160,No
8506376,No
14200738,No
8581820,No
19340228,No
11193259,No
17901360,No
20497250,No
19395083,No
23110268,No
11801111,No
12519954,No
19514377,No
17886182,No
20864106,No
9633938,No
21111350,No
21536854,No
7909820,No
19803341,No
16594739,No
9169896,No
12684662,No
7693461,No
23256989,No
11584237,No
17620226,No
10913275,No
21290293,No
14288926,No
8275097,No
15232793,No
21769215,No
10650667,No
23655676,No
23622401,No
16734017,No
17396285,No
15489172,No
17598027,No
11451780,No
9805512,No
8841975,No
17938512,No
11830887,No
11390005,No
11849633,No
14156349,No
20931914,No
7557666,No
21771346,No
22146293,No
16303694,No
8752477,No
19913200,No
21755335,No
14197254,No
12177390,No
17290278,No
13565412,No
12022800,No
13310972,No
8566172,No
16200962,No
11739054,No
18468276,No
19034672,No
16101214,No
11228448,No
12826988,No
22754561,No
9713611,No
22919045,No
19386583,No
11859691,No
17979513,No
8291539,No
21514904,No
15411985,No
10533204,No
21294419,No
9104761,No
21673776,No
23040834,No
22733100,No
16116454,No
22494286,No
9759673,No
21903805,No
9045874,No
9622332,No
15688649,No
12653584,No
19374368,No
14189210,No
17876231,No
17661258,No
16528337,No
18838642,No
21723615,No
10818259,No
20575662,No
14172437,No
22308010,No
21559801,No
10957058,No
15161805,No
10378480,No
19637635,No
18496354,No
11379142,No
20954181,No
8984179,No
13313992,No
16839494,No
19033497,No
8854522,No
15297299,No
19807464,No
20613590,No
13796868,No
12875620,No
10227733,No
20715992,No
16255192,No
15698516,No
16741685,No
16951056,No
17218593,No
19561745,No
9963756,No
8139979,No
15388252,No
14301641,No
17705116,No
10550167,No
7497540,No
22500227,No
7896948,No
18390196,No
11492388,No
16949653,No
8056342,No
10427485,No
12148362,No
13452974,No
13040940,No
11290586,No
10109543,No
21516500,No
22571375,No
7886236,No
21378386,No
15220204,No
12033840,No
8086153,No
17316126,No
18945395,No
20074744,No
10770902,No
20330557,No
9212906,No
15575357,No
11720233,No
16842294,No
9299949,No
18437073,No
12673200,No
16161536,No
15905998,No
21694889,No
16806077,No
11701450,No
9480373,No
16423262,No
13489701,No
9276715,No
22361266,No
16614039,No
21980557,No
12035859,No
15146536,No
9424475,No
21222445,No
12599097,No
23677176,No
15730992,No
11747801,No
10746716,No
17024532,No
22301540,No
20710571,No
21514658,No
10411816,No
10017897,No
9698699,No
20789143,No
14477765,No
22767645,No
20891105,No
21504718,No
12852800,No
10485823,No
10001011,No
14714904,No
8086999,No
15336378,No
12079362,No
14790006,No
11024335,No
14189154,No
17081685,No
7887589,No
16260105,No
8157388,No
17847052,No
18040174,No
13263549,No
10968139,No
14265791,No
15515950,No
23011110,No
17304290,No
9084686,No
20286126,No
20154054,No
19288081,No
16631184,No
18715287,No
20452528,No
13127493,No
13911534,No
17783788,No
17909393,No
11010605,No
22581920,No
7621609,No
23221530,No
12441646,No
16909262,No
22163256,No
15991621,No
13885738,No
13084711,No
7822990,No
21187056,No
11261675,No
23147015,No
13483580,No
15423567,No
12001108,No
15623315,No
8620870,No
13661221,No
15757270,No
18682345,No
14189349,No
13579625,No
18028157,No
13165485,No
17801516,No
11696107,No
18869989,No
13906231,No
17815746,No
8485281,No
15355147,No
14457937,No
20316846,No
12956216,No
10866350,No
9420612,No
18558335,No
18053871,No
7729631,No
15440431,No
20733227,No
21953358,No
23757353,No
13393349,No
23652269,No
23444872,No
11086388,No
13194542,No
18381517,No
12414959,No
23383896,No
22339015,No
13194464,No
10548045,No
17670332,No
19718289,No
14260964,No
19286413,No
15852884,No
10714774,No
15136754,No
14441936,No
19055139,No
19021853,No
12197600,No
11818563,No
13931321,No
12362397,No
9628244,No
13792966,No
16886914,No
8168422,No
17661835,No
18755313,No
15850086,No
12689394,No
19161870,No
23037502,No
15604822,No
9395129,No
17240153,No
17235941,No
19270085,No
15282039,No
7495606,No
21086166,No
15572953,No
20332689,No
7961432,No
10268586,No
15639720,No
21304308,No
14744785,No
19149160,No
9376855,No
13674004,No
21915414,No
13411310,No
9598461,No
23096789,No
12749638,No
8244872,No
13259049,No
17249050,No
17143761,No
13522426,No
16606902,No
10593348,No
22663779,No
11402260,No
18713849,No
12824912,No
16487211,No
15840122,No
17893571,No
23436400,No
13417115,No
18334529,No
14406536,No
20012939,No
21665252,No
10668519,No
15935316,No
17713690,No
23457201,No
17246241,No
12381550,No
16294942,No
18960416,No
16334363,No
14810434,No
21533695,No
21585498,No
9160915,No
16237396,No
9200324,No
19385377,No
12132835,No
16688828,No
13446098,No
8070773,No
16141404,No
9926063,No
13106861,No
21612701,No
12375635,No
13243866,No
17344288,No
21271820,No
23408960,No
16052558,No
22467490,No
21669318,No
16635341,No
17919695,No
22962215,No
23627338,No
16377380,No
17740854,No
18914378,No
7836239,No
20846753,No
17217690,No
14663518,No
8391525,No
13938406,No
17201420,No
11589195,No
9760820,No
11028824,No
12734384,No
14884120,No
11382876,No
7943245,No
16889415,No
17729487,No
17820778,No
18913464,No
19496846,No
15379789,No
8683287,No
21356269,No
17961510,No
22929358,No
10469800,No
15759540,No
16478979,No
22434601,No
15555301,No
20650737,No
14314770,No
8528502,No
23472209,No
21989492,No
16033166,No
21948095,No
19600191,No
14815021,No
23715420,No
15996904,No
8780182,No
22084543,No
20430476,No
11438914,No
15927416,No
22487471,No
10102301,No
19813459,No
11862637,No
19317672,No
13940422,No
16412294,No
18412655,No
21818751,No
9817958,No
8629981,No
10249406,No
18140003,No
15266093,No
20107351,No
10820737,No
19418826,No
13878409,No
10552249,No
20721504,No
12919505,No
20636050,No
10846617,No
23607327,No
15468033,No
21718140,No
10043087,No
21730564,No
12531380,No
14649316,No
21229924,No
11284468,No
13225363,No
13031642,No
13274104,No
20856544,No
7917863,No
11296972,No
11446121,No
16766992,No
16626576,No
22751081,No
16509988,No
20816594,No
8827755,No
19489343,No
17303903,No
13249391,No
21148814,No
12933889,No
7830530,No
20080125,No
16054447,No
12648571,No
21329571,No
22270789,No
14999448,No
9356935,No
18043007,No
16930336,No
11418460,No
16798140,No
9222149,No
18087081,No
17880814,No
14555858,No
18227644,No
10925176,No
14934475,No
8938928,No
13335326,No
15781249,No
9076250,No
9410817,No
9191448,No
12936280,No
20276067,No
19236261,No
8876007,No
18980119,No
16628321,No
12080920,No
9921707,No
12424961,No
19751468,No
12420828,No
10979994,No
19498814,No
20986384,No
11839365,No
16080247,No
14148401,No
14836082,No
16306952,No
22131676,No
11693269,No
22638248,No
11918122,No
16192048,No
13598505,No
17413718,No
12926437,No
10285408,No
19812578,No
17303370,No
13340408,No
8277771,No
20904290,No
23068540,No
12875905,No
14081431,No
13775841,No
20985171,No
9086267,No
14217642,No
23025442,No
12780364,No
19630278,No
12140266,No
11503879,No
15794969,No
19664997,No
10693790,No
12354609,No
8833020,No
11898270,No
10347968,No
11246898,No
10322106,No
17090557,No
14372445,No
14360143,No
16498914,No
18338554,No
18539789,No
12886423,No
7940360,No
17846287,No
14379573,No
15660194,No
19896072,No
9474846,No
23645396,No
22874225,No
7922178,No
16153149,No
22321971,No
19113161,No
15516800,No
16680780,No
21012373,No
19305483,No
8342699,No
22668014,No
21863008,No
20507035,No
14485748,No
13258999,No
10554675,No
15360025,No
21026822,No
22775618,No
14856719,No
14824712,No
9270934,No
9557567,No
22530071,No
7960021,No
9015008,No
18364510,No
13726318,No
13277280,No
23570188,No
21729510,No
8673204,No
10028497,No
8831449,No
21365129,No
12551368,No
21861548,No
10073986,No
18377261,No
13220522,No
8837432,No
7497611,No
13182926,No
13404269,No
10971944,No
16000131,No
20280847,No
20652724,No
20899529,No
18100811,No
9720164,No
15828208,No
10393790,No
11146553,No
9922559,No
7925980,No
19713245,No
11573122,No
8503391,No
19484496,No
23474975,No
11101300,No
22293607,No
14573811,No
11458905,No
12373435,No
19912806,No
18515516,No
17596973,No
21387928,No
17416416,No
17401701,No
10886265,No
22067008,No
14405420,No
12590400,No
22584037,No
17672756,No
16926051,No
10136163,No
9470749,No
23546771,No
17161242,No
12822152,No
15039282,No
16595849,No
18071448,No
13311843,No
12341804,No
21819581,No
10050815,No
10080181,No
15568715,No
12505271,No
22389415,No
20292988,No
8071550,No
14870720,No
12902230,No
22923881,No
16943010,No
8986920,No
21533396,No
7996236,No
16429194,No
14552141,No
8860895,No
12504200,No
22551123,No
16836378,No
19339356,No
17110151,No
8919558,No
12881464,No
19177906,No
9408158,No
21103835,No
12662627,No
17117335,No
17426288,No
17319461,No
22735912,No
21192771,No
22009057,No
19936019,No
22169179,No
18463570,No
15187425,No
10713726,No
17648758,No
22309925,No
14440581,No
12345966,No
10532994,No
9602749,No
15508658,No
9025144,No
16175614,No
12599867,No
8084708,No
10619959,No
17218531,No
13456426,No
16545599,No
22065792,No
16112446,No
20585286,No
8839005,No
14623017,No
7819116,No
16993047,No
7523114,No
7663054,No
14911369,No
13179878,No
23079272,No
11137817,No
10812156,No
10997225,No
13520164,No
15568746,No
19735315,No
15622044,No
17285022,No
12965859,No
14613933,No
22872043,No
14903629,No
13246894,No
19261177,No
11274471,No
10473072,No
23191222,No
12543318,No
9532783,No
8575874,No
22304885,No
17916384,No
13837399,No
17286296,No
13912526,No
17233396,No
12754743,No
9188435,No
11086376,No
22330466,No
13973987,No
11685484,No
16954967,No
18715285,No
9746542,No
20967143,No
8296758,No
20357748,No
18610186,No
13436955,No
15506939,No
9835911,No
7696307,No
12525739,No
20214459,No
16939525,No
8701635,No
15780866,No
20671031,No
12964639,No
16878566,No
19931171,No
14680300,No
23748744,No
23697570,No
20019404,No
16732026,No
13955197,No
22070314,No
19127470,No
11424864,No
22925617,No
18806676,No
7741153,No
11524193,No
15023933,No
10240078,No
8453248,No
18616394,No
14415519,No
21728973,No
9002386,No
12108420,No
13630945,No
23545231,No
22450699,No
23065530,No
20367917,No
16864707,No
20575203,No
13581876,No
22647144,No
20478823,No
17025065,No
10447410,No
7890454,No
9011692,No
17344596,No
10143570,No
16006980,No
15858291,No
23239192,No
16614778,No
15968238,No
17010465,No
16667419,No
9080993,No
11867291,No
15736256,No
23030361,No
16060166,No
17884953,No
14493454,No
19036384,No
9323750,No
14161186,No
21363741,No
22879938,No
18717205,No
21273687,No
9199822,No
14427098,No
10405859,No
22309654,No
11101420,No
20970214,No
9347064,No
16756628,No
19117579,No
17288172,No
23345506,No
12536958,No
14475646,No
18293743,No
15636127,No
16784457,No
12698852,No
13095165,No
13530992,No
18453143,No
16747738,No
18483532,No
11717201,No
20210382,No
23637975,No
11308652,No
17041969,No
9643081,No
19993746,No
16407777,Yes
10822566,No
16063918,No
16894408,No
7897998,No
17609422,No
11573615,No
18516172,No
20763062,No
20356821,No
14178878,No
12099583,No
22933681,No
10349280,No
12525435,No
10683994,No
12305599,No
19339934,No
20488054,No
7976720,No
9973090,No
14549845,No
18827675,No
8665073,No
22364177,No
20676040,No
11952234,No
13064824,No
12558546,No
8508278,No
23280868,No
10302804,No
23297944,No
22224569,No
21976566,No
21972275,No
19655137,No
15776450,No
17024458,No
21430281,No
11413445,No
14559549,No
17018777,No
20462484,No
9150114,No
9948913,No
11832449,No
11649424,No
22824551,No
19641362,No
21981391,No
21762984,No
19134963,No
17805809,No
16700667,No
7672924,No
10751274,No
22286383,No
10433444,No
19764203,No
10825038,No
16020749,No
15140549,No
15449066,No
8550522,No
21807164,No
16889428,No
9284114,No
15199428,No
19255885,No
19630549,No
22226993,No
7686401,No
16622707,No
9406277,No
13387714,No
11601038,No
22270566,No
13625818,No
12036123,No
20280063,No
11600281,No
18207983,No
13560440,Yes
20285596,No
22962168,No
9852606,No
16340696,No
20241048,No
10428911,No
22998223,No
18008775,No
7535764,No
19722813,No
18450869,No
23567136,No
20797022,No
12638719,No
8179022,No
17267903,No
9347333,No
15771910,No
12697651,No
14778231,No
11441755,No
18207211,No
11825144,No
16883241,No
16177489,No
16570006,No
23516757,No
14295080,No
19474390,No
15011296,No
22804433,No
22480707,No
23489422,No
12906490,No
20030365,No
13867345,No
18292594,No
12136893,No
22782065,No
19269249,No
18590176,No
20055098,No
19391034,No
7890494,No
11369624,No
14698786,No
14085162,No
11626752,No
7584587,No
11741966,No
9788244,No
16464296,No
7671727,No
20944625,No
8737622,No
12719108,No
21939377,No
7599130,No
9429147,No
13344099,No
18216222,No
21195795,No
12748425,No
12777077,No
10092914,No
20846346,No
16064243,No
11714314,No
15141674,No
15535621,No
22626953,No
13112794,No
14151399,No
17931854,No
23124590,No
10297377,No
16463531,No
22246497,No
10177663,No
15470320,No
8204918,No
20316538,No
13660339,No
17169215,No
21653014,No
14651131,No
16504227,No
17169062,No
11721782,No
16138339,No
16640387,No
15435887,No
15947874,No
18766165,No
15475726,No
20933635,No
11831407,No
14502962,No
17229787,No
16254170,No
22369758,No
11402213,No
16255356,No
20348082,No
9819403,No
21672463,No
20564884,No
14170637,No
15789680,No
15040434,No
15269225,No
17124018,No
12805406,No
14942388,No
15334002,No
12104188,No
18639300,No
18159802,No
9365947,No
18220863,No
8529052,No
13149871,No
23328540,No
17047261,No
21036912,No
15792898,No
15881666,No
8756698,No
13312651,No
18304317,No
9029333,No
13348063,No
14711801,No
11244337,No
13205881,No
22550893,No
15153095,No
18890555,No
12798976,No
16167014,No
9674688,No
12214677,No
16614429,No
19311505,No
22393825,No
9583987,No
18366302,No
20519007,No
14615128,No
20836876,No
23488281,No
20701500,No
9961379,No
9170873,No
15927705,No
7799729,No
14784471,No
13424721,No
23547541,No
23660409,No
7675353,No
13055286,No
9400340,No
14312246,No
15777906,No
20193979,No
22206404,No
19196286,No
11006025,No
15133664,No
13715266,No
14720242,No
13272577,No
14827904,No
14567753,No
10672371,No
16807181,No
8165872,No
10295836,No
20883313,No
9445009,No
20542904,No
19257987,No
17231751,No
19431680,No
16541757,No
11978567,No
16183034,No
12836383,No
22982538,No
21362466,No
9764685,No
11333602,No
18711576,No
16153285,No
10680905,No
13271899,No
23507778,No
18925709,No
13423814,No
11955308,No
18907307,No
20628365,No
10353040,No
19062121,No
15020971,No
17562274,No
20203672,No
8547104,No
21956403,No
8236647,No
21212632,No
8197112,No
18478122,No
12043619,No
22833991,No
20489974,No
10725162,No
22408893,Yes
12301411,No
18247065,No
21606132,No
15978721,No
10437024,No
14304687,No
13773416,No
14585401,No
9265375,No
19108103,No
15783213,No
19109665,No
14931024,No
12415249,No
10258098,No
19680660,No
12400049,No
10029791,No
15005740,No
13766877,No
14539000,No
7958749,No
18248579,No
11005620,No
23621327,No
9714795,No
18343190,No
21582714,No
16642309,No
12628932,No
10028713,No
16338166,No
18465435,No
10466296,No
22958393,No
23214652,No
13980659,No
19383101,No
22596863,No
11787294,No
18390893,No
9733079,No
11655721,No
22379081,No
21501462,No
12196429,No
11122804,No
21469241,No
10166073,No
20991663,No
17587829,No
10186636,No
18333249,No
23218663,No
22304663,No
9083512,No
10334112,No
18495054,No
11298752,No
18088302,No
17727230,No
16329523,No
15690328,No
17668847,No
22997051,No
13353338,No
8702258,No
21784371,No
23583004,No
22845752,No
16899496,No
9549931,No
20074203,No
22602118,No
20112912,No
12032964,No
15265423,No
16757136,No
11068978,No
11105211,No
13606286,No
18360774,No
19343994,No
11907393,No
22946424,No
16199166,No
18378486,No
18335679,No
14720366,No
21045789,No
16078942,No
8972450,No
20359917,No
10458668,No
14300408,No
21553292,No
14976578,No
21203284,No
23456773,No
19171113,No
17763027,No
22673544,No
21534105,No
14655636,No
10258946,No
14970946,No
11013520,No
19354774,No
17526981,No
19221652,No
22658045,No
16346915,No
18936903,No
7526084,No
21372816,No
21170533,No
22694537,No
14904495,No
12292094,No
9018600,No
20930577,No
14196950,No
21442263,No
10008862,No
15080439,No
23413691,No
21928014,No
11566068,No
10783126,No
23022664,No
17263628,No
8433350,No
17234251,No
10324668,No
11532363,No
13127129,No
8342576,No
18858753,No
10526636,No
15079797,No
15680102,No
13597049,No
12242162,No
20347582,No
9973759,No
7829826,No
19896355,No
16552102,No
21994601,No
13623350,No
11249159,No
15763212,No
18732076,No
11958065,No
22226080,No
18348560,No
14735937,No
19675391,No
18160204,No
8859933,No
21002121,No
12189198,No
11518227,No
19639480,No
7635284,No
17576839,No
9214462,No
19195278,No
17452068,No
23377306,No
7731514,No
19415328,No
20158181,No
13079292,No
13653047,No
11401331,No
22774815,No
18719333,No
15281660,No
10554399,No
21176396,No
14448445,No
9805706,No
23498626,No
22889968,No
17300689,No
14111411,No
20978573,No
19831204,No
12861151,No
9491134,No
22645801,No
18407661,No
23260790,No
20370374,No
23418700,No
7995555,No
17357506,No
11777090,No
19920165,No
18840321,No
20730792,No
8813201,No
14498695,No
17862166,No
10053207,No
11066442,No
19556060,No
15107786,No
18198788,No
18587984,No
20941376,No
10185526,No
12770146,No
11332415,No
9073698,No
8837519,No
10021774,No
11812171,No
15718631,No
23476946,No
19913879,No
22357097,No
20626698,No
11078311,No
23015958,No
15277848,No
14135094,No
14502136,No
7996980,No
15762966,No
8142089,No
11088999,No
14789699,No
13678971,No
14560618,No
22600705,No
13393653,No
8351477,No
9450088,No
10753572,No
8375828,No
23138282,No
16021732,No
15356059,No
21732132,No
9654047,No
10781259,No
12651864,No
16927177,No
23662997,No
15279598,No
18496069,No
15429826,No
23055769,No
11167924,No
22351186,No
7914226,No
10197422,No
12824587,No
23581535,No
10478086,No
23374233,No
21049371,No
16453116,No
16519095,No
20967680,No
16100634,No
16549183,No
19811782,No
13188689,No
16503492,No
17179349,No
19961697,No
14448235,No
17417170,No
19657290,No
21490516,No
22003277,No
9124783,No
12296939,No
21460774,No
13720563,No
11806607,No
12935147,No
17454897,No
11840204,No
17028694,No
22368844,No
18602259,No
17135136,No
14846969,No
22954601,No
8142214,No
23034020,No
17358524,No
18928633,No
14172511,No
15173399,No
21939710,No
14315155,No
12602583,No
7992442,No
22236045,No
9188062,No
12894334,No
17261003,No
19806940,No
15780674,No
15006271,No
14030922,No
18240409,No
18178403,No
23141447,No
10915438,No
23597245,No
15334829,No
12250795,No
23113574,No
16048511,No
9218000,No
19510302,No
11081161,No
17340142,No
16352958,No
12384266,No
18174853,No
9005074,No
20210813,No
20610825,No
15769758,No
13227108,No
22638293,No
14878705,No
19800097,No
17308822,No
20612646,No
20626631,No
8266100,No
12633158,No
11715847,No
18693981,No
11298570,No
10340066,No
13886479,No
20929914,No
19118271,No
14789450,No
11799780,No
7581355,No
11423823,No
12021723,No
22708535,No
15807715,No
14649432,No
9306846,No
22621480,No
11188010,No
9628997,No
11820139,No
22668462,No
14505283,No
19770247,No
9308651,No
12077945,No
9078446,No
14463620,No
12412730,No
17057036,No
16635795,No
22300368,No
10693097,No
16974247,No
16820372,No
10810732,No
7737747,No
14189515,No
13640716,No
15499578,No
14299388,No
19755085,No
20770617,No
14617147,No
14152323,No
13860147,No
20475222,No
22243153,No
22898356,No
22570315,No
14025994,No
12556107,No
16326572,No
8456996,Yes
12755140,No
23304539,No
22847884,No
16000201,No
15292765,No
23499571,No
12048561,No
8660637,No
19754649,No
18733300,No
23467704,No
9857155,No
23085165,No
17748625,No
21663181,No
16062012,No
13484294,No
8850159,No
19129190,No
15488460,No
9260022,No
14980446,No
8829806,No
21368394,No
22350605,No
16485203,No
19025448,No
11502557,No
10925582,No
19416330,No
17421387,No
17510067,No
12483188,No
11670765,No
20962386,No
14332305,No
8915094,No
13915781,No
23748171,No
19853146,No
21754303,No
22704116,No
9435012,No
17791324,No
12527162,No
12014077,No
17537447,No
17350367,No
19679639,No
14035023,No
19299602,No
17689650,No
9582226,No
16821176,No
10652862,No
16715433,No
8829673,No
22270572,No
20126085,No
12827499,No
22327240,No
19168318,No
9982434,No
8662141,No
20300778,No
22370968,No
9614746,No
23624365,No
21248735,No
20346747,No
18882447,No
7699411,No
17591707,No
19919854,No
8252658,No
20812788,No
13520315,No
12262692,No
20117482,No
17080923,No
18457968,No
16291075,No
13997224,No
8205188,No
8956876,No
21733781,No
17308752,No
15267303,No
17256811,No
14557771,No
13983139,No
8605265,No
17713925,No
20065490,No
16818086,No
23378759,No
22992441,No
12399785,No
13547822,No
17783545,No
16191670,No
14909514,No
11935294,No
9279045,No
12107087,No
21040966,No
21612773,No
9222892,No
21138122,No
23306508,No
9607007,No
11453150,No
18328954,No
20826640,No
11935277,No
20101153,No
23509719,No
10279049,No
13933038,No
14287438,No
9681286,No
19049740,No
17765564,No
14945585,No
14902398,No
15019756,No
11983242,No
23036916,No
21089125,No
8495334,No
18944638,No
8708530,No
17260671,No
20607852,No
8170588,No
8896083,No
16989403,No
16099116,No
10898744,No
18282351,No
15031782,No
14369262,No
20502588,No
10690395,No
23531238,No
11067926,No
18098411,No
12861244,No
23449750,No
15608605,No
21749355,No
10312231,No
12705952,No
8564358,No
7708317,No
8019471,No
23219621,No
19084590,No
15162227,No
15282402,No
12519577,No
17303610,No
9473486,No
23684895,No
7736653,No
13250830,No
19119674,No
20968520,No
22409476,No
16274489,No
19227474,No
16013794,No
18508234,No
12140151,No
16276122,No
19384319,No
9225477,No
21220203,No
15115233,No
14761558,No
12456253,No
14492340,No
18950553,No
10480415,No
17393665,No
15780215,No
9925599,No
22086416,No
14695194,No
12959107,No
8247286,No
15363976,No
17557166,No
22677788,No
8791577,No
11163337,No
9453474,No
17959249,No
19367185,No
10012901,No
10853290,No
10764653,No
17428872,No
21964545,No
20038267,No
22672354,No
8520543,No
22910897,No
18701877,No
13452084,No
23150698,No
20336211,No
22548208,No
23666986,No
10338514,No
12996484,No
23705684,No
23571519,No
21546826,No
8373287,No
9515733,No
19841088,No
15422855,No
22957455,No
15896387,No
13660614,No
11242032,No
18110310,No
15120824,No
18103754,No
8448316,No
11034299,No
7624518,No
12133533,No
7835828,No
13450026,No
13969625,No
11316988,No
17980677,No
12452055,No
9977904,No
20991772,No
9080079,No
12772931,No
20155287,No
17855802,No
9227747,No
11729554,No
10082664,No
11015359,No
8329855,No
14139935,No
23589725,No
21341212,Yes
11054476,No
8532351,No
21599166,No
15713268,No
9942873,No
7907276,No
8145821,No
18281922,No
15447324,No
10399126,No
13756790,No
20026179,No
21876230,No
16752410,No
22488931,No
15705980,No
11968238,No
18469623,No
14799390,No
18970189,No
10654262,No
9048232,No
19234560,No
17139080,No
19135820,No
7710252,No
13128774,No
20780643,No
21139406,No
19527527,No
23078617,No
9880669,No
7608817,No
15050143,No
15634071,No
22256655,No
16602545,No
23456345,No
15975544,No
19493986,No
21792823,No
23459933,No
12691198,No
12349930,No
17562453,No
19046747,No
22991377,No
20481467,No
14316318,No
16697287,No
7616023,No
19463488,No
19029978,No
23602933,No
19636549,No
17660768,No
9456196,No
10119458,No
21544167,No
19018539,No
20604109,No
18103127,No
19608079,No
15960402,No
10419661,No
8621063,No
23658700,No
23547128,No
9688826,No
10602104,No
17748161,No
7718324,No
21253257,No
19446244,No
12208350,No
20714390,No
22935516,No
10047813,No
10311288,No
19263542,No
19775041,No
21921169,No
11127682,No
11063883,No
11079694,No
19690701,No
21382105,No
16696987,No
15749477,No
20853765,No
9292523,No
10736706,No
16330480,No
16971637,No
16552386,No
7646821,No
18201689,No
11200354,No
15383696,No
22174467,No
11606876,No
8789230,No
10353247,No
12043983,No
11605459,No
12315978,No
18252699,No
20723406,No
8862375,No
13806664,No
12850563,No
23742778,No
19330179,No
9880491,No
10060058,No
19298465,No
9874695,No
16539157,No
14041977,No
17588539,No
23003232,No
19310185,No
11211379,No
22320859,No
10181916,No
20804900,No
9414288,No
13131290,No
21755996,No
21288651,No
18922773,No
11088969,No
9685524,No
8685162,No
10641396,No
19620570,No
16516635,No
21045140,No
7774550,No
11308073,No
21469146,No
10590611,No
15888913,No
18306062,No
15087510,No
18461877,No
14063116,No
11931857,No
21603479,No
21821278,No
7567432,No
12681551,No
9739265,No
12892317,No
18545553,No
17248714,No
7497193,No
11223820,No
17704161,No
18417008,No
12841685,No
15979913,No
10533944,No
16395659,No
22865169,No
22219607,No
9195697,No
16414735,No
22074621,No
20437109,No
21729800,No
11637104,No
11346722,No
19003400,No
7830947,No
18854812,No
16222017,No
21009821,No
22701877,No
22564094,No
12705987,No
8378963,No
17948269,No
19602175,No
15882773,No
13752875,No
19295647,No
22755852,No
19776753,No
11145894,No
11048220,No
14129885,No
10007488,No
9545095,No
17028299,No
8679745,No
9004378,No
9973108,No
9227004,No
11103487,No
8867220,No
11757684,No
16885748,No
10661977,No
23718508,No
18797370,No
21269401,No
10877313,No
8224804,No
13038058,No
17455694,No
22399979,No
18565974,No
18696818,No
13597714,No
16511120,No
19661068,No
15994599,No
20403766,No
18411446,No
10730874,No
8383450,No
19883102,No
16256709,No
15781247,No
20358148,No
12601361,No
8316083,No
18592693,No
9744071,No
23194509,No
17383594,No
18554701,No
18860913,No
7671861,No
14233202,No
14639097,No
9177926,No
15042511,No
19896803,No
10829094,No
23249739,No
21571285,No
13663610,No
18140257,No
11628174,No
17603489,No
12075394,No
22052658,No
22709273,No
22599554,No
12003541,No
15933301,No
12469161,No
12455028,No
16903436,No
14129083,No
12190043,No
23687140,No
16505584,No
22353114,No
23590604,No
12563144,No
11069519,No
20578789,No
11010397,No
11673617,No
13690910,No
15262702,No
18100567,No
10208555,No
7688165,No
9594089,No
22365108,No
23642185,No
14168834,No
10405041,No
15236257,No
14235397,No
23592923,No
22762475,No
11070754,No
20710191,No
9878203,No
20038662,No
8124736,No
23403153,No
14141406,No
21111519,No
21126269,No
18360776,No
10976253,No
14392956,No
15007525,No
10349939,No
17650269,No
23192342,No
17392068,No
19503102,No
9647602,No
17181527,No
14052876,No
7796291,No
12963406,No
17252602,No
15941515,No
10905047,No
22568036,No
15469814,No
14463853,No
8161146,No
8589949,No
12852024,No
16030499,No
22030582,No
12111225,No
10052742,No
8946950,No
21149256,No
9860349,No
17685017,No
12482714,No
10795830,No
19795364,No
12574035,No
15964300,No
14723094,No
15965966,No
22086083,No
19425981,No
12904469,No
10939576,No
19790080,No
15917826,No
22274738,No
13253382,No
22827856,No
15194978,No
18068611,No
20348819,No
17342416,No
8308949,No
13918559,No
8089491,No
9238449,No
11083306,No
12168069,No
12798378,No
22007411,No
19094897,No
18118091,No
12688260,No
7910206,No
16746000,No
15883707,No
22260610,No
20985388,No
21140784,No
22827975,No
17169783,No
22855432,No
18723325,No
13960649,No
11961250,No
16001715,No
17190910,No
17823470,No
21061890,No
11392682,No
18902734,No
12938735,No
15730356,No
21564254,No
8173243,No
12860672,No
20051477,No
22076062,No
13603344,No
19595106,No
9324203,No
12682101,No
16264511,No
10092135,No
7657926,No
12990081,No
11737814,No
16119447,No
9652678,No
14103507,No
17084321,No
18931220,No
14028117,No
11484693,No
23306853,No
9861795,No
22020068,No
7730325,No
14473853,No
9447399,No
19856077,No
18745678,No
9037628,No
8488360,No
15987882,No
17261738,No
19488779,No
23445960,No
18319596,No
7750160,No
21783850,No
9132114,No
13415248,No
23667948,No
21897713,No
7951660,No
10852258,No
8284281,No
14398201,No
17836611,No
18670902,No
17230572,No
8599322,No
14136987,No
10801770,No
10200058,No
16569596,No
11763814,No
14500487,No
16397606,No
15014274,No
19395595,No
11773154,No
16308824,No
10121089,No
16981825,No
10993345,No
11862416,No
15236051,No
13615232,No
12073894,No
11760716,No
10718700,No
13579691,No
12962493,No
18077341,No
8129463,No
12851167,No
12747909,No
10569541,No
17077160,No
10233636,No
8380025,No
12152980,No
8325415,No
11830775,No
20607977,No
18731230,No
8712922,No
12296735,No
11385409,No
8350082,No
14182443,No
13992558,No
7477852,No
16190264,No
11121662,No
14832309,No
9187386,No
14220978,No
9974323,No
11694531,No
10549155,No
13479285,No
8392481,No
10145645,No
18459070,No
9711770,No
22399973,No
10987687,No
16532818,No
10356393,No
13816948,No
9031575,No
14667634,No
23713228,No
20897628,No
12940691,No
14283323,No
17803368,No
10959602,No
17615294,No
9679651,No
9707471,No
20454071,No
15915020,No
21067172,No
14520368,No
14511236,No
14436067,No
14692210,No
15540067,No
12546187,No
10868175,No
18827288,No
12991144,No
10236677,No
13455976,No
10824831,No
10284882,No
15109736,No
8610402,No
12314361,No
10824110,No
9128448,No
20262119,No
21242945,No
18049802,No
23138755,No
8453324,No
14532727,No
22670306,No
19731103,No
14034933,No
15770480,No
7818255,No
17388513,No
20441140,No
8708544,No
10486390,No
13891178,No
9621560,No
21577284,No
16389591,No
20468770,No
15091580,No
21446631,No
16236373,No
22647579,No
15851007,No
19631596,No
13418164,No
14360244,No
13329703,No
17857109,No
21532558,No
19699938,No
21355667,No
17927868,No
18325071,No
20158986,No
18702617,No
7694752,No
10123199,No
16676068,No
8569989,No
11022802,No
8013386,No
12572357,No
17445412,No
17814033,No
19438226,No
19073035,No
17873923,No
11004259,No
22270127,No
21444693,No
18211222,No
9668990,No
19034425,No
18484683,No
14797583,No
16734689,No
9849364,No
17377662,No
23360645,No
9415386,No
22720538,No
18878484,No
22524132,No
20763125,No
11722289,No
10757905,No
22407912,No
19657360,No
9314743,No
18873076,No
22429654,No
8165560,No
20068067,No
9851001,No
22360718,No
9306669,No
19777341,No
21505789,No
10163673,No
20312650,No
8142927,No
20920382,No
15587044,No
22629405,No
8553548,No
17852174,No
16119995,No
19722662,No
19856129,No
23102768,No
10127936,No
20087599,No
8744275,No
16940607,No
16454403,No
8195819,No
14616663,No
10926932,No
17917782,No
17800811,No
15371016,No
14547983,No
19056935,No
22156133,No
21613792,No
8366559,No
23109257,No
17273644,No
19330137,No
13114431,No
13940418,No
20419255,No
23723194,No
20976982,No
19399870,No
9256246,No
18516726,No
15243568,No
22769569,No
16119681,No
22191073,No
20031344,No
22598546,No
14288624,No
7717105,No
7938875,No
20172101,No
13693175,No
9298374,No
22982609,No
11233862,No
22175254,No
22070522,No
10102105,No
19283086,No
16129044,No
12732203,No
12530405,No
22630850,No
10393169,No
10388777,No
8485350,No
11356418,No
10200783,No
19707102,No
15919817,No
18598796,Yes
15909059,No
22830539,No
16784839,No
18049848,No
12703782,No
10346926,No
20197242,No
12317947,No
15321538,No
20653278,No
17703568,No
19319112,No
15777327,No
23459722,No
20819275,No
17213826,No
18302068,No
9391528,No
11697954,No
13387715,No
20918162,No
12795306,No
15099676,No
13274336,No
15731173,No
10374295,No
18088565,No
18730771,No
20762065,No
19626725,No
8391425,No
7891161,No
20300151,No
8776840,No
7559070,No
13415319,No
18944252,No
14181331,No
16894506,No
11274560,No
11522685,No
16702659,No
12679534,No
14869214,No
15792931,No
13175488,No
13550736,No
14730156,No
19690465,No
15717618,No
17874120,No
12087663,No
19728244,No
15824944,No
19185200,No
10839769,No
13193403,No
21206499,No
14593928,No
8746472,No
21887609,No
8068305,No
12059048,No
22365639,No
10195934,No
8859248,No
13977909,No
17293594,No
18774594,No
15291852,No
7891254,No
7777684,No
14114996,No
22886308,No
15663355,No
21682564,No
21314550,No
8938044,No
17498182,No
13975054,No
20654877,No
10961596,No
18302210,No
17448394,No
8235299,No
19121529,No
9138591,No
18619482,No
17778215,No
18487675,No
21137978,No
23019850,No
12490749,No
22779340,No
10253382,No
17970836,No
13264062,No
14860564,No
8394239,No
17080783,No
9480032,No
13097882,No
16902214,No
19840111,No
17665800,No
18384403,No
18987391,No
12526014,No
16992128,No
21853585,No
11060046,No
16494011,No
16047716,No
22001890,No
17550845,No
21578392,No
11621505,No
22965065,No
18011311,No
16352166,No
7511291,No
13030309,No
16707374,No
11322929,No
12573327,No
7924814,No
18630325,No
20953093,No
13514494,No
21219929,No
18033371,No
12777216,No
10290157,No
13888580,No
20800019,No
21319700,No
10052370,No
22977329,No
21073348,No
20104141,No
9599995,No
20324446,No
16361268,No
10158756,No
22732106,No
9729005,No
20991666,No
8141469,No
8247703,No
19768573,No
9877502,No
16234058,No
8887474,No
23400743,No
18059706,No
23294336,No
17948853,No
16194518,No
10627618,No
20733071,No
13955787,No
12281812,No
22620674,No
8101827,No
14811747,No
14679708,No
9997327,No
19507178,No
19932899,No
20090158,No
9517913,No
7654691,No
14397930,No
9941492,No
11447596,No
8450039,No
17440211,No
22971346,No
23141164,No
10969708,No
20455724,No
22364673,No
9986683,No
8722938,No
20249228,No
22588863,No
13852351,No
14216579,No
23731209,No
19773761,No
16230823,No
19977722,No
16598653,No
17710478,No
20040485,No
10961005,No
22285753,No
11781319,No
9806603,No
10015840,No
11121171,No
12581902,No
10915213,No
14641860,No
9665303,No
18436866,No
23690459,No
10583602,No
10401879,No
14544101,No
16773029,No
14718944,No
13410691,No
14221377,No
14338182,No
12648836,No
9101243,No
10095451,No
19275486,No
11888181,No
10849853,No
9268809,No
13646898,No
19051571,No
23210463,No
10995522,No
22257008,No
18246452,No
17229028,No
11652080,No
16989191,No
19859998,No
8171305,No
23111970,No
19003165,No
17543391,No
10992055,No
20107148,No
20334771,No
13133859,No
19047445,No
18060042,No
21131689,No
10448219,No
10062713,No
11917606,No
13866720,No
9926730,No
13999838,No
11507698,No
8725944,No
9437458,No
17332027,No
8862491,No
14585558,No
15221863,No
12541878,No
8348002,No
12108992,No
15381119,No
19528341,No
10161682,No
16107270,No
7722054,No
19932615,No
11321437,No
16180054,No
11834251,No
22282540,No
12843938,No
17446779,No
19169733,No
8433929,No
10308541,No
13979634,No
19087891,No
22256696,No
22350828,No
14646184,No
9212273,No
21661942,No
20451545,No
12991905,No
13986109,No
22570774,No
22059681,No
22011986,No
21742238,No
15194866,No
16064994,No
17890843,No
11543357,No
14020988,No
20789797,No
11222895,No
16509332,No
23278570,No
15413569,No
15227932,No
14211036,No
15853992,No
16706250,No
15822732,No
8933816,No
13386289,No
13015535,No
15311351,No
14975056,No
14939118,No
12746164,No
23555550,No
22318376,No
8651676,No
19188414,No
22388620,No
21292091,No
9602745,No
7977210,No
19761207,No
12827639,No
16801214,No
13921237,No
9265041,No
13375859,No
9376209,No
12114982,No
9106062,No
12189815,No
19742045,No
19430733,No
16390274,No
17210797,No
16503233,No
22576715,No
11866490,No
20593128,No
16430567,No
16580682,No
21284641,No
20027980,No
23470316,No
12278576,No
16767722,No
12662716,No
22459080,No
16093525,No
21552745,No
20230227,No
14561519,No
20385791,No
11527173,No
13398745,No
23388232,No
14994795,No
12466500,No
12826041,No
18292686,No
21159757,No
20028100,No
9558416,No
20285216,No
12603829,No
22484662,No
23617640,No
18496646,No
8300570,No
23375095,No
14190237,No
23657090,No
21465288,No
17133504,No
20573014,No
22897408,No
22443587,No
15060824,No
10690963,No
23205874,No
18598425,No
13725159,No
17604341,No
10033587,No
18361783,No
19116601,No
14547082,No
10109301,No
10518965,No
9164005,No
23628585,No
19253186,No
22282252,No
16521018,No
11597615,No
20674321,No
15185333,No
8451226,No
11233991,No
19677248,No
16345563,No
23230780,No
9003879,No
13452896,No
7881976,No
16794476,No
8894950,No
13136090,No
10376283,No
15527241,No
22868855,No
11390973,No
17836780,No
9090636,No
18636539,No
9490148,No
16709923,No
21198685,No
21236151,No
10628641,No
21343144,No
9182274,No
13823454,No
11920282,No
17484288,No
18397354,No
12092770,No
14020263,No
20297550,No
9803350,No
12071610,No
18828273,No
16034296,No
20028514,No
15014906,No
13969275,No
12913772,No
22216987,No
20225139,No
7836380,No
13812864,No
23275220,No
9845522,No
21699986,No
9739233,No
12888577,No
16265086,No
18500403,No
10856084,No
19508145,No
13844389,No
10112042,No
12861179,No
19493893,No
9677399,No
10796715,No
12758269,No
17271654,No
14051061,No
13428220,No
22653636,No
8400296,No
19182518,No
13842847,No
10645261,No
18920636,No
12769755,No
8306193,No
10622593,No
10058509,No
11021538,No
10507092,No
14294289,No
18067444,No
19385569,No
20662911,No
11766697,No
17783662,No
14804381,No
15367735,No
12090645,No
9436167,No
9791271,No
15763905,No
14341119,No
20842059,No
15065110,No
9773085,No
11934907,No
15652737,No
23275884,No
18300866,No
16565293,No
13502137,No
22211503,No
9193421,No
15407884,No
19537407,No
22169536,No
12381662,No
23161461,No
22097952,No
14891492,No
10197773,No
17858348,No
16362805,No
9355339,No
14759489,No
18149666,No
20173419,No
14663248,No
11076729,No
8024936,No
20063303,No
8670389,No
10033258,No
11640242,No
20403163,No
22165067,No
23251828,No
13389613,No
23223457,No
15911723,No
16345958,No
13225605,No
23698709,No
7592123,No
18164686,No
8208412,No
17861617,No
21259127,No
13306605,No
7708017,No
12793304,No
10903932,No
9021884,No
20190564,No
7679901,No
21823011,No
18409201,No
8004249,No
9699859,No
16124929,No
12820461,No
9392763,No
7475479,No
20557975,No
12665423,No
11637649,No
11435199,No
21262260,No
21271469,No
17678208,No
21713935,No
10134014,No
12333822,No
17869398,No
21874705,No
14654527,No
16850877,No
13082653,No
7949377,No
9573970,No
22600700,No
14939137,No
18544031,No
13085789,No
23449647,No
22989511,No
14127275,No
19652578,No
11645633,No
18979747,No
17122922,No
17205794,No
15053490,No
8318079,No
16661753,No
14695838,No
16866912,No
18268864,No
15054345,No
9517260,No
17029627,No
20287853,No
22665779,No
13007003,No
11611641,No
20241183,No
16892647,No
7650453,No
7498111,No
22084417,No
21868805,No
21142976,No
15711160,No
17733756,No
13357243,No
18040154,No
14286665,No
11988919,No
13505795,No
21953166,No
18725190,No
13969588,No
21870263,No
11888749,No
10215529,No
12693841,No
9056068,No
22093510,No
9465045,No
15894147,No
22765248,No
11335842,No
23622773,No
11399849,No
12360919,No
18584869,No
22574084,No
21630062,No
22076617,No
13760817,No
17832147,No
11515139,No
9720723,No
23581864,No
22949224,No
14587285,No
11461633,No
10027206,No
21476304,No
12656738,No
12046530,No
23289035,No
23671332,No
11340596,No
11781792,No
9703362,No
7653523,No
19867706,No
15850388,No
8053984,No
10363723,No
8704000,No
21932553,No
11242163,No
23296055,No
10422378,No
10789079,No
9563205,No
10803239,No
20602773,No
11136008,No
11318323,No
15661822,No
23073160,No
16866243,No
23538367,No
9374120,No
14734311,No
10357697,No
10411121,No
15716810,No
9639381,No
22942091,No
19105450,No
21780450,No
16334738,No
17141209,No
19307857,No
9859024,No
18453699,No
15011769,No
20460519,No
17256772,No
10963292,No
15767868,No
21803847,No
19391080,No
23586326,No
19821740,No
14412468,No
12801668,No
10726250,No
8873386,No
19355935,No
8235094,No
9089852,No
20523915,No
22972220,No
19430310,No
7573059,No
20329051,No
8878884,No
14838341,No
15071525,No
15502784,No
15409143,No
20493041,No
18677311,No
11778874,No
22408552,No
17525054,No
20260450,No
14668290,No
18413573,No
14463691,No
16727008,No
22129992,No
19412019,No
17565192,No
18169144,No
13053285,No
16223002,No
22893940,No
20785113,No
7711063,No
15123658,No
11440115,No
11000688,No
9296575,No
16217662,No
17561795,No
20946927,No
22909254,No
17982144,No
17923350,No
13921448,No
21610665,No
9302343,No
16983127,No
21525492,No
21311388,No
15771646,No
8277536,No
14950395,No
17314327,No
15406523,No
15945032,No
15238926,No
12852348,No
12564200,No
11827555,No
14227899,No
8061379,No
21034777,No
11552310,No
16934581,No
20260509,No
12763071,No
8916159,No
17124077,No
22449510,No
16014278,No
10205406,No
16498883,No
8329826,No
11030604,No
20104267,No
10916867,No
16849995,No
20826399,No
23222172,No
16868070,No
18505723,No
16197787,No
16804440,No
23139976,No
18013368,No
20293860,No
11754108,No
17204363,No
17695132,No
10387487,No
17612683,No
15003593,No
21940570,No
17669075,No
22239752,No
15666974,No
23199353,No
18362686,No
19918925,No
18547157,No
19480323,No
18642029,No
8252344,No
10325398,No
8475503,No
10050993,No
8721715,No
20262739,No
19248628,No
15756936,No
16526045,No
9256974,No
20290874,No
18305891,No
23413044,No
18396660,No
21356426,No
10416009,No
18671604,No
10833583,No
15675192,No
10087570,No
18863668,No
23677263,No
21927175,No
9689684,No
17733404,No
20321949,No
11140900,No
21079993,No
18961310,No
23193400,No
17159316,No
9096284,No
17035770,No
15527576,No
12472755,No
15424313,No
8618629,No
14519026,No
20731586,No
13686817,No
9663543,No
17650749,No
19745320,No
19913441,No
14414504,No
23711848,No
20565201,No
16143027,No
17172813,No
17854594,No
19169921,No
18492636,No
21342076,No
15213429,No
17392267,No
10237694,No
14930175,No
12086405,No
16695450,No
13363735,No
21227726,No
8293065,No
11187763,No
9588641,No
11903609,No
15751899,No
10054929,No
20560846,No
23479610,No
22050206,No
20188503,No
21588832,No
16969205,No
17922479,No
21119904,No
20246790,No
13642152,No
13436036,No
16182121,No
22716620,No
14458059,No
11503097,No
12120457,No
13890347,No
16563617,No
16130199,No
8461197,No
16856621,No
19785024,No
13285193,No
13867933,No
18463419,No
14645335,No
7994580,No
18597500,No
22305970,No
17431165,No
12459622,No
17406331,No
16039156,No
11775728,No
14144264,No
16780459,No
18824042,No
20958898,No
13152380,No
15060907,No
13298923,No
14330953,No
16182178,No
21665558,No
9083610,No
22153451,No
9198246,No
11309562,No
17450242,No
10900769,No
22933556,No
12398362,No
10533968,No
10196508,No
11661685,No
13749136,No
20434272,No
17096660,No
11996351,No
17371342,No
10260261,No
12992989,No
15974235,No
21902883,No
18174787,No
9910620,No
22528763,No
20616241,No
14260420,No
7632137,No
12790449,No
15225952,No
18553034,No
18661128,No
9361611,No
9787420,No
9577266,No
14113053,No
10502398,No
12668634,No
13652528,No
14084550,No
17126436,No
19462065,No
19241966,No
19103726,No
20487355,No
14823421,No
20186278,No
22420689,No
22862060,No
19265575,No
16210962,No
22187324,No
11604256,No
21159625,No
11864401,No
8915142,No
14569933,No
18311247,No
17420673,No
7532167,No
10336953,No
16542465,No
18509808,No
14811324,No
7799834,No
10779576,No
13221170,No
15848056,No
18530584,No
19498497,No
7983523,No
22345170,No
7623188,No
13716294,No
13510428,No
14655501,No
11653273,No
9274403,No
15972934,No
23245373,No
23587719,No
15705776,No
15795534,No
18699366,No
21313133,No
23619545,No
23117850,No
12927495,No
11938816,No
10509438,No
19949821,No
20039769,No
7887463,No
21613436,No
14030853,No
17979426,No
18956896,No
20996960,No
17394097,No
15611291,No
14727898,No
10142995,No
22913175,No
16470720,No
19068245,No
19773174,No
22989745,No
20769320,No
22086761,No
21589277,No
17169078,No
15630286,No
13375354,No
12702804,No
12099538,No
14418419,No
13310054,No
17839469,No
13953162,No
20185722,No
23327646,No
10464480,No
8267876,No
14179038,No
20542236,No
12203212,No
19858951,No
13033451,No
18207035,No
12001773,No
14982135,No
20163541,No
17197548,No
15482644,No
10528260,No
10095398,No
11389159,No
16035317,No
19991374,No
13234472,No
15997677,No
17276872,No
22637099,No
9390787,No
9424652,No
23383901,No
8300938,No
18743127,No
21062911,No
11369115,No
19221034,No
22991756,No
19503688,No
17638466,No
11964344,No
14260729,No
21097349,No
13663494,No
16226892,No
12796177,No
18302542,No
9561723,No
12652593,No
10026406,No
10428446,No
13910742,No
20079126,No
7595086,No
23025811,No
21013174,No
22089982,No
7599938,No
13712727,No
19725536,No
22639138,No
22993406,No
14129835,No
13260657,No
10065208,No
13753865,No
21544916,No
7909510,No
16915002,No
9412730,No
17636860,No
10254159,No
13362600,No
12547510,No
18410594,No
14684338,No
15013417,No
7855630,No
17042421,No
18335558,No
17929755,No
22601792,No
8329687,No
23332840,No
21366474,No
14020935,No
13679832,No
22218802,No
9088232,No
20493146,No
21658476,No
21655766,No
19515579,No
22308253,No
14245002,No
17003652,No
17317832,No
16371781,No
9340132,No
10700529,No
19887485,No
11466719,No
8422410,No
7870298,No
14753183,No
17320227,No
17301396,No
14302796,No
9995280,No
23652459,No
19901749,No
19713382,No
22314352,No
8114170,No
13263415,No
15940189,No
16282693,No
18035378,No
16971969,No
15661968,No
17187721,No
11571026,No
19215799,No
10797791,No
16461146,No
15516410,No
11251459,No
10571911,No
12689625,No
21850773,No
14420656,No
8673164,No
10911792,No
21071859,No
23718819,No
18972598,No
12197627,No
7916309,No
13557676,No
17192126,No
21245295,No
9755637,No
22023667,No
20170979,No
10399823,No
17483276,No
15111816,No
23404161,No
8032995,No
18373075,No
13995853,No
10070907,No
15266121,No
9306299,No
18603106,No
8019437,No
10116158,No
17961003,No
18667635,No
18175197,No
8967445,No
7763691,No
11138827,No
14608702,No
21256292,No
19527325,No
18078797,No
16418501,No
9980718,No
11691698,No
7476229,No
17348956,No
15062072,No
14231512,No
20451175,No
18703717,No
10944877,No
11849470,No
17472107,No
10801809,No
20144837,No
20656907,No
20122186,No
17491920,No
10356511,No
20449208,No
8983798,No
19851871,No
15182248,No
19725672,No
17360521,No
9059024,No
20097344,No
13611756,No
8082397,No
8786732,No
10712588,No
8534721,No
17915207,No
15668135,No
20399203,No
22330967,No
19171205,No
19687602,No
11058408,No
8002372,No
14463771,No
20560914,No
7583068,No
8660881,No
8194278,No
23131598,No
8483837,No
23533325,No
8383933,No
18592946,No
12478430,No
11499120,No
13002873,No
10869451,No
15836787,No
16151682,No
9811951,No
10419689,No
17695258,No
14279399,No
17772978,No
19724791,No
14568512,No
21133803,No
13537702,No
8759044,No
18124660,No
17194298,No
11844017,No
16737043,No
11699397,No
10612242,No
10483463,No
13007035,No
23575150,No
13343287,No
9040843,No
9140531,No
15125715,No
11039517,No
21850416,No
19163920,No
21365544,No
20250430,No
8990699,No
16612903,No
23241310,No
20120025,No
23732627,No
23056587,No
18522671,No
15841308,No
21545399,No
23266314,No
19273549,No
22818818,No
14983122,No
16268048,No
12788176,No
17019732,No
20148318,No
9108798,No
7864366,No
21394911,No
10579573,No
16003308,No
16851893,No
12905150,No
23143798,No
23683906,No
13062115,No
22921114,No
18181589,No
23157460,No
10011389,No
12872717,No
14233107,No
20272255,No
18660446,No
11213612,No
21732012,No
10293600,No
13425308,No
8351559,No
20714642,No
13482939,No
10189930,No
21723877,No
18568095,No
22598697,No
22387839,No
15335004,No
19143524,No
21179973,No
12975471,No
15227540,No
23102927,No
11155319,No
9025259,No
19206967,No
18370897,No
17901545,No
11045690,No
17204198,No
14306023,No
19002251,No
16165641,No
19657398,No
18597882,No
22304911,No
12344985,No
11383288,No
7908243,No
14357989,No
23172805,No
7620840,No
8445151,No
20710849,No
15886118,No
19353134,No
20942797,No
21361078,No
13690492,No
12610180,No
17476717,No
10220747,No
14850399,No
21011587,No
14472854,No
13064593,No
8806721,No
9983377,No
21306531,No
13545880,No
19502868,No
20171965,No
21291234,No
22560267,No
14526550,No
8090066,No
19569168,No
14262032,No
10198059,No
16961681,No
11213769,No
11437341,No
23710269,No
8606153,No
18295692,No
19370334,No
7641640,No
21419850,No
13476854,No
15646367,No
21292029,No
17189303,No
22539971,No
10053255,No
14772099,No
16958691,No
9430612,No
14030715,No
11113470,No
22718772,No
10653855,No
19760394,No
10220188,No
9962241,No
16374323,No
15395797,No
23118376,No
21157823,No
12833570,No
12735686,No
12795788,No
7513887,No
17107821,No
10008655,No
21199594,No
7678821,No
17907463,No
20314752,No
10167812,No
7506548,No
20327667,No
14198725,No
20894730,No
14236924,No
12405754,No
13796582,No
12934324,No
12724451,No
21312695,No
13593995,No
20103169,No
23496879,No
23338726,No
17815912,No
15585569,No
11075112,No
13677691,No
18350188,No
11180404,No
19851392,No
22356902,No
23332383,No
8806692,No
13866757,No
9679230,No
11538061,No
17640435,No
18287691,No
17958196,No
11152865,No
11809083,No
12872988,No
18295673,No
22595959,No
13733040,No
8164017,No
12404839,No
12298954,No
20625834,No
20861175,No
12136063,No
8981573,No
17019969,No
8635223,No
15677338,No
18304392,No
22825239,No
14072942,No
13405550,No
10544262,No
17959266,No
14774899,No
17867374,No
11659643,No
8672689,No
17935798,No
19023374,No
19672074,No
22793874,No
13122679,No
16275375,No
8275638,No
12774682,No
15966474,No
22076971,No
18103563,No
13457851,No
16333353,No
22709821,No
9265650,No
19666897,No
15968837,No
11086472,No
10405522,No
18428789,No
18080134,No
17965952,No
18845653,No
7479925,No
20442331,No
12710685,No
21567885,No
9065191,No
8968930,No
21921901,No
19987181,No
18203707,No
11298958,No
11170338,No
18283602,No
22289641,No
9573009,No
8280994,No
16685897,No
13080496,No
19172715,No
17234533,No
23146832,No
10918378,No
14966157,No
10951548,No
10162698,No
9131109,No
20564116,No
10515035,No
16306369,No
17824490,No
15485814,No
12665586,No
16430016,No
23148845,No
14088275,No
10162945,No
12775688,No
16957172,No
22312897,No
12734667,No
19609436,No
8323368,No
10090121,No
9557380,No
18532301,Yes
19636750,No
23450509,No
19319500,No
17633930,No
21429209,No
11724247,No
14501431,No
18791094,No
17293272,No
9975144,No
13565656,No
10398338,No
23438407,No
14269125,No
16331971,No
15882851,No
23718995,No
17945267,No
12989270,No
18076485,No
8843269,No
8521094,No
18928743,No
12786803,No
9622014,No
23410874,No
16100642,No
9282179,No
19018359,No
7477289,No
17761274,No
13954556,No
21216357,No
12885077,No
16981045,No
19605378,No
7647548,No
16044996,No
19863204,No
18253810,No
17934275,No
14465335,No
8386514,No
7818485,No
17424430,No
23159310,No
19576064,No
15932024,No
8943157,No
17683657,No
23164850,No
18889605,No
16529053,No
15310764,No
16708997,No
10683406,No
19005421,No
8560745,No
19902710,No
8249510,No
15572941,No
11945349,No
21319905,No
12018478,No
16061031,No
22553698,No
14976477,No
18361619,No
9886845,No
21252366,No
16940007,No
20826817,No
16641470,No
16857142,No
9397587,No
11455272,No
23582199,No
19893027,No
23154496,No
12251043,No
22190356,No
20032565,No
10975650,No
23352944,No
15147283,No
22478440,No
11830720,No
11152059,No
20096507,No
16567241,No
21391297,No
16579011,No
20010281,No
7531141,No
21417055,No
15747006,No
11969601,No
12681031,No
15623331,No
8828042,No
13351692,No
20599406,No
9972151,No
22230726,No
14177908,No
22846065,No
9010661,No
11963753,No
15701699,No
23712392,No
12934852,No
21702309,No
7593681,No
13822342,No
11423546,No
21647701,No
13937262,No
8693341,No
22649302,No
22102857,No
12569109,No
21797852,No
18050653,No
21570743,No
17052959,No
23719687,No
8831045,No
10564620,No
14018495,No
17165165,No
20927635,No
15939645,No
14318263,No
9236658,No
18267009,No
13403879,No
11180115,No
14245386,No
14951026,No
13598065,No
17211639,No
17703429,No
18556631,No
19500598,No
14992884,No
22051880,No
17248587,No
13458489,No
7544954,No
17786507,No
21985224,No
15310736,No
15233811,No
16796213,No
23598075,No
20333038,No
19220797,No
7505427,No
8223085,No
17503948,No
21934506,No
10861805,No
10988104,No
11208155,No
14032971,No
11339343,No
16926896,No
16204160,No
22064856,No
20667953,No
18159016,No
11340183,No
23616835,No
11640423,No
22367938,No
8933224,No
18445265,No
19545079,No
22643536,No
8618554,No
15364987,No
16929725,No
21842069,No
20003973,No
17370547,No
10494922,No
15597163,No
12552052,No
8814915,No
9730024,No
10527716,No
10997895,No
18938377,No
16592844,No
8099307,No
17655059,No
16379205,No
19798715,No
10885577,No
18070020,No
9853453,No
17407375,No
16801610,No
8738669,No
13021345,No
19721500,No
15517336,No
14350265,No
14740972,No
9666973,No
15259559,No
16310325,No
9643650,No
21616750,No
14645671,No
11248590,No
20700950,No
17457280,No
19768151,No
15159271,No
23717643,No
20231348,No
8454463,No
22459659,No
16474286,No
16352604,No
17526162,No
21515815,No
17265867,No
21669563,No
10018005,No
11283613,No
15282971,No
19634360,No
19874765,No
15412113,No
17945571,No
19301529,No
10418588,No
17549510,No
11525669,No
18702827,No
8424059,No
16281371,No
10951820,No
7950941,No
10322123,No
17752946,No
11975819,No
7480363,No
18349290,No
21621819,No
15910499,No
21745419,No
19732513,No
7655487,No
13232959,No
22097736,No
18481632,No
13031111,No
11344418,No
19406283,No
14800828,No
22189313,No
11524236,No
11395378,No
11047152,No
12349611,No
23092786,No
9026246,No
15780845,No
17385626,No
23357492,No
15358727,No
23758997,No
10114119,No
20667001,No
14931922,No
10640357,No
12987352,No
23047219,No
15878173,No
18787275,No
13056986,No
22003253,No
18300590,No
11396752,No
10744284,No
9244754,No
21628869,No
13006783,No
10071837,No
17618946,No
14788020,No
19820758,No
19675266,No
18295960,No
20211775,No
18973796,No
20221906,No
13950724,No
12276051,No
9062915,No
8733624,No
10798059,No
15307265,No
13527289,No
11296802,No
19659226,No
17631332,No
8949351,No
16102020,No
12806404,No
16408755,No
8592407,No
7670289,No
22540200,No
7711346,No
12317812,No
14120089,No
9461390,No
17071909,No
12007793,No
10186606,No
9655698,No
17894653,No
7610840,No
23574003,No
14952981,No
17376604,No
8054227,No
13307662,No
14339904,No
9500472,No
12009751,No
19939532,No
13994813,No
12737373,No
19809098,No
18169067,No
11966025,No
14353037,No
10443997,No
11519906,No
8753984,No
20157243,No
21624049,No
12811461,No
18530317,No
11485863,No
22713307,No
19621035,No
9366983,No
11229287,No
7739379,No
7711748,No
11871362,No
14094243,No
9774358,No
19425787,No
14011632,No
19108967,No
18853223,No
19161286,No
23227569,No
20562920,No
10269457,No
18167235,No
7490051,No
21466186,No
16471369,No
19599098,No
10055901,No
23524694,No
15698537,No
9799588,No
20011895,No
15175715,No
14273744,No
17039863,No
16080532,No
10889832,No
11717998,No
16002288,No
16105171,No
10407965,No
21116621,No
7782441,No
9802178,No
10863444,No
19165133,No
20771487,No
18440299,No
12689419,No
14550509,No
18947841,No
17102805,No
22888440,No
14859200,No
18424716,No
7908419,No
12631443,No
14616714,No
23000644,No
9183164,No
10348515,No
14625105,No
16874240,No
22631194,No
13648528,No
10593639,No
13843257,No
9949398,No
15667800,No
19318626,No
9017401,No
18820274,No
22431840,No
13237138,No
18678344,No
12523029,No
10053787,No
8477545,No
22236788,No
11478383,No
8860711,No
23475141,No
10232805,No
21181884,No
18581631,No
9996190,No
16069074,No
22405299,No
12547942,No
7505556,No
9295042,No
21586680,No
18583227,No
23515910,No
16233153,No
23727513,No
18272928,No
17209238,No
12896520,No
8652108,No
11857037,No
23123038,No
20002831,No
21971594,No
7762452,No
17895944,No
18263046,No
23626973,No
18592096,No
13097566,No
22345211,No
10347210,No
12010447,No
19896918,No
16277344,No
18334010,No
15382193,No
8787720,No
23220762,No
17848208,No
14351169,No
20367302,No
15262867,No
20010529,No
18715106,No
18297702,No
8687203,No
19647659,No
13604702,No
20288360,No
15386265,No
15787194,No
16226315,No
11361746,No
12993115,No
15635533,No
8964040,No
9664141,No
22726484,No
17536619,No
22631762,No
9564435,No
10739429,No
19547316,No
11118062,No
11999519,No
17030645,No
11554037,No
18958514,No
22483460,No
22154363,No
9031637,No
10561416,No
19188478,No
20411288,No
16078174,No
14484825,No
22220821,No
15226869,No
12755697,No
8719121,No
9414580,No
10039900,No
8106001,No
11012806,No
22806872,No
12276376,No
11029827,No
22902097,No
13821209,No
12990611,No
16928391,No
10580327,No
16000529,No
8428278,No
14224451,No
17738698,No
18824467,No
19558716,No
18014882,No
10928410,No
7622240,No
12559384,No
8912209,No
9902653,No
9532685,No
11102251,No
15624965,No
10632568,No
18528699,No
20470813,No
22634068,No
15504905,No
18869976,No
7732634,No
14800921,No
15404980,No
12509554,No
19558446,No
12838894,No
11232028,No
9611943,No
19306957,No
12625004,No
7522489,No
21116730,No
11487042,No
11218481,No
12570321,No
17981467,No
20737937,No
8554651,No
17498019,No
15431174,No
9004736,No
9223754,No
16259491,No
9666083,No
19057268,No
9429853,No
8496841,No
7973719,No
18291800,No
12883387,No
14135396,No
12259507,No
22423736,No
7927922,No
21835193,No
20744677,No
13297926,No
11997383,No
12613034,No
13784779,No
15595389,No
18302894,No
8085914,No
12681380,No
14117774,No
20140636,No
7764374,No
9693399,No
20411068,No
13590955,No
16013975,No
13981235,No
16205125,No
13418478,No
18696198,No
9708136,No
12007033,No
15463610,No
12691534,No
9902175,No
9700826,No
19546527,No
9460562,No
21817565,No
12115101,No
12550660,No
22353378,No
15348129,No
21788929,No
12445220,No
17256262,No
18801639,No
23611415,No
9981891,No
19492096,No
19238403,No
12650390,No
23468481,No
17008739,No
10813118,No
15624631,No
12831874,No
16578663,No
10512078,No
15029834,No
10602449,No
11214874,No
11343134,No
7652589,No
17946829,No
12721658,No
21816853,No
13020771,No
22860322,No
16167736,No
22350670,No
22248970,No
9656441,No
16009712,No
16353979,No
23450455,No
8312312,No
13669190,No
20152184,No
20702180,No
18211961,No
23402335,No
17291643,No
22495764,No
12576800,No
11590917,No
11962148,No
16907888,No
8140017,No
19358140,No
19608931,No
12907687,No
11081805,No
22322048,No
12166714,No
8194561,No
18749817,No
14153820,No
21750797,No
14644155,No
17379870,No
23184368,No
15017532,No
17776793,No
20761389,No
8599488,No
11658900,No
20920897,No
22725571,No
21605583,No
15868401,No
22295626,No
22997729,No
22039142,No
17899798,No
23067204,No
9422570,No
11892891,No
14280901,No
12863376,No
21157383,No
11534275,No
17312265,No
12610361,No
23745633,No
11564929,No
13164759,No
14853079,No
13020291,No
19842192,No
12154338,No
14556742,No
10865666,No
9379410,No
20910953,No
8916100,No
19774435,No
14826689,No
8851703,No
10379494,No
22961996,No
12957545,No
12979675,No
21590970,No
12803257,No
15158784,No
16358589,No
21361710,No
13175977,No
12135698,No
14020603,No
22901389,No
8213912,No
9431446,No
23217826,No
12044561,No
8792881,No
21930861,No
10489998,No
19322441,No
12720774,No
14305850,No
8991530,No
9029493,No
20844454,No
8300920,No
13842834,No
12577292,No
11193652,No
16216331,No
22697471,No
13447741,No
17198994,No
19358641,No
23363745,No
22336784,No
14446210,No
22558844,No
19313857,No
7678329,No
17506235,No
18127947,No
14257827,No
18826021,No
20239514,No
11514318,No
11278254,No
13781386,No
18951526,No
14395708,No
18890565,No
12976324,No
8756186,No
10561697,No
17229943,No
19667665,No
19692932,No
15529112,No
22583365,No
13022023,No
21586424,No
12977689,No
16330024,No
20164827,No
11019225,No
15969308,No
13143317,No
14671293,No
21903390,No
14017601,No
13157486,No
11004800,No
13599217,No
19351646,No
23531398,No
15440574,No
23195821,No
20221773,No
10490675,No
17876592,No
10719190,No
16939159,No
8964432,No
20315719,No
16248912,No
23336148,No
9979054,No
10323736,No
14125846,No
19905780,No
21807906,No
18855776,No
19468215,No
11022978,No
20722356,No
20761677,No
20864351,No
16476778,No
18729210,No
23306391,No
19669142,No
20500519,No
10390736,No
9302878,No
21549047,No
14012672,No
21254807,No
22530576,No
14032591,No
18661700,No
14971070,No
18026881,No
18732354,No
21678489,No
15252979,No
18889379,No
12945277,No
17429406,No
15905501,No
15436950,No
10351721,No
17912048,No
20491359,No
20989370,No
17670178,No
12508330,No
11322345,No
13571018,No
17782179,No
12821943,No
17504269,No
17529196,No
23369022,No
12927829,No
23188627,No
11302576,No
22999312,No
20269995,No
11499088,No
13421293,No
12961172,No
19296501,No
10468333,No
9694424,No
23372218,No
22829248,No
17034282,No
8429779,No
15244794,No
14081695,No
21215748,No
17083377,No
13617961,No
20338687,No
16612608,No
23650088,No
10845115,No
22672237,No
14154694,No
22437475,No
8321499,No
20769750,No
19059091,No
20205712,No
14248872,No
14398199,No
15025185,No
7517390,No
19988758,No
12782668,No
8008260,No
11209402,No
17602607,No
23721002,No
13917958,No
10297481,No
8320227,No
13122149,No
9531034,No
23372781,No
17486195,No
10794576,No
8241352,No
21643199,No
22122684,No
20657730,No
13199759,No
10850372,No
11380241,No
8282929,No
10003275,No
23031897,No
17910703,No
19254521,No
7692507,No
12184424,No
9910598,No
22253561,No
13441342,No
13208341,No
8707273,No
10675052,No
7490195,No
21034900,No
10042420,No
23423562,No
22472643,No
13875450,No
15550968,No
17517361,No
23348802,No
18910617,No
8116439,No
12536607,No
23688033,No
21939558,No
11937369,No
17939524,No
15780499,No
14097700,No
7848735,No
9995872,No
13113496,No
21760376,No
19369893,No
13209189,No
7809634,No
8636569,No
16488094,No
11613855,No
14747403,No
8960078,No
12147597,No
12336067,No
21523361,No
8707518,No
16192278,No
14875081,No
14007037,No
21918807,No
15644038,No
9617567,No
15504453,No
21770316,No
18798255,No
21236067,No
10571178,No
15183906,No
15399737,No
21949836,No
17053517,No
23350096,No
12658562,No
16972010,No
12044339,No
19014347,No
13545263,No
9010398,No
8508028,No
7588585,No
14965329,No
12570751,No
18429050,No
9480841,No
14150987,No
14792847,No
20129585,No
14170015,No
13788793,No
14814069,No
8977404,No
23082086,No
11899374,No
21679713,No
12271289,No
16371076,No
21670752,No
22679958,No
17899354,No
23522566,No
8043754,No
9618655,No
14172633,No
18842970,No
8446428,No
15274218,No
21748323,No
21206523,No
15281194,No
7481528,No
16185679,No
12142284,No
15947753,No
20414392,No
21402032,No
11298393,No
12067714,No
9087707,No
22088361,No
22546478,No
14628390,No
11063920,No
19300029,No
21103657,No
15258878,No
11722318,No
13536195,No
21576290,No
12045328,No
16494531,No
13641918,No
8310099,No
17360105,No
10851092,No
8905638,No
12407563,No
7906592,No
22045635,No
14164904,No
20134698,No
21181177,No
11981699,No
15578039,No
13387550,No
20562559,No
7522224,No
8137116,No
7819950,No
18167605,No
11957207,No
13143675,No
7920962,No
20164305,No
7537637,No
18213112,No
17716363,No
12834452,No
9732890,No
19254168,No
8699085,No
13848321,No
13152648,No
10173167,No
20508490,No
8916492,No
7714929,No
20397383,No
18943822,No
9997544,No
13248484,No
20591113,No
12193470,No
13870182,No
21886412,No
22588461,No
9008817,No
19867093,No
7799142,No
18016483,No
13601316,No
17465726,No
11174348,No
16113978,No
8301428,No
12574880,No
18685863,No
8820979,No
19147681,No
23525115,No
22863506,No
11575047,No
23314190,No
18363600,No
10903730,No
12799642,No
14930636,No
7857353,No
15913998,No
23627371,No
14871767,No
14162693,No
12450264,No
21501478,No
15731118,No
7728277,No
9046203,No
18188494,No
17647661,No
8417631,No
17660500,No
17326132,No
7489502,No
9636819,No
16973741,No
13250745,No
16311187,No
10123945,No
10504892,No
21068759,No
15016656,No
22153548,No
12399716,No
18061894,No
15889889,No
18442614,No
9051423,No
23109976,No
16001967,No
22566189,No
11678823,No
9429849,No
18001975,No
11405287,No
13532492,No
17979289,No
20144453,No
9048429,No
19469254,No
11788667,No
10727473,No
23159022,No
19216206,No
17879902,No
17180144,No
14703853,No
12620132,No
13405077,No
10316222,No
16472172,No
16602493,No
13512429,No
8320925,No
19193881,No
13192093,No
15481566,No
18249153,No
11675238,No
23285395,No
10291966,No
13247951,No
13167479,No
22816499,No
16618638,No
19534865,No
15114233,No
22735853,No
20876903,No
22613799,No
18331547,No
18806017,No
23539531,No
9264119,No
8264270,No
8363056,No
7882668,No
19348063,No
20539214,No
22138083,No
12609309,No
15495266,No
20836587,No
11611068,No
11888142,No
17833301,No
7853179,No
13182053,No
23704093,No
20185026,No
9091162,No
18015772,No
18782489,No
15872231,No
8555454,No
11569327,No
19111906,No
12008085,No
18947540,No
17153807,No
10978224,No
17370322,No
18036367,No
21203944,No
21809404,No
7585400,No
10135875,No
12136425,No
13109284,No
8856179,No
8818259,No
12794723,No
15983462,No
11757367,No
10917755,No
19216589,No
14627296,No
10255395,No
23560357,No
13091543,No
15742046,No
19405076,No
17727728,No
22715311,No
22076286,No
20483738,No
13535415,No
12114222,No
7857916,No
14774699,No
16333317,No
19945220,No
14546161,No
18585274,No
10453017,No
16132889,No
8271177,No
17687875,No
20459310,No
19005248,No
14938051,No
19423683,No
9971099,No
20497008,No
23208097,No
9996853,No
10830430,No
12844734,No
7618511,No
11461484,No
13689013,No
19772104,No
14587061,No
16138235,No
11598420,No
21549833,No
22921956,No
22190248,No
15146831,No
8583774,No
21727218,No
7729734,No
8211059,No
21980811,No
23101012,No
9741512,No
22841636,No
15769075,No
10258303,No
21308436,No
22009852,No
10172453,No
21437136,No
8216260,No
21199326,No
19144894,No
15944442,No
13268341,No
11196931,No
9818352,No
13043745,No
22802088,No
19699571,No
17925050,No
15921731,No
8997269,No
15508694,No
16066381,No
10216019,No
15639562,No
23469515,No
22886200,No
7793638,No
20492680,No
14644865,No
9335836,No
12075991,No
22751415,No
18761942,No
17768833,No
12382502,No
16344550,No
21499000,No
11413069,No
14400120,No
19599790,No
19281337,No
11324565,No
22484825,No
17815814,No
11529200,No
20268313,No
12169112,No
10229809,No
20188747,No
8602965,No
7769842,No
9373082,No
18029302,No
23109938,No
9313890,No
11781671,No
15204200,No
9598503,No
13506331,No
17230878,No
15306937,No
21544658,No
11798924,No
19457913,No
23724918,No
7872918,No
15351586,No
11307125,No
11533486,No
16662222,No
12830608,No
17523433,No
9972880,No
18257671,No
19350971,No
7643077,No
8684111,No
19256679,No
9544842,No
14873600,No
12175306,No
14565162,No
18972400,No
9816807,No
8412391,No
20848504,No
8847221,No
11122203,No
23756577,No
13482140,No
12837228,No
23652752,No
13908159,No
13434893,No
9333536,No
20779749,No
10945695,No
15890278,No
10285465,No
9526055,No
19880740,No
22917914,No
10337427,No
18024415,No
19674803,No
10749146,No
17383895,No
12318466,No
17257973,No
16762426,No
14319206,No
14258816,No
13246064,No
17295548,No
14366866,No
14099800,No
7998287,No
19579668,No
9155314,No
8335697,No
10495665,No
23479685,No
19203433,No
18390184,No
8457649,No
14659001,No
12911308,No
14826798,No
13646960,No
8345957,No
15104342,No
13031800,No
15812410,No
13376698,No
16711948,No
11953431,No
16154692,No
19443722,No
18562437,No
12292841,No
12863764,No
23036823,No
10825686,No
16398934,No
22375152,No
23222775,No
17134864,No
13277594,No
23602628,No
23503509,No
23159436,No
17427570,No
12071704,No
20174737,No
11951588,No
18954393,No
11583885,No
23136712,No
16379754,No
22101332,No
18681277,No
7517724,No
23558695,No
23721297,No
16142026,No
11496229,No
22389190,No
12127646,No
20662412,No
12353423,No
8630146,No
12813794,No
18345532,No
10616195,No
18856723,No
20105233,No
10751832,No
13635419,No
18692293,No
23497167,No
9030244,No
9614592,No
9477562,No
8123419,No
8268518,No
16466205,No
17655108,No
15566923,No
13112127,No
21530931,No
17321402,No
12169846,No
13119324,No
13948365,No
14391172,No
10289673,No
8605155,No
7516683,No
8499771,No
18810855,No
15758564,No
16479402,No
15259639,No
19538467,No
12454535,No
13508668,No
12672454,No
8482377,No
12411280,No
7731239,No
17974350,No
14621106,No
16847856,No
18408894,No
21883643,No
22605804,No
9396598,No
22452378,No
20837489,No
15297760,No
9793952,No
9275450,No
10010192,No
13249732,No
20044933,No
18491411,No
23672004,No
14160474,No
15258067,No
18483563,No
10670727,No
20597098,No
12551819,No
21031033,No
19383741,No
7753775,No
16026977,No
7615842,No
12538052,No
16150862,No
23653442,No
9272591,No
9182653,No
10291825,No
10491163,No
17365554,No
12950326,No
23522565,No
13941984,No
11360069,No
21132672,No
22637441,No
15867388,No
12119902,No
14424420,No
23130835,No
21418353,No
10236357,No
18881333,No
17418227,No
22511914,No
17348037,No
18180437,No
16928829,No
16223050,No
19026852,No
15412977,No
13022403,No
8746482,No
10036007,No
14575466,No
19178769,No
19987022,No
18623248,No
9507061,No
12424917,No
23304079,No
8705311,No
16378486,No
11548019,No
20072587,No
18001584,No
13163752,No
11689185,No
17517581,No
10281707,No
18343835,No
22955936,No
8107032,No
21303459,No
23083469,No
20656596,No
12184523,No
14960636,No
19154801,No
20336536,No
18417291,No
14685848,No
17570075,No
16060819,No
8176490,No
9480407,No
21605034,No
19714581,No
11808347,No
19204540,No
13968696,No
8416258,No
19772338,No
17036767,No
17476873,No
12074614,No
18410622,No
12162882,No
13694492,No
20355557,No
18834470,No
13049160,No
20642081,No
11017648,No
15113298,No
20748293,No
21836676,No
14333521,No
23042296,No
10940145,No
12792172,No
19683839,No
19439007,No
18506782,No
17112658,No
16230348,No
15835800,No
7774546,No
8821865,No
16246583,No
19405037,No
21565703,No
8492601,No
14969951,No
14716058,No
14443511,No
9648251,No
12318350,No
17284294,No
21154831,No
21098266,No
20927908,No
20729307,No
14560533,No
23420916,No
12665122,No
15881643,No
10122951,No
10792567,No
12984226,No
19041906,No
18442368,No
19609156,No
8641163,No
8430103,No
15073118,No
10384153,No
16259193,No
11835163,No
23367856,No
21843928,No
18669414,No
15764657,No
21909538,No
20949984,No
8571075,No
17850298,No
15306547,No
15275506,No
16477572,No
20833400,No
17334981,No
23106306,No
9571547,No
18598293,No
16976048,No
8535484,No
10347066,No
7772281,No
15958210,No
14032471,No
11717254,No
20151352,No
10879577,No
13929288,No
9527134,No
23503451,No
16270178,No
8702101,No
9636608,No
10050219,No
10597711,No
16242719,No
11335675,No
10861388,No
17559970,No
14185054,No
14315366,No
17026119,No
7521503,No
23613049,No
14650084,No
18493107,No
13922050,No
21241932,No
21784543,No
19703844,No
9939299,No
21847944,No
16780520,No
8044883,No
17870788,No
16309627,No
19908084,No
23097988,No
16782893,No
16092203,No
14462705,No
7860895,No
22430253,No
7543565,No
11986280,No
13553052,No
15320606,No
14873933,No
15745335,No
20126698,No
17509814,No
14870270,No
23062463,No
21850105,No
10541297,No
13516932,No
10545827,No
8402648,No
8695948,No
13828620,No
19291580,No
22825924,No
21553780,No
19287434,No
20774282,No
16254145,No
15695501,No
20942067,No
13279646,No
11554257,No
21331378,No
8540528,No
8656797,No
7965377,No
13313755,No
21959878,No
17839679,No
17948727,No
17245744,No
15376149,No
10843208,No
7863020,No
15161846,No
10831541,No
7617509,No
12918945,No
21699548,No
18477602,No
13640891,No
21053531,No
12941702,No
10180476,No
15966132,No
21415087,No
16045548,No
19023245,No
22962251,No
20629001,No
11868780,No
7646313,No
11644203,No
19328450,No
21477948,No
9477545,No
20559466,No
9550640,No
14522673,No
17920064,No
10411370,No
23436853,No
16289057,No
14444437,No
19967936,No
19941300,No
23589378,No
23136860,No
12505143,No
13342792,No
16995972,No
13751991,No
15596865,No
10839477,No
14034787,No
14425454,No
21100187,No
16576586,No
10483608,No
18243327,No
12520083,No
11091936,No
10979183,No
19693291,No
13687204,No
13401459,No
7978172,No
20172864,No
19340160,No
11148234,No
9880801,No
18563297,No
17180578,No
15492375,No
22490630,No
12601309,No
21901282,No
15210737,No
15375638,No
20418424,No
19861344,No
23112158,No
13998376,No
15445501,No
12264250,No
20073937,No
14209924,No
14159677,No
16897781,No
16333520,No
8066273,No
19220687,No
9760129,No
7791971,No
21864154,No
17414343,No
23239303,No
8189898,No
8251887,No
20940597,No
11231480,No
14413957,No
18687286,No
14461334,No
13302791,No
19185813,No
13714152,No
20136057,No
14351918,No
16243986,No
18983243,No
14395567,No
7813563,No
15493238,No
20915480,No
11663601,No
11320827,No
21631562,No
23049760,No
16134493,No
19359901,No
19282509,No
21287551,No
12281446,No
19241274,No
11820614,No
22038999,No
23658098,No
16296494,No
21004648,No
17878296,No
8701854,No
11488730,No
19850871,No
19768701,No
13090908,No
11283432,No
12451789,No
21511618,No
21853571,No
19968458,No
18301624,No
23187741,No
21771125,No
20645264,No
16933467,No
19463824,No
20327094,No
8608525,No
16606995,No
8841677,No
11399430,No
11434034,No
16175417,No
16498238,No
15563366,No
20225531,No
18773007,No
21113422,No
9264355,No
17144602,No
14417475,No
10766094,No
14315047,No
13854769,No
14280525,No
14212146,No
9978239,No
11919861,No
9541626,No
20344278,No
15402972,No
16022012,No
17905512,No
14542535,No
23450250,No
14425710,No
16051014,No
20019224,No
9182267,No
15389745,No
11327903,No
13498089,No
23635284,No
20053022,No
10356687,No
13688917,No
8725818,No
11501955,No
22516259,No
12658580,No
8979710,No
15145288,No
15499977,No
10813493,No
22862860,No
14947934,No
7814196,No
19575699,No
19977352,No
7683544,No
9902532,No
13233242,No
16316652,No
10203309,No
17752561,No
9172852,No
16802644,No
18405015,No
21212918,No
11795190,No
15352900,No
18134482,No
19705198,No
10284710,No
18995949,No
17846806,No
8207551,No
14586529,No
18318409,No
12127889,No
17746540,No
12901789,No
19227284,No
9517255,No
8966232,No
10629195,No
16122545,No
9086347,No
8593336,No
20232836,No
20298137,No
13125524,No
16418217,No
19877564,No
23523583,No
13991541,No
14904756,No
12983503,No
14992543,No
23101399,No
21975572,No
22534124,No
21135367,No
20286240,No
18023762,No
16973428,No
13218360,No
18502718,No
17035045,No
11862633,No
14637828,No
21514851,No
20083424,No
19269265,No
12867412,No
9473762,No
15898249,No
20848147,No
21920755,No
9532770,No
17131217,No
13187085,No
9736790,No
15850460,No
19392242,No
11337144,No
22553086,No
23729096,No
8335771,No
10574987,No
20088124,No
15643227,No
21528445,No
11526825,No
16675694,No
8571164,No
9523901,No
14561335,No
18476110,No
13944562,No
9468602,No
9439530,No
15914426,No
14885889,No
11970807,No
22330026,No
22683138,No
14405721,No
9527696,No
9776845,No
23689759,No
8071336,No
9864404,No
8372424,No
21783759,No
7940745,No
13623883,No
12280669,No
20571499,No
19327464,No
16235803,No
15649470,No
19711270,No
13728059,No
13800722,No
11350927,No
10656674,No
15064318,No
17674095,No
17208596,No
22414681,No
18037827,No
11341282,No
21417298,No
12023763,No
7809711,No
7622649,No
20710827,No
21104281,No
16542234,No
19193605,No
17618522,No
8578101,No
19043943,No
22701014,No
21090104,No
11447906,No
15451327,No
23416264,No
20456181,No
8208914,No
20229449,No
16740460,No
19643017,No
22367109,No
21404504,No
11629495,No
15160571,No
21485344,No
14699801,No
20929741,No
19421079,No
11000085,No
18282684,No
16669954,No
15664954,No
13315093,No
12233304,No
7906245,No
15275808,No
9692356,No
20282035,No
13960753,No
19011452,No
8437905,No
16338255,No
14223336,No
19963582,No
21205804,No
8833089,No
13448718,No
20083885,No
22849509,No
14884216,No
8736422,No
14189632,No
13373200,No
8844109,No
17615059,No
18340777,No
18993322,No
11821302,No
10010635,No
22542192,No
11980663,No
23626965,No
20667626,No
9847417,No
12577467,No
10347784,No
18931451,No
16767868,No
7701342,No
16474686,No
14260499,No
17941417,No
14332873,No
14948742,No
10301961,No
22734495,No
16221307,No
11510412,No
21304723,No
12004485,No
19472041,No
21972365,No
18841893,No
19428900,No
12875576,No
19478711,No
16072592,No
14438808,No
21833741,No
9218653,No
18985879,No
13655884,No
23593419,No
12126487,No
11201140,No
16220464,No
8099289,No
12537343,No
7693522,No
18719224,No
17415934,No
22060668,No
20032808,No
9281396,No
11925222,No
13676530,No
8838766,No
14607100,No
8287221,No
14256310,No
15575980,No
8695432,No
12034377,No
10529149,No
8229730,No
19888027,No
20205106,No
7859807,No
22138601,No
14099650,No
10436963,No
14682179,No
16425459,No
20311812,No
23494293,No
15383517,No
12233626,No
22069181,No
19636140,No
19612958,No
8784440,No
16399000,No
11199924,No
22839862,No
9717028,No
23144367,No
12329439,No
18799124,No
19605006,No
22561908,No
12373334,No
18073410,No
21488057,No
8288713,No
18898908,No
21636284,No
13745293,No
9015230,No
20111797,No
17064171,No
13794869,No
14629513,No
16405567,No
15007332,No
15776959,No
11997641,No
17960322,No
12700516,No
12556878,No
8803682,No
11844951,No
22639475,No
12961319,No
10322462,No
19075065,No
11536409,No
13602115,No
10864326,No
9004691,No
12729705,No
19897257,No
23036551,No
18394425,No
23333016,No
23072938,No
16765232,No
22304138,No
11665967,No
20623393,No
8068853,No
16865889,No
8651395,No
22008216,No
9263694,No
19081682,No
9568878,No
9776982,No
17837622,No
18165533,No
11400131,No
22873403,No
21750837,No
10453535,No
9836510,No
9023423,No
21944893,No
17678457,No
22868751,No
7579646,No
19878499,No
23211954,No
20707788,No
12479821,No
18704645,No
21481596,No
18051361,No
12380213,No
22714951,No
15317652,No
8557975,No
21132526,No
9088454,No
9829538,No
7771600,No
9557083,No
19094222,No
20730348,No
16714367,No
13501704,No
9534546,No
15831669,No
21822668,No
12768302,No
16144740,No
17349942,No
17147413,No
19101412,No
20314622,No
21231462,No
11251332,No
8576503,No
16066345,No
23021776,No
10564944,No
20726572,No
11003169,No
18886745,No
8779075,No
12401600,No
23103954,No
23662478,No
23248922,No
10674150,No
19686810,No
11881568,No
19620723,No
23485778,No
9469382,No
16577160,No
11455324,No
7593803,No
13825051,No
20081716,No
19089732,No
10510913,No
13235731,No
11362230,No
10193116,No
22156158,No
20113693,No
19187686,No
19542432,No
21416632,No
8826906,No
11272428,No
21490053,No
13716019,No
7625304,Yes
11022257,No
12540895,No
19891441,No
8383305,No
17935510,No
21938279,No
17259918,No
18102295,No
15211253,No
8837005,No
15082830,No
9672564,No
14891807,No
9411396,No
11286184,No
23467714,No
12276772,No
21571732,No
13191397,No
16831670,No
9150277,No
12955819,No
14515493,No
12568438,No
8626840,No
20276871,No
14676876,No
15159706,No
11850713,No
21224746,No
11614589,No
15436475,No
19848020,No
9417894,No
9877964,No
8222406,No
12930593,No
18772349,No
10380473,No
8300341,No
8082100,No
11050859,No
18514218,No
20811117,No
15840527,No
8499604,No
22393371,No
23440369,No
16996779,No
9768125,No
10152041,No
16931653,No
17510672,No
14756296,No
12116767,No
23374131,No
21538072,No
10431580,No
20517923,No
16840819,No
20695881,No
9200950,No
10278996,No
14550140,No
22095127,No
18813272,No
23273964,No
15310522,No
13657706,No
18055385,No
23692456,No
21270145,No
12185488,No
15878399,No
8595763,No
10554894,No
11311719,No
17269311,No
16945819,No
22536107,No
7560248,No
15594726,No
8527330,No
20901931,No
21151181,No
9974530,No
20243690,No
13169525,No
10011956,No
13717962,No
15460180,No
7900990,No
8555154,No
17770703,No
9093611,No
17429789,No
10144119,No
22284152,No
23090508,No
10085963,No
19463249,No
17268769,No
15943320,No
19851210,No
23373513,No
17762549,No
9170141,No
14663499,No
19769693,No
8036307,No
16054618,No
11304100,No
8044663,No
9118688,No
11047743,No
12068033,No
7936403,No
12237675,No
10258972,No
13185973,No
8878446,No
16216627,No
11423535,No
15416990,No
18767445,No
15290460,No
22006317,No
22674998,No
14737753,No
22888719,No
20900537,No
23124212,No
9067819,No
14040112,No
9296032,No
22442695,No
12127160,No
22423262,No
16946653,No
8524491,No
13386287,No
8871397,No
16766816,No
9511243,No
10469022,No
21628781,No
17443365,No
16312777,No
22801989,No
22738874,No
22459837,No
21627175,No
12378211,No
18340518,No
10724054,No
7649454,No
20861855,No
8612291,No
16509992,No
13630883,No
8064054,No
11334851,No
19446429,No
11135714,No
9866985,No
20069133,No
14324636,No
12384563,No
7809592,No
18706892,No
8826389,No
23126189,No
22998194,No
7910188,No
22482183,No
21069721,No
20024343,No
23515820,No
20142331,No
10958968,No
18993280,No
7743203,No
12535619,No
9231252,No
14600835,No
7731233,No
9988422,No
21262720,No
10732761,No
17369949,No
13434530,No
16764862,No
22569743,No
13961996,No
15637773,No
11507150,No
21721178,No
10575153,No
14611596,No
15120838,No
12386364,No
8364627,No
15101854,No
12460246,No
16616621,No
22747673,No
21008219,No
15014306,No
13507474,No
14929855,No
9444589,No
9173792,No
22475466,No
8247146,No
20513979,No
18744665,No
9246660,No
20686253,No
16897637,No
9098089,No
23654584,No
23574764,No
20960931,No
13151511,No
21256442,No
13813261,No
18893488,No
10897983,No
21953856,No
8143856,No
11081274,No
12348193,No
11143946,No
15804290,No
13033981,No
9397168,No
19870008,No
9941143,No
23052417,No
9557568,No
19460994,No
17415951,No
9934279,No
13342190,No
7769806,No
23744265,No
20326189,No
13933336,No
19571098,No
13119096,No
16397086,No
22049269,No
23710133,No
9661068,No
9612286,No
21283835,No
17185737,No
20325120,No
17588053,No
23729218,No
23750977,No
16138679,No
12600170,No
19762777,No
20514063,No
19122463,No
13208586,No
23469907,No
18764421,No
14914888,No
22042853,No
21985146,No
18851177,No
21761136,No
8723507,No
17973721,No
20937773,No
15135485,No
22850121,No
19232587,No
21290487,No
9853394,No
22417677,No
8473090,No
10456376,No
13039094,No
16751734,No
17016230,No
15488826,No
11754696,No
14479471,No
15554602,No
10443939,No
23647968,No
18163156,No
8272022,No
10822085,No
13665357,No
7752247,No
12648957,No
20766434,No
9795046,No
19447024,No
8472834,No
8835076,No
7884302,No
13413702,No
13478768,No
15899500,No
19294959,No
19983400,No
15467504,No
18051026,No
19964032,No
13120098,No
22258207,No
13971277,No
16942612,No
18561670,No
9669706,No
15308280,No
18069134,No
17739027,No
10694795,No
8170950,No
19020173,No
18309138,No
14771461,No
20784554,No
13119534,No
22821561,No
8367652,No
12634482,No
8900315,No
18811598,No
17391514,No
13303414,No
23089006,No
19480840,No
15264192,No
12466678,No
13638744,No
9546256,No
20286266,No
19673210,No
23298906,No
15658687,No
9387698,No
20240631,No
21125884,No
12344296,No
21640882,No
10705248,No
16561378,No
10314476,No
8146878,No
21855828,No
11648566,No
17271266,No
7788180,No
19640993,No
19300265,No
17109910,No
10706890,No
10795492,No
13138481,No
18204853,No
18373022,No
18422186,No
21427296,No
13580948,No
13392458,No
22289009,No
20241436,No
7771783,No
7967917,No
20206293,No
12034917,No
14651638,No
21943605,No
20007629,No
20365045,No
19365816,No
9918677,No
11107293,No
7766248,Yes
20499329,No
13195921,No
7856737,No
19466732,No
10361846,No
20393224,No
8431357,No
16924151,No
17515923,Yes
18660070,No
9714845,No
11911708,No
22366574,No
16094807,No
21584093,No
8563680,No
17974570,No
9855711,No
21881418,No
18724305,No
13567222,No
18489433,No
19503789,No
17931690,No
8867305,No
13730071,No
9448553,No
8305007,No
14483475,No
11408260,No
9686165,No
8806688,No
11909414,No
17773245,No
16536835,No
15045039,No
16461598,No
10667954,No
23092678,No
18683223,No
21475045,No
16535060,No
15591627,No
20163291,No
18600863,No
11064303,No
11645623,No
17165831,No
22834950,No
16457629,No
11321771,No
15321613,No
10917589,No
7720182,No
13537103,No
15401340,No
21391089,No
8653244,No
22140356,No
12739067,No
18544482,No
15410201,No
21657394,No
11617471,No
21662317,No
15631617,No
17975964,No
7622563,No
18200880,No
10167487,No
11715530,No
18603005,No
12951800,No
19299194,No
7812062,No
13573771,No
14720223,No
12652420,No
17859573,No
7481358,No
11675670,No
15594432,No
8690581,No
16646279,No
9002273,No
15334632,No
11178303,No
11418517,No
23269211,No
20207666,No
17475745,No
9094322,No
21338625,No
8255180,No
10065122,No
19432156,No
19715478,No
23131744,No
21095427,No
18658406,No
18131138,No
7707805,No
10767221,No
22208977,No
18654664,No
23667053,No
8821285,No
18873900,No
19368707,No
22874235,No
21970328,No
14069959,No
10592147,No
13839841,No
16439778,No
21479220,No
23185312,No
8554817,No
12216057,No
17632928,No
22566905,No
14426571,No
20527477,No
23160663,No
16418561,No
16752268,No
8052299,No
13255039,No
8651097,No
8767516,No
14981653,No
12514483,No
13026529,No
15549376,No
9753158,No
20869188,No
23144262,No
15464891,No
14146637,No
20314235,No
13965785,No
11627636,No
20045881,No
23535595,No
12703126,No
15727854,No
16307251,No
18832604,No
21261995,No
22424412,No
13171171,No
23190453,No
11955854,No
20850114,No
12778656,No
20282660,No
17750187,No
22564429,No
12827315,No
18856715,No
9210249,No
8698820,Yes
14804252,No
15093200,No
14359582,No
9758293,No
20118570,No
17430034,No
12031889,No
12145000,No
18163244,No
10940624,No
8701164,No
15355198,No
15380907,No
11971316,No
11045989,No
16066965,No
22502209,No
22602072,No
11414454,No
11179893,No
10261174,No
20737429,No
23158305,No
19055408,No
12747150,No
11925012,No
18159780,No
22900747,No
21866032,No
21262147,No
9846974,No
23648205,No
9745702,No
9966986,No
13672102,No
8999615,No
12286105,No
11944332,No
15162378,No
17225100,No
12769004,No
12331343,No
14417654,No
22764162,No
10586507,No
19714417,No
19442274,No
14722340,No
22497412,No
18043108,No
13857680,No
21652828,No
14976272,No
16416603,No
17815724,No
20720800,No
8114302,No
12031419,No
18638763,No
16798199,No
19851244,No
20964532,No
18854586,No
22848132,No
15697825,No
23541468,No
10995396,No
7799682,No
8685314,No
10239880,No
13119040,No
9672968,No
17501162,No
23495729,No
15400459,No
21444414,No
13155969,No
17437210,No
9529635,No
15003544,No
12943382,No
23352622,No
21064760,No
22818678,No
7757254,No
9369143,No
22237981,No
21151551,No
13022545,No
20146157,No
23741148,No
19867037,No
18664287,No
22628990,No
23148788,No
13212047,No
11303200,No
14162569,No
19455248,No
18341501,No
19781403,No
8989965,No
22750897,No
7504434,No
14487580,No
8943584,No
9638267,No
10380446,No
23295323,No
11886530,No
21034423,No
14211108,No
18938203,No
20758560,No
16201324,No
9920477,No
18005714,No
12554186,No
19506748,No
12309892,No
16238938,No
10463582,No
19638990,No
19663922,No
19071939,No
22453836,No
10722644,No
7970159,No
13417064,No
15522842,No
9822730,No
20054526,No
17435420,No
9147969,No
12508050,No
12215722,No
12494415,No
10937825,No
8367406,No
15272802,No
21348168,No
16721195,No
21955192,No
23396419,No
19834973,No
15439207,No
20767684,No
18080325,No
13667634,No
22419503,No
16763025,No
14738381,No
17383849,No
7947693,No
8413512,No
15141126,No
16785629,No
13078047,No
11378426,No
15760133,No
21823776,No
22530749,No
15006692,No
21823027,No
16314495,No
12473419,No
8384855,No
10410308,No
11052019,No
12802699,No
23076280,No
11440305,No
19835031,No
12094785,No
12414829,No
8711415,No
9993195,No
22707887,No
17630714,No
18195366,No
18804498,No
10023671,No
15917331,No
12848300,No
20138968,No
9898271,No
12531167,No
7717928,No
17655089,No
23079263,No
9638823,No
11465965,No
20784740,No
21433991,No
9590399,No
22969548,No
9409256,No
13509310,No
15402838,No
14710674,No
19756213,No
22935333,No
21146749,No
9811301,No
22040370,No
20458310,No
15333166,No
10022999,No
8319673,No
12240988,No
19077723,No
15554195,No
21601986,No
15032466,No
15744525,No
16303212,No
23470948,No
11623063,No
17900582,No
18388997,No
11158888,No
8250969,No
19731859,No
12133502,No
10748219,No
21326591,No
20882339,No
8246416,No
13646610,No
18272609,No
15595520,No
18301751,No
18816275,No
8117900,No
16334467,No
11363178,No
11779878,No
17191701,No
10934906,No
17741879,No
13833000,No
17446518,No
19864696,No
9874227,No
19719406,No
16928916,No
10879413,No
14161972,No
11141651,No
23366199,No
10863293,No
19681279,No
17048357,No
19843106,No
19527933,No
21964862,No
20420372,No
17274347,No
21112381,No
21734265,No
9283532,No
8132981,No
7721058,No
14801944,No
17099193,No
18992516,No
18726452,No
17348363,No
14164470,No
9255976,No
15701243,No
8540731,No
13130929,No
8889761,No
19890503,No
11123860,No
16756534,No
14605565,No
12449071,No
9103077,No
19894396,No
17500969,No
11105564,No
12463406,No
19906188,No
22112463,No
14984372,No
10402541,No
17260729,No
20382252,No
11986925,No
19542561,No
10314497,No
15103213,No
15543324,No
19026285,No
13243853,No
8204748,No
19673793,No
11698820,No
10049760,No
9760883,No
20719952,No
11707945,No
10622260,No
21079346,No
21474775,No
18925495,No
21621745,No
16951917,No
9246538,No
21795128,No
22110780,No
18089417,No
15304589,No
20161309,No
23592735,No
15596301,No
16302062,No
16568948,No
16513202,No
8641576,No
16370028,No
11278561,No
8351712,No
22256689,No
18025086,No
8911485,No
22869739,No
10139748,No
7484129,No
19114782,No
20725595,No
11728638,No
15789396,No
18816453,No
16150856,No
22649224,No
14560523,No
9483853,No
22385045,No
10868632,No
20566108,No
7739904,No
19569971,No
20015000,No
20905044,No
23422506,No
7865256,Yes
13051604,No
17057010,No
22935717,No
17296959,No
9660561,No
16545978,No
21718134,No
9115230,No
23531575,No
21839396,No
16529872,No
21897220,No
14125106,No
8324552,No
15593163,No
16442047,No
15610135,No
11249562,No
14388504,No
8550170,No
10841276,No
13494977,No
21541725,No
13902480,No
10703690,No
9018302,No
18602573,No
12917392,No
19719125,No
17031273,No
16441153,No
21032240,No
20477898,No
15696866,No
19614570,No
13283885,No
10863243,No
18525137,No
17083444,No
8619708,No
20409211,No
23193233,No
7767078,No
9899414,No
18422884,No
23073566,No
12934935,No
12591313,No
13739146,No
22739818,No
9662666,No
10918182,No
19859067,No
8327592,No
9063538,No
7675719,No
16749918,No
19029371,No
19199213,No
13972063,No
14647950,No
16165438,No
8727533,No
17421232,No
19965243,No
13163355,No
14122874,No
9156973,No
22163901,No
8784163,No
19516257,No
22667720,No
7755655,No
15933057,No
9552882,No
11707040,No
20323791,No
22864694,No
17388723,No
16406437,No
11268061,No
15071449,No
20080919,No
22313123,No
20650862,No
10361940,No
15214344,No
15450646,No
21053191,No
10896016,No
13197296,No
21051602,No
16193522,No
9011227,No
19467329,No
7488423,No
23677342,No
12673288,No
21973152,No
13218978,No
10102116,No
23392432,No
12506446,No
15845648,No
22858207,No
22356056,No
13920985,No
17749950,No
22732973,No
7871216,No
17196346,No
23754907,No
21991234,No
10180468,No
14154587,No
20428882,No
12234722,No
14651901,No
23529672,No
17905868,No
17823840,No
10202099,No
18656150,No
11385446,No
21034464,No
13429518,No
11947881,No
22072689,No
8168305,No
8443013,No
12364503,No
20266386,No
23294771,No
16780425,No
18797320,No
7614927,No
22715186,No
22453998,No
8507695,No
15345809,No
12967755,No
10673268,No
9277319,No
19836214,No
14667015,No
13210075,No
11465118,No
13128299,No
16805195,No
14754447,No
23497776,No
21513491,No
16508710,No
16896707,No
17028912,No
12360964,No
21283537,No
22226409,No
9782013,No
10666130,No
19415984,No
8646558,No
15667903,No
8398694,No
15261125,No
14578302,No
18562342,No
20072293,No
20174743,No
21428904,No
13706410,No
13064193,No
21847266,No
17481978,No
19562644,No
19096774,No
9834624,No
11057098,No
18863831,No
8844630,No
19422029,No
20218230,No
14248057,No
18129493,No
11352628,No
10466651,No
15396975,No
15104871,No
10229494,No
18508391,No
19970880,No
19604243,No
16879536,No
8500455,No
22162599,No
12895799,No
17966855,No
8514309,No
11531427,No
10695183,No
14370027,No
8714340,No
12279601,No
14446464,No
19251459,No
22322961,No
12723231,No
8025484,No
22575865,No
17264286,No
22981243,No
8649639,No
23225086,No
17657328,No
12403850,No
19122502,No
23218744,No
18803002,No
10998238,No
17291465,No
13074825,No
20417486,No
19480232,No
21135048,No
15539991,No
8017073,No
9088953,No
20866844,No
23302849,No
14306749,No
7806822,No
23490722,No
18279634,No
21890999,No
14089465,No
20645643,No
13882710,No
7637319,No
20750572,No
12975298,No
20948202,No
17333084,No
9481525,No
19286587,No
8904201,No
11316479,No
22329979,No
8434851,No
21569779,No
15520140,No
14697866,No
19629525,No
18954257,No
22164315,No
15742373,No
23753837,No
18027976,No
21954324,No
22942904,No
18783843,No
21325623,No
15747740,No
7726734,No
18208991,No
21339722,No
9516742,No
16162909,No
20629570,No
8661243,No
11294128,No
19205091,No
22440425,No
19258279,No
14078112,No
16254222,No
19395538,No
16199717,No
9022900,No
17096717,No
23107719,No
13155139,No
18689409,No
20914645,No
21082344,No
14989246,No
14877301,No
9070375,No
9584378,No
19517774,No
12406477,No
7685217,No
8395570,No
11102274,No
21160899,No
19575909,No
13141315,No
8462389,No
18119874,No
18721011,No
13778534,No
12558239,No
12949782,No
8373632,No
10778223,No
8782711,No
12802102,No
14974924,No
19381649,No
14206148,No
16070932,No
7722665,No
20589906,No
12201631,No
11493067,No
8515162,No
21874245,No
17270924,No
21717361,No
19968028,No
17849532,No
18175042,No
14951338,No
14051769,No
7975983,No
17830503,No
16703157,No
10979856,No
9291164,No
23542783,No
13414571,No
10709697,No
18725350,No
10419363,No
18869473,No
7538444,No
18448210,No
14737183,No
13968439,No
11145198,No
18297635,No
21342979,No
13246038,No
23294150,No
18968253,No
8006101,No
21085144,No
22977395,No
11448839,No
11503066,No
20111847,No
18466669,No
23326042,No
11916526,No
8294426,No
12670385,No
12398877,No
19920092,No
11575152,No
19233582,No
16876761,No
20544471,No
16848674,No
8042640,No
11134970,No
11689457,No
12001220,No
19107832,No
15482414,No
13927019,No
16277148,No
16119243,No
13822727,No
22298433,No
16279935,No
20583797,No
12909276,No
10150282,No
18105002,No
10508417,No
11865625,No
21763149,No
20344662,No
14130058,No
19480884,No
13196631,No
18426615,No
15902880,No
10161015,No
18656498,No
14559165,No
11347064,No
14828990,No
23416805,No
21696594,No
15820679,No
14452822,No
14750585,No
17810461,No
21193422,No
7588059,No
10282394,No
10363760,No
16954589,No
11100778,No
17205568,No
22179616,No
15923742,No
21758574,No
17034834,No
21919682,No
7650049,No
22035600,No
18302170,No
20319801,No
20206709,No
12021296,No
7692986,No
12615097,No
14488878,No
12026702,No
10003675,No
20278399,No
15233860,No
14626445,No
20096218,No
9145066,No
18045506,No
11229337,No
18174589,No
8468623,No
23196673,No
16224185,No
14065120,No
20295137,No
22103770,No
21106945,No
21033826,No
9300141,No
15242926,No
11773085,No
12947918,No
13843462,No
10546440,No
12585769,No
19318741,No
11670588,No
22086469,No
12150926,No
16877388,No
9114185,No
15044575,No
18972769,No
23074780,No
10102397,No
19147517,No
16220331,No
11375488,No
14956204,No
15757302,No
9641414,No
23239883,No
10454193,No
23626470,No
12953945,No
17115464,No
11792506,No
22814496,No
12544525,No
19199115,No
10211166,No
15750782,No
10890774,No
17481280,No
11144548,No
13979126,No
10827235,No
16837940,No
18363460,No
12182623,No
22311392,No
18163759,No
19410257,No
9299334,No
17667834,No
11655971,No
10709367,No
15652997,No
15075716,No
22002416,No
22169769,No
14287123,No
8426423,No
11925111,No
14589274,No
22373452,No
13909810,No
18133795,No
9405451,No
22216265,No
17994669,No
22152201,No
13043750,No
14632958,No
9624814,No
13343651,No
18787461,No
13302433,No
18758137,No
15904492,No
20988378,No
14234866,No
13839069,No
10679997,No
13544013,No
13420035,No
9844663,No
8244560,No
9612765,No
15819779,No
15971906,No
20636088,No
23133699,No
23082719,No
20305451,No
22554360,No
12731996,No
11393857,No
8515000,No
13767740,No
8665245,No
22891606,No
18335581,No
12798294,No
16520728,No
14820381,No
9900793,No
10776725,No
7634040,No
17243262,No
22602945,No
15364180,No
9393804,No
14133869,No
23487571,No
22754208,No
11628259,No
17821474,No
13530117,No
15046346,No
7836259,No
17634197,No
9857773,No
20876358,No
12273685,No
7752368,No
15951561,No
23679896,No
16848355,No
15214142,No
14848508,No
13166502,No
23332699,No
10264276,No
12119627,No
23467151,No
14503086,No
15864294,No
22168829,No
9376929,No
9159375,No
14035889,No
22734320,No
14771105,No
21140092,No
19770865,No
8483635,No
20902973,No
21031757,No
20704850,No
14585358,No
20981721,No
13683269,No
19164174,No
13739525,No
15961752,No
12109431,No
10940237,No
9405432,No
20660086,No
18595958,No
14293851,No
10849676,No
14195158,No
15337380,No
12193995,No
19925747,No
9416730,No
18963318,No
20540717,No
12002569,No
12097609,No
13702364,No
10489224,No
20654604,No
15592616,No
7516226,No
11430130,No
16334890,No
8724811,No
18941586,No
20096460,No
11317745,No
21714220,No
21977633,No
11343467,No
9417303,No
21019776,No
7501226,No
18152690,No
16282375,No
19133569,No
20641940,No
10907019,No
16330215,No
22837709,No
22631965,No
13948000,No
12778164,No
15333959,No
17124984,No
10735381,No
16376054,No
14155945,No
12902464,No
14866089,No
12832567,No
22981298,No
8600816,No
14624080,No
19377676,No
11060203,No
9498859,No
16653005,No
21633116,No
9562781,No
11282453,No
8859573,No
9218790,No
17969443,No
14068718,No
18955149,No
11170085,No
23694421,No
17769026,No
8973032,No
12066927,No
13791584,No
8235068,No
9650305,No
19269447,No
10703826,No
21679948,No
17648433,No
17452531,No
10005869,No
18952101,No
22101989,No
9646595,No
15703959,No
8261693,No
13040203,No
7916972,No
20355482,No
16151125,No
17045633,No
19214881,No
14423048,No
20959609,No
17311375,No
17348482,No
12861741,No
11072963,No
8624195,No
10748691,No
17901198,No
17348024,No
22475787,No
9364851,No
16045022,No
13657332,No
7832673,No
10976540,No
14304528,No
16410379,No
8678787,No
10082324,No
20856881,No
10754391,No
14514698,No
10122602,No
21043273,No
11421858,No
11030784,No
7978880,No
18402842,No
14378560,No
8018713,No
11949278,No
22589132,No
18692542,No
11719258,No
13963792,No
13232236,No
10812830,No
12668131,No
12382258,No
22141809,No
12816880,No
11534992,No
12280932,No
22206878,No
10465440,No
11234221,No
20568005,No
13577152,No
13885942,No
8725005,No
14618981,No
14566655,No
18889581,No
17418247,No
21856861,No
18840242,No
13360968,No
23456874,No
19546273,No
11190910,No
15506489,No
9958488,No
18717749,No
14263301,No
22793910,No
14820300,No
21438551,No
12998440,No
14293650,No
8209178,No
21013961,No
19132566,No
12864892,No
15802462,No
16892229,No
16506365,No
14165886,No
7655395,No
17361583,No
11257222,Yes
16220145,No
9256332,No
16986945,No
15859818,No
14235009,No
10928098,No
11707362,No
9562747,No
10333292,No
15447184,No
10401077,No
19333430,No
9476378,No
14227507,No
19876705,No
8573351,No
11020736,No
20414495,No
18829812,No
16413744,No
21029902,No
21483887,No
22852325,No
9940513,No
21902984,No
22881671,No
19382352,No
21729425,No
23245942,No
19490881,No
19805264,No
12628341,No
7546118,No
22958812,No
9511184,No
15148572,No
15042264,No
9422106,No
12261877,No
16741169,No
8154825,No
19119944,No
13870695,No
22319044,No
15356681,No
21518580,No
22117133,No
16113734,No
23484226,No
11630850,No
19737699,No
21063866,No
16384873,No
18231241,No
13088582,No
13190745,No
9283734,No
9906741,No
22409819,No
9436084,No
13107613,No
19809901,No
11466017,No
14115867,No
18663861,No
19978168,No
21135368,No
7820688,No
21896804,No
20733288,No
19087925,No
17739654,No
13222716,No
21261848,No
19255984,No
16795605,No
9816008,No
17784150,No
14648923,No
18941894,No
19578403,No
15488516,No
10695644,No
21640302,No
7765295,No
8793451,No
19377265,No
16457447,No
17539068,No
14985199,No
10887266,No
8747423,No
12687883,No
12615059,No
10992220,No
12893661,No
22931526,No
9902696,No
12368005,No
14721336,No
22167160,No
21594079,No
11835604,No
22019217,No
20763690,No
16622403,No
12952636,No
17735578,No
7983719,No
18629277,No
13769467,No
19830166,No
20511098,No
16938543,No
13373284,No
20429602,No
15670299,No
15422059,No
17170566,No
20467575,No
19172477,No
19249194,No
17076387,No
19236243,No
9944847,No
16293437,No
17968052,No
15385369,No
14543855,No
15571258,No
22029448,No
17005082,No
18895634,No
16278601,No
14717577,No
23117127,No
23686037,No
17974718,No
8471942,No
20786464,No
15073312,No
11089479,No
8867612,No
20483015,No
9430922,No
17322620,No
14526933,No
8604635,No
7907208,No
7763869,No
14104235,No
14450147,No
23440030,No
8521429,No
15927788,No
22296824,No
22929760,No
22321716,No
11747598,No
17101516,No
11024476,No
14846445,No
14092250,No
23367360,No
11235104,No
10353950,No
10593218,No
12372578,No
11953378,No
14291289,No
17964982,No
18937202,No
22258730,No
14813290,No
16045462,No
11332150,No
19289070,No
18536045,No
10025754,No
9097404,No
9081345,No
18241366,No
11047691,No
22929325,No
21570342,No
15326772,No
22681838,No
10931616,No
14300772,No
15588135,No
13064724,No
11973155,No
12054489,No
10512584,No
7736827,No
16134307,No
22264219,No
20685938,No
15090965,No
20117765,No
21845525,No
20556922,No
13465955,No
13597975,No
17608083,No
22449537,No
9615208,No
12104335,No
16337575,No
16440623,No
21369718,No
9940047,No
13728122,No
21019725,No
23391000,No
13005433,No
16178176,No
20111150,No
14398419,No
11901494,No
21334983,No
21039334,No
8400216,No
17679986,No
8812012,No
20494515,No
22822653,No
14509144,No
15620920,No
19482466,No
14136382,No
8811651,No
16615735,No
17715905,No
17097648,No
19035730,No
21788662,No
21098474,No
11362371,No
12613193,No
15304279,No
7485047,No
15362186,No
22995934,No
8117017,No
10490054,No
7816063,No
22410130,No
8718551,No
7881013,No
23205710,No
12708386,No
17251698,No
14032682,No
22889071,No
17317887,No
10950670,No
12148065,No
12438387,No
8712308,No
14777517,No
13159251,No
19490987,No
20152804,No
16492047,No
22820833,No
17835637,No
9381563,No
19031012,No
8719437,No
7825853,No
11752923,No
14353250,No
14806848,No
9056481,No
7671688,No
23434854,No
21217866,No
14839779,No
13548711,No
21732433,No
9162375,No
13558356,No
14406484,No
13621440,No
10976799,No
19147984,No
23123086,No
22402668,No
10217210,No
14709572,No
20335775,No
18611085,No
22982430,No
9328566,No
16503354,No
16551700,No
12963509,No
16990176,No
9597782,No
20095384,No
14976303,No
8428650,No
12203831,No
8823454,No
19587711,No
16134336,No
19326325,No
13347230,No
21059872,No
12294892,No
20535922,No
21623156,No
10813297,No
18909720,No
22223916,No
8492433,No
11188905,No
9298718,No
15428870,No
14370693,No
18241281,No
23734878,No
15083013,No
14835366,No
12977610,No
14889623,No
15738890,No
15352445,No
8101120,No
23045346,No
16862943,No
16982884,No
10285078,No
12780304,No
19339484,No
22153932,No
23169868,No
18762234,No
18917122,No
14374105,No
20308986,No
19884823,No
14609637,No
8967969,No
16528076,No
7597965,No
19560290,No
7619897,No
18480911,No
20775082,No
22246670,No
14235430,No
8002498,No
14549846,No
16634317,No
14565956,No
10228398,No
7895978,No
19314439,No
13236914,No
22647018,No
7853108,No
10718579,No
16106313,No
23182123,No
11737004,No
10596235,No
9483682,No
8377796,No
12543359,No
17557133,No
20925314,No
18208708,No
10469411,No
8379320,No
14468597,No
14036329,No
12290270,No
16722379,No
15829409,No
17368880,No
15476324,No
13428658,No
21580096,No
22819021,No
22454213,No
19148945,No
19531444,No
10224727,No
8335315,No
10624140,No
17842729,No
11559094,No
16329401,No
20988700,No
11157524,No
11232847,No
16571152,No
16801006,No
15597593,No
8269438,No
13059198,No
13878799,No
10508345,No
21913345,No
23389146,No
9790323,No
8846898,No
8112433,No
9119887,No
13934057,No
18585544,No
21766446,No
23493121,No
19970634,No
9143408,No
11949034,No
20675825,No
13423775,No
9525657,No
17413958,No
22384372,No
19965166,No
21371261,No
14364074,No
13582535,No
21716993,No
15629929,No
19874376,No
12208611,No
14409575,No
19874016,No
10742645,No
12610913,No
15821828,No
23349690,No
14328755,No
17259405,No
9927409,No
10128297,No
9287735,No
20414796,No
13848671,No
11148060,No
11474109,No
9004101,No
9792996,No
14467913,No
9366576,No
14977189,No
20396298,No
21642908,No
7936721,No
12334075,No
20290148,No
15482257,No
12422251,No
11131583,No
15858128,No
13362610,No
21397425,No
8625711,No
17630793,No
16837634,No
8866726,No
23067041,No
15962962,No
20878966,No
14666198,No
10390345,No
14821858,No
13862564,No
22683604,No
23185736,No
9873783,No
10848085,No
14636369,No
11853544,No
11721364,No
17182320,No
23733329,No
22167008,No
8371084,No
15092252,No
11863914,No
12351959,No
11524172,No
11093446,No
23300065,No
22694693,No
11830695,No
15762031,No
10656896,No
15186733,No
8525671,No
9862333,No
9001673,No
20153587,No
13548361,No
20800419,No
13516434,No
14115259,No
17047283,No
19003259,No
8813096,No
9933781,No
20834011,No
8511388,No
13071596,No
15711237,No
20502772,No
22679633,No
10550952,No
20092965,No
15038369,No
16659564,No
16599589,No
19696040,No
19185418,No
11790355,No
9292887,No
15415116,No
11200042,No
9445113,No
19636870,No
11869644,No
23694052,No
22067658,No
18586933,No
11774628,No
8625130,No
9554166,No
11798270,No
18048033,No
8206346,No
14907712,No
15875314,No
17873635,No
11731503,No
8439239,No
16535921,No
12990113,No
12412048,No
10712493,No
13086399,No
22074101,No
18519711,No
14749133,No
15355475,No
20800713,No
8149989,No
11532163,No
14720900,No
22778752,No
18750596,No
16908924,No
23043329,No
16982959,No
22304237,No
19557963,No
20175690,No
14291328,No
12353979,No
10169449,No
13452838,No
17232749,No
11700638,No
14392173,No
8939577,No
22951640,No
15714820,No
16906269,No
15997020,No
18504811,No
18319573,No
16610503,No
23559150,No
10866205,No
16445314,No
12679808,No
12960617,No
18842809,No
22229384,No
10495741,No
18111547,No
11956477,No
11511566,No
14787765,No
9450495,No
17340910,No
7518976,No
13594257,No
7619123,No
15705907,No
21255486,No
18649641,No
17631011,No
16276197,No
21482387,No
